-- MySQL dump 10.13  Distrib 8.4.0, for macos13.2 (arm64)
--
-- Host: localhost    Database: fraud_detection
-- ------------------------------------------------------
-- Server version	9.3.0

/*!40101 SET @OLD_CHARACTER_SET_CLIENT=@@CHARACTER_SET_CLIENT */;
/*!40101 SET @OLD_CHARACTER_SET_RESULTS=@@CHARACTER_SET_RESULTS */;
/*!40101 SET @OLD_COLLATION_CONNECTION=@@COLLATION_CONNECTION */;
/*!50503 SET NAMES utf8mb4 */;
/*!40103 SET @OLD_TIME_ZONE=@@TIME_ZONE */;
/*!40103 SET TIME_ZONE='+00:00' */;
/*!40014 SET @OLD_UNIQUE_CHECKS=@@UNIQUE_CHECKS, UNIQUE_CHECKS=0 */;
/*!40014 SET @OLD_FOREIGN_KEY_CHECKS=@@FOREIGN_KEY_CHECKS, FOREIGN_KEY_CHECKS=0 */;
/*!40101 SET @OLD_SQL_MODE=@@SQL_MODE, SQL_MODE='NO_AUTO_VALUE_ON_ZERO' */;
/*!40111 SET @OLD_SQL_NOTES=@@SQL_NOTES, SQL_NOTES=0 */;

--
-- Table structure for table `account_data`
--

DROP TABLE IF EXISTS `account_data`;
/*!40101 SET @saved_cs_client     = @@character_set_client */;
/*!50503 SET character_set_client = utf8mb4 */;
CREATE TABLE `account_data` (
  `account_id` int NOT NULL,
  `opened_date` date DEFAULT NULL,
  `status` varchar(20) DEFAULT NULL,
  PRIMARY KEY (`account_id`)
) ENGINE=InnoDB DEFAULT CHARSET=utf8mb4 COLLATE=utf8mb4_0900_ai_ci;
/*!40101 SET character_set_client = @saved_cs_client */;

--
-- Dumping data for table `account_data`
--

LOCK TABLES `account_data` WRITE;
/*!40000 ALTER TABLE `account_data` DISABLE KEYS */;
INSERT INTO `account_data` VALUES (103455,'2023-02-27','pending'),(105623,'2024-11-19','pending'),(105664,'2024-12-12','pending'),(106502,'2024-09-10','active'),(106749,'2023-11-01','closed'),(106846,'2023-07-31','active'),(107834,'2022-11-03','suspended'),(109110,'2022-09-20','pending'),(115093,'2024-01-25','pending'),(121614,'2024-03-15','suspended'),(121728,'2023-05-16','closed'),(121869,'2024-03-07','closed'),(123785,'2022-12-30','pending'),(124160,'2023-09-11','pending'),(125727,'2024-06-24','pending'),(128177,'2024-11-01','closed'),(129912,'2024-05-01','active'),(130360,'2023-11-24','suspended'),(133789,'2023-01-21','suspended'),(134418,'2025-01-14','pending'),(134991,'2024-12-30','active'),(135419,'2023-01-06','suspended'),(136264,'2024-11-11','pending'),(136662,'2024-12-01','closed'),(137525,'2024-04-07','closed'),(137652,'2024-05-23','closed'),(143337,'2022-11-17','suspended'),(145832,'2025-05-17','active'),(146948,'2024-05-12','pending'),(147400,'2024-06-15','pending'),(147856,'2023-09-21','pending'),(148206,'2024-02-06','pending'),(149748,'2025-03-29','suspended'),(150070,'2022-08-15','pending'),(153173,'2024-03-04','active'),(156460,'2024-01-22','suspended'),(157413,'2023-09-16','active'),(158354,'2024-11-13','suspended'),(158937,'2023-10-01','pending'),(160932,'2023-10-07','suspended'),(161632,'2023-09-30','active'),(162555,'2023-11-25','pending'),(163252,'2024-01-10','closed'),(165343,'2024-06-22','suspended'),(165832,'2023-06-11','active'),(167130,'2023-11-24','pending'),(168806,'2024-02-09','active'),(169303,'2024-10-07','active'),(169703,'2024-12-07','active'),(170135,'2023-07-02','pending'),(174493,'2023-01-14','pending'),(176411,'2023-06-14','closed'),(176870,'2024-06-10','closed'),(179021,'2024-02-21','suspended'),(186317,'2024-11-26','suspended'),(187431,'2024-11-01','closed'),(188641,'2023-12-18','active'),(190554,'2022-08-20','pending'),(193419,'2023-07-01','closed'),(194011,'2025-02-16','pending'),(196997,'2022-11-05','closed'),(199296,'2024-06-30','pending'),(199497,'2024-06-11','pending'),(201248,'2025-01-13','closed'),(201543,'2025-04-15','pending'),(202104,'2022-10-07','pending'),(203146,'2024-04-05','pending'),(205111,'2024-02-17','active'),(205291,'2024-10-26','pending'),(205546,'2025-05-23','closed'),(209225,'2023-12-16','closed'),(209961,'2023-10-24','pending'),(212060,'2023-10-01','suspended'),(214885,'2023-01-07','pending'),(216138,'2022-10-09','active'),(217260,'2023-10-12','pending'),(219967,'2023-08-09','pending'),(220731,'2023-02-17','suspended'),(221726,'2023-01-30','suspended'),(222163,'2025-02-08','suspended'),(223894,'2022-08-18','closed'),(223923,'2023-02-08','suspended'),(224711,'2024-06-19','closed'),(224796,'2023-08-03','closed'),(232470,'2025-02-26','closed'),(232835,'2025-07-17','pending'),(235169,'2025-07-16','suspended'),(238060,'2024-08-24','pending'),(241034,'2024-10-10','closed'),(241712,'2024-05-09','active'),(242938,'2022-08-22','closed'),(245658,'2022-12-18','closed'),(251494,'2025-06-23','suspended'),(252009,'2023-03-29','active'),(254555,'2024-12-12','pending'),(255450,'2025-03-01','pending'),(255972,'2024-07-08','pending'),(257455,'2024-06-12','closed'),(257616,'2022-09-14','suspended'),(263642,'2024-06-28','active'),(263862,'2022-08-07','active'),(266269,'2024-10-17','active'),(267256,'2024-01-25','pending'),(268370,'2024-03-04','closed'),(270538,'2023-02-21','active'),(273279,'2025-05-06','closed'),(273702,'2024-12-09','active'),(274530,'2022-12-28','active'),(277505,'2023-09-14','closed'),(278373,'2024-12-23','suspended'),(281309,'2025-03-26','suspended'),(284955,'2024-01-13','closed'),(285796,'2024-02-15','suspended'),(287182,'2025-02-28','suspended'),(290102,'2024-12-08','active'),(290400,'2024-01-31','active'),(291686,'2024-03-02','closed'),(293854,'2022-11-27','active'),(295048,'2024-10-10','pending'),(297762,'2022-11-17','closed'),(301548,'2024-10-18','closed'),(301980,'2022-12-25','suspended'),(302110,'2024-07-05','closed'),(303441,'2024-08-28','active'),(303442,'2024-11-22','suspended'),(305224,'2023-03-26','suspended'),(305906,'2025-03-18','closed'),(308427,'2024-07-30','closed'),(309660,'2023-10-18','closed'),(310123,'2025-01-21','pending'),(310233,'2023-08-17','pending'),(310276,'2025-03-10','active'),(310816,'2024-05-15','active'),(311103,'2023-04-28','pending'),(311785,'2024-02-18','active'),(313158,'2023-01-18','closed'),(313718,'2023-04-08','closed'),(319899,'2023-03-17','pending'),(323838,'2022-09-04','suspended'),(327818,'2024-08-20','closed'),(331539,'2023-08-06','pending'),(331899,'2025-04-21','suspended'),(333363,'2023-02-10','closed'),(335617,'2024-07-16','active'),(337480,'2024-10-16','pending'),(338577,'2024-08-29','active'),(339006,'2024-09-18','suspended'),(339787,'2023-06-21','closed'),(340992,'2024-03-28','active'),(342047,'2023-10-23','pending'),(342762,'2023-12-04','suspended'),(343479,'2024-05-04','closed'),(345693,'2024-07-27','active'),(346693,'2023-10-03','closed'),(347126,'2025-07-21','active'),(347210,'2024-03-05','closed'),(352772,'2025-05-28','active'),(354824,'2022-08-05','suspended'),(355287,'2024-05-03','closed'),(355301,'2024-12-22','suspended'),(357794,'2022-12-13','pending'),(358547,'2024-10-08','suspended'),(362338,'2024-10-02','pending'),(363039,'2023-05-30','closed'),(364235,'2025-03-09','pending'),(366648,'2023-03-14','active'),(369008,'2024-03-05','pending'),(370220,'2024-06-05','pending'),(370959,'2024-09-25','closed'),(371499,'2024-01-22','suspended'),(372323,'2023-07-22','closed'),(376448,'2025-02-02','suspended'),(377488,'2023-06-22','pending'),(379271,'2023-07-09','closed'),(380233,'2025-02-19','suspended'),(381905,'2023-04-24','active'),(383036,'2024-05-28','suspended'),(384567,'2024-01-17','pending'),(385695,'2022-11-21','active'),(389668,'2024-01-01','pending'),(391573,'2023-06-06','active'),(394520,'2024-05-06','suspended'),(394530,'2023-02-27','active'),(398815,'2022-12-16','pending'),(401569,'2025-01-08','pending'),(402742,'2025-02-27','active'),(403122,'2024-05-20','active'),(403676,'2023-10-09','active'),(403768,'2023-05-12','suspended'),(405271,'2024-09-15','active'),(408337,'2024-09-04','closed'),(408621,'2023-07-24','active'),(409854,'2023-10-09','suspended'),(411273,'2024-11-20','pending'),(411382,'2023-06-05','suspended'),(412316,'2023-06-02','closed'),(416888,'2022-08-26','closed'),(417859,'2023-08-03','closed'),(418495,'2024-07-25','pending'),(418610,'2024-02-09','closed'),(419404,'2024-08-18','closed'),(420296,'2024-07-13','pending'),(420743,'2025-07-11','pending'),(423458,'2025-06-03','closed'),(425692,'2023-09-23','suspended'),(427591,'2025-01-28','pending'),(434192,'2025-02-04','suspended'),(438720,'2025-07-25','active'),(439587,'2024-06-16','suspended'),(441655,'2023-09-01','closed'),(444587,'2025-06-15','active'),(447268,'2025-06-23','closed'),(448028,'2023-05-07','active'),(449855,'2022-08-19','active'),(450140,'2024-04-22','closed'),(451351,'2023-01-23','suspended'),(454042,'2025-01-03','active'),(454159,'2022-08-25','pending'),(455563,'2023-09-13','active'),(456745,'2023-12-05','closed'),(456933,'2024-08-25','closed'),(458031,'2025-05-03','suspended'),(460385,'2024-10-12','active'),(461176,'2024-01-18','suspended'),(463925,'2023-05-02','suspended'),(466930,'2022-10-28','pending'),(468886,'2023-11-23','closed'),(468928,'2022-10-20','active'),(469031,'2024-05-30','active'),(469941,'2025-01-08','closed'),(471998,'2025-01-26','suspended'),(472700,'2022-11-13','pending'),(475550,'2024-03-23','suspended'),(482086,'2025-02-07','closed'),(482600,'2024-05-09','active'),(486387,'2024-02-20','suspended'),(486843,'2023-08-24','closed'),(488687,'2024-04-12','active'),(494060,'2023-03-20','closed'),(494200,'2024-06-08','active'),(496047,'2023-11-25','closed'),(496818,'2024-01-21','suspended'),(499253,'2024-09-29','active'),(499692,'2025-06-17','pending'),(500393,'2024-12-16','suspended'),(504779,'2025-06-03','pending'),(508892,'2025-07-13','pending'),(509465,'2023-02-17','active'),(510432,'2024-04-16','active'),(515102,'2024-06-03','closed'),(515281,'2023-07-20','pending'),(515413,'2024-04-29','active'),(516758,'2023-05-20','closed'),(518871,'2023-09-06','pending'),(524893,'2024-08-15','pending'),(526905,'2022-08-11','pending'),(527501,'2024-07-17','suspended'),(528434,'2023-04-01','pending'),(535825,'2022-11-03','pending'),(539614,'2025-04-11','active'),(539619,'2024-11-03','active'),(539729,'2025-06-27','suspended'),(547162,'2025-04-01','active'),(552808,'2025-06-11','closed'),(557056,'2024-12-26','pending'),(557688,'2024-05-01','active'),(558455,'2025-06-24','suspended'),(558968,'2024-07-09','active'),(560755,'2023-12-01','pending'),(563030,'2022-11-17','pending'),(563411,'2022-08-14','suspended'),(571823,'2022-08-26','pending'),(572143,'2022-12-18','active'),(572981,'2023-04-07','active'),(575387,'2024-06-14','closed'),(576199,'2023-09-17','pending'),(577551,'2023-09-10','active'),(578475,'2023-07-28','pending'),(581675,'2024-06-18','closed'),(582295,'2022-09-10','pending'),(584865,'2023-01-21','active'),(585667,'2023-05-10','active'),(588728,'2024-02-12','closed'),(588889,'2023-01-25','closed'),(589068,'2023-11-13','closed'),(589765,'2025-01-11','active'),(592633,'2025-06-28','pending'),(595082,'2025-03-01','closed'),(596734,'2023-07-23','active'),(602620,'2025-05-28','pending'),(602658,'2022-12-27','closed'),(603961,'2025-01-02','closed'),(606558,'2024-09-29','pending'),(607063,'2025-07-24','closed'),(607727,'2022-09-13','active'),(609422,'2025-06-15','suspended'),(611239,'2024-04-10','suspended'),(619961,'2022-10-12','active'),(620720,'2023-12-10','suspended'),(621139,'2025-02-16','suspended'),(622302,'2024-02-08','closed'),(630131,'2023-05-12','active'),(630374,'2024-04-06','pending'),(630489,'2023-12-31','suspended'),(634448,'2023-07-03','closed'),(636910,'2025-07-04','suspended'),(637030,'2025-02-13','active'),(639839,'2022-11-27','closed'),(645680,'2025-01-28','active'),(646333,'2022-09-19','active'),(647668,'2025-04-17','active'),(651296,'2025-07-21','active'),(653955,'2024-09-18','pending'),(654121,'2024-09-12','suspended'),(657278,'2023-11-10','pending'),(658277,'2025-02-05','suspended'),(658770,'2023-04-18','active'),(658786,'2025-01-01','pending'),(660368,'2024-12-31','pending'),(661642,'2024-11-09','closed'),(663251,'2024-08-01','suspended'),(663321,'2022-11-21','suspended'),(664564,'2023-03-02','active'),(666653,'2025-04-15','active'),(667944,'2023-06-14','active'),(675211,'2023-03-24','suspended'),(676116,'2023-10-31','active'),(676222,'2023-01-02','active'),(679994,'2023-02-04','closed'),(686591,'2025-05-05','closed'),(686715,'2023-01-27','active'),(691281,'2023-07-30','active'),(691816,'2024-03-08','active'),(694316,'2025-01-11','pending'),(695409,'2025-05-26','pending'),(696350,'2023-03-20','active'),(697906,'2022-11-03','active'),(698125,'2025-06-21','suspended'),(698291,'2022-09-18','suspended'),(700398,'2025-04-28','active'),(700984,'2025-05-05','active'),(703118,'2023-06-25','closed'),(703429,'2023-05-03','closed'),(703768,'2024-04-14','suspended'),(705013,'2023-08-23','active'),(708211,'2024-12-28','active'),(709949,'2024-03-30','active'),(710098,'2022-11-04','active'),(711638,'2023-11-18','pending'),(714140,'2024-12-08','active'),(714692,'2023-08-23','suspended'),(714699,'2024-05-02','suspended'),(720611,'2024-03-09','pending'),(720652,'2023-07-22','pending'),(721674,'2023-09-18','active'),(726865,'2022-08-10','pending'),(728626,'2022-12-31','closed'),(728729,'2023-07-13','suspended'),(730501,'2025-01-05','suspended'),(732652,'2023-06-14','suspended'),(733119,'2025-02-19','closed'),(734565,'2025-04-10','active'),(741429,'2022-08-16','closed'),(741760,'2023-02-12','suspended'),(742983,'2023-11-19','pending'),(745165,'2025-05-14','suspended'),(747180,'2023-06-29','pending'),(747761,'2023-12-27','active'),(748547,'2024-12-03','closed'),(752921,'2023-01-10','active'),(753542,'2025-06-23','active'),(756083,'2023-02-23','closed'),(759248,'2024-10-16','suspended'),(762233,'2023-08-24','closed'),(762721,'2023-12-10','suspended'),(762944,'2023-04-17','closed'),(764141,'2023-04-18','closed'),(764423,'2024-05-11','active'),(765660,'2023-11-13','suspended'),(766657,'2024-04-03','active'),(772466,'2022-10-03','closed'),(772671,'2024-12-19','suspended'),(773130,'2023-02-13','suspended'),(775199,'2023-07-03','suspended'),(775478,'2022-09-12','active'),(776468,'2022-09-10','suspended'),(776734,'2023-01-17','suspended'),(778104,'2022-09-25','active'),(787019,'2024-03-24','active'),(787629,'2023-12-13','active'),(787783,'2024-12-11','suspended'),(793573,'2024-07-31','pending'),(793598,'2022-11-28','active'),(793807,'2022-08-22','pending'),(797357,'2024-07-27','closed'),(798863,'2024-04-17','closed'),(800194,'2023-08-12','pending'),(802321,'2023-05-06','pending'),(803384,'2023-03-04','active'),(803830,'2023-10-20','pending'),(804231,'2025-05-21','active'),(808644,'2025-01-08','suspended'),(810076,'2024-02-10','pending'),(811785,'2024-04-04','closed'),(813040,'2024-05-31','pending'),(814552,'2024-02-01','active'),(815524,'2022-12-04','closed'),(817364,'2023-04-11','active'),(818281,'2023-11-28','suspended'),(818446,'2024-07-12','pending'),(819176,'2023-08-27','active'),(819692,'2024-03-16','closed'),(824480,'2025-03-16','suspended'),(826667,'2024-01-05','closed'),(831883,'2025-05-29','active'),(834712,'2024-05-02','suspended'),(837723,'2024-11-02','active'),(839037,'2022-10-30','pending'),(839227,'2025-05-04','pending'),(839537,'2024-08-07','pending'),(844987,'2025-04-22','active'),(845544,'2022-08-09','suspended'),(849255,'2024-02-15','active'),(852502,'2024-12-10','pending'),(853719,'2023-10-24','closed'),(856579,'2025-05-31','active'),(856975,'2023-12-15','pending'),(857713,'2024-04-14','suspended'),(865359,'2024-10-19','suspended'),(865749,'2024-05-08','pending'),(870238,'2023-06-13','pending'),(875117,'2025-02-24','active'),(875852,'2022-10-19','pending'),(878335,'2022-11-23','active'),(878346,'2025-07-10','pending'),(880275,'2022-12-04','closed'),(880530,'2025-06-21','closed'),(881090,'2025-03-12','active'),(882895,'2023-10-30','closed'),(886021,'2024-11-02','pending'),(886626,'2024-11-15','closed'),(886839,'2024-12-10','closed'),(888298,'2024-10-23','pending'),(890754,'2024-05-25','suspended'),(892836,'2023-03-20','active'),(895058,'2025-06-14','active'),(897253,'2024-02-25','pending'),(897943,'2025-04-13','suspended'),(898312,'2024-07-27','active'),(899001,'2022-08-25','suspended'),(902286,'2024-03-03','active'),(903244,'2024-08-20','closed'),(906979,'2024-05-23','active'),(909016,'2023-11-12','suspended'),(909219,'2023-05-11','pending'),(909791,'2024-12-27','pending'),(910494,'2024-07-21','pending'),(911559,'2023-09-08','pending'),(912935,'2024-02-19','active'),(912977,'2025-02-28','active'),(915157,'2025-02-10','suspended'),(917900,'2025-06-06','closed'),(919616,'2023-10-21','pending'),(920868,'2025-03-20','active'),(921702,'2025-07-09','suspended'),(921996,'2023-08-05','active'),(924266,'2023-12-01','suspended'),(932674,'2025-06-13','closed'),(935975,'2024-04-18','pending'),(937987,'2025-01-18','closed'),(941104,'2025-06-15','closed'),(942055,'2022-09-12','closed'),(950720,'2025-04-19','pending'),(953173,'2023-08-16','active'),(953211,'2023-02-25','closed'),(956009,'2024-11-11','suspended'),(958113,'2023-08-16','active'),(962643,'2023-06-11','suspended'),(963228,'2024-12-29','active'),(965281,'2025-03-05','pending'),(968187,'2024-12-31','pending'),(968735,'2025-05-02','suspended'),(968976,'2025-05-13','suspended'),(969131,'2023-05-17','closed'),(973719,'2022-09-07','active'),(974034,'2025-01-17','pending'),(977214,'2024-05-10','pending'),(978884,'2024-08-13','suspended'),(983182,'2024-05-21','suspended'),(983401,'2024-03-31','active'),(985066,'2024-07-13','pending'),(985803,'2023-08-23','pending'),(985821,'2024-10-13','suspended'),(988094,'2023-06-13','closed'),(989213,'2024-05-17','active'),(989490,'2023-10-12','active'),(992438,'2024-04-23','pending'),(994011,'2024-09-25','closed'),(997099,'2025-04-12','active'),(999706,'2024-05-21','pending');
/*!40000 ALTER TABLE `account_data` ENABLE KEYS */;
UNLOCK TABLES;

--
-- Table structure for table `analyst_data`
--

DROP TABLE IF EXISTS `analyst_data`;
/*!40101 SET @saved_cs_client     = @@character_set_client */;
/*!50503 SET character_set_client = utf8mb4 */;
CREATE TABLE `analyst_data` (
  `analyst_id` int NOT NULL,
  `name` varchar(100) DEFAULT NULL,
  `email` varchar(100) DEFAULT NULL,
  `team` varchar(50) DEFAULT NULL,
  PRIMARY KEY (`analyst_id`)
) ENGINE=InnoDB DEFAULT CHARSET=utf8mb4 COLLATE=utf8mb4_0900_ai_ci;
/*!40101 SET character_set_client = @saved_cs_client */;

--
-- Dumping data for table `analyst_data`
--

LOCK TABLES `analyst_data` WRITE;
/*!40000 ALTER TABLE `analyst_data` DISABLE KEYS */;
INSERT INTO `analyst_data` VALUES (1,'Brittany Pineda','samuelbell@example.com','Yellow'),(2,'Nicholas Haas','rileykimberly@example.org','Red'),(3,'Brian Alexander','joshua27@example.com','Green'),(4,'Paul Adams','ismith@example.org','Green'),(5,'Christopher Paul','christiankaiser@example.org','Blue'),(6,'Desiree Hart','perezshawn@example.org','Green'),(7,'Zachary Holloway','vjuarez@example.org','Green'),(8,'Sarah Green','tabitha25@example.net','Red'),(9,'Mr. Brian Sullivan','xjohnson@example.org','Red'),(10,'Michael Price','dchan@example.com','Blue'),(11,'Madeline Williams','danielshannon@example.org','Red'),(12,'Joseph Brown','kevin86@example.com','Red'),(13,'Robert Baker','ylee@example.net','Yellow'),(14,'Donna Berger','kimberly88@example.org','Blue'),(15,'Paula Gaines','stephenbutler@example.net','Blue'),(16,'Patricia Johnson','joseph43@example.org','Yellow'),(17,'Lisa Schultz','james55@example.com','Blue'),(18,'James Stephens','james93@example.net','Yellow'),(19,'Daniel Shannon','roberthart@example.org','Red'),(20,'Michael Hall','cohenalice@example.org','Blue'),(21,'Eduardo Randall','robert31@example.com','Green'),(22,'Kathryn Johnson','brandymartinez@example.net','Yellow'),(23,'Samuel Adkins','joshuastone@example.net','Red'),(24,'Kathy Ward','mgraham@example.org','Green'),(25,'Mr. Jonathan Brown DDS','ballardlucas@example.com','Blue'),(26,'Christopher Jackson','carsonthomas@example.com','Green'),(27,'Manuel Ferrell','cathy79@example.net','Blue'),(28,'Bryan Brooks','jeffreycopeland@example.com','Blue'),(29,'Carrie Garza','christophersingh@example.net','Yellow'),(30,'Jake Page','patrick97@example.com','Blue'),(31,'Rachel Lopez','goodchad@example.com','Blue'),(32,'Elizabeth Montoya','james87@example.net','Green'),(33,'Richard Eaton','swagner@example.net','Green'),(34,'Daniel Rangel','ryanharper@example.net','Green'),(35,'Joe Huber','stephenmclean@example.org','Red'),(36,'Ashley Delgado','davidbarker@example.com','Green'),(37,'Jessica Acosta','joshua65@example.org','Red'),(38,'Chloe Ball','fdaugherty@example.org','Green'),(39,'Christine Austin','stevenlogan@example.org','Red'),(40,'James Kelly','amandajordan@example.org','Blue'),(41,'Patricia Reyes','stephenyoung@example.com','Green'),(42,'William Marks','lisa02@example.net','Green'),(43,'Brett Reid','whitewendy@example.net','Green'),(44,'Carrie Gregory','youngstephen@example.net','Red'),(45,'Andrew Nunez','fesparza@example.com','Blue'),(46,'Ricky Young','patriciacardenas@example.com','Green'),(47,'Gregory Chang','nsnyder@example.org','Blue'),(48,'Laura Salazar','angelica98@example.net','Yellow'),(49,'Christopher Johnson','colleenwhite@example.org','Red'),(50,'Richard Lin','egomez@example.com','Green');
/*!40000 ALTER TABLE `analyst_data` ENABLE KEYS */;
UNLOCK TABLES;

--
-- Table structure for table `card_data`
--

DROP TABLE IF EXISTS `card_data`;
/*!40101 SET @saved_cs_client     = @@character_set_client */;
/*!50503 SET character_set_client = utf8mb4 */;
CREATE TABLE `card_data` (
  `card_id` bigint NOT NULL,
  `account_id` int DEFAULT NULL,
  `issue_date` date DEFAULT NULL,
  `expiration_date` date DEFAULT NULL,
  `status` varchar(20) DEFAULT NULL,
  PRIMARY KEY (`card_id`),
  KEY `account_id` (`account_id`),
  CONSTRAINT `card_data_ibfk_1` FOREIGN KEY (`account_id`) REFERENCES `account_data` (`account_id`)
) ENGINE=InnoDB DEFAULT CHARSET=utf8mb4 COLLATE=utf8mb4_0900_ai_ci;
/*!40101 SET character_set_client = @saved_cs_client */;

--
-- Dumping data for table `card_data`
--

LOCK TABLES `card_data` WRITE;
/*!40000 ALTER TABLE `card_data` DISABLE KEYS */;
INSERT INTO `card_data` VALUES (1024035102316714,158937,'2025-06-24','2029-11-04','expired'),(1029842309087775,989490,'2025-02-25','2029-01-16','active'),(1057062596827870,205111,'2023-02-14','2027-03-11','active'),(1078201640149870,379271,'2024-08-25','2028-03-11','blocked'),(1088587780378575,369008,'2023-04-05','2027-06-20','expired'),(1096296729814487,376448,'2023-07-26','2028-05-11','expired'),(1154798152881509,121614,'2025-02-03','2029-05-16','active'),(1166952816151977,762944,'2023-04-20','2026-11-04','expired'),(1181472294015362,162555,'2023-02-07','2026-11-21','blocked'),(1186939855754048,714140,'2024-12-30','2028-12-11','active'),(1219170604823093,651296,'2023-09-26','2027-07-10','expired'),(1231356455121901,818281,'2022-11-14','2026-11-07','expired'),(1246811966588240,500393,'2022-09-16','2027-02-06','active'),(1258036494334125,802321,'2024-10-12','2028-02-12','active'),(1266057465042732,515413,'2024-07-24','2029-06-08','expired'),(1266255346771720,466930,'2023-09-17','2026-10-16','active'),(1292680356677356,241034,'2024-07-19','2027-09-05','active'),(1300624799422365,254555,'2023-03-18','2026-10-09','active'),(1312195638793152,968735,'2023-08-27','2027-02-08','active'),(1348357087749225,708211,'2024-01-14','2027-07-20','expired'),(1349055313959806,323838,'2024-10-30','2028-02-04','active'),(1351795528206259,968735,'2024-04-08','2028-04-03','blocked'),(1370735339736199,558455,'2024-04-20','2028-06-19','expired'),(1386829426600086,133789,'2023-11-22','2028-02-17','active'),(1396944949383686,747180,'2023-07-04','2028-03-13','active'),(1398438807122254,985803,'2025-05-20','2029-03-12','active'),(1420155811361673,295048,'2025-06-27','2028-10-24','blocked'),(1423299379202536,504779,'2024-01-18','2028-08-30','active'),(1452805733630169,133789,'2023-01-30','2027-06-25','expired'),(1453672284954104,992438,'2023-06-10','2027-10-09','blocked'),(1467273676633455,985803,'2024-03-03','2027-12-25','blocked'),(1487721283987250,499692,'2023-11-25','2028-02-10','expired'),(1498721029160389,710098,'2024-12-31','2028-03-05','active'),(1511886898199413,496818,'2025-05-14','2029-02-14','active'),(1532407762445609,857713,'2023-12-10','2028-09-19','blocked'),(1543611513902094,331539,'2024-12-05','2029-03-05','expired'),(1556013837017311,752921,'2025-02-10','2029-12-08','active'),(1557510457617727,235169,'2023-09-26','2026-12-10','expired'),(1606365025021514,741760,'2024-01-12','2028-11-03','active'),(1636241527136596,149748,'2025-05-03','2029-04-14','expired'),(1677527816016514,663251,'2023-04-16','2027-01-09','blocked'),(1690813937832404,653955,'2023-06-08','2026-11-17','blocked'),(1691481990396495,589765,'2024-09-19','2028-08-04','expired'),(1697464510692513,297762,'2024-06-08','2029-05-29','blocked'),(1698737793503748,394520,'2025-04-12','2029-10-29','expired'),(1719992612704676,149748,'2024-07-17','2029-03-27','blocked'),(1740435988110755,466930,'2023-02-24','2026-06-21','expired'),(1764575904079866,323838,'2023-08-28','2027-08-01','blocked'),(1768385279730031,339787,'2023-05-01','2027-04-09','expired'),(1818380400692382,977214,'2022-09-16','2026-04-28','expired'),(1844709844263480,950720,'2025-01-14','2028-11-14','active'),(1845631059946074,890754,'2023-08-08','2028-08-02','active'),(1850212773877414,158354,'2024-05-19','2028-07-11','expired'),(1869059102103958,290102,'2024-07-21','2027-11-22','active'),(1871175545106213,720611,'2024-12-19','2029-05-31','expired'),(1876646337589656,766657,'2025-01-08','2029-01-19','active'),(1902617207363850,857713,'2022-12-25','2027-03-06','blocked'),(1918572197940277,327818,'2023-12-30','2027-12-27','blocked'),(1923762331150815,753542,'2025-03-06','2029-08-26','active'),(1959087548896991,775199,'2022-10-03','2026-06-13','blocked'),(1969873537059579,764423,'2024-03-24','2027-04-07','active'),(1990568057159145,454159,'2023-01-21','2028-01-08','active'),(1998410087230521,186317,'2022-11-09','2026-03-25','blocked'),(2010847777139690,223894,'2023-11-11','2027-05-02','active'),(2042654927473727,500393,'2023-06-14','2026-08-01','active'),(2103229313305761,698291,'2024-06-30','2028-02-02','active'),(2127845353521699,176870,'2023-03-31','2027-02-10','active'),(2133182534516267,267256,'2022-08-05','2026-03-08','active'),(2135314244026421,819692,'2025-01-07','2028-09-23','blocked'),(2170514766695820,630131,'2023-09-16','2026-11-25','expired'),(2177088369506958,267256,'2022-09-05','2026-09-29','blocked'),(2212134984919581,577551,'2023-05-19','2028-04-13','active'),(2222882204579981,201248,'2022-10-08','2026-11-09','blocked'),(2225726078600327,762944,'2022-08-21','2027-04-13','active'),(2235383277921829,694316,'2024-07-11','2029-01-26','blocked'),(2243967517597358,174493,'2023-04-04','2028-02-17','expired'),(2268181936839406,535825,'2023-07-27','2026-08-17','blocked'),(2292011532872899,747180,'2023-08-01','2027-01-12','expired'),(2301230622126144,664564,'2023-02-01','2027-04-20','blocked'),(2313639653474032,764423,'2024-09-11','2027-11-01','expired'),(2317196024869982,297762,'2025-01-23','2028-05-14','blocked'),(2343319097392268,660368,'2025-01-04','2028-03-21','active'),(2344053342965235,420743,'2025-02-21','2028-05-26','expired'),(2344294800728206,149748,'2024-01-04','2027-03-19','blocked'),(2376599339308870,257455,'2024-09-21','2027-12-06','expired'),(2379244643354559,232470,'2023-03-08','2027-09-23','active'),(2388533530997411,661642,'2023-05-18','2027-09-13','active'),(2405814722324123,449855,'2025-04-18','2029-07-08','active'),(2407772938552213,241034,'2025-02-19','2029-03-06','active'),(2421438531937034,146948,'2024-01-07','2028-05-03','active'),(2423020435959548,245658,'2022-11-12','2026-02-18','blocked'),(2434722367538307,214885,'2023-03-29','2027-02-06','active'),(2446792667711038,886021,'2023-05-05','2027-07-19','expired'),(2453231262431500,969131,'2025-04-28','2030-04-08','expired'),(2455396742465490,577551,'2024-06-15','2027-12-11','blocked'),(2464618736081981,808644,'2023-02-02','2027-05-14','active'),(2476550901048434,973719,'2024-05-22','2028-02-23','expired'),(2487175474503201,999706,'2022-09-06','2027-05-24','expired'),(2489267483124663,169703,'2024-10-28','2029-06-27','blocked'),(2496121020642969,486843,'2024-10-24','2028-12-14','expired'),(2520713173107905,756083,'2022-09-11','2026-10-17','blocked'),(2540527648151592,408621,'2024-03-09','2027-11-28','active'),(2543654607315271,121614,'2024-04-16','2028-11-06','active'),(2548124915623529,748547,'2023-05-25','2027-11-15','active'),(2578450480865156,726865,'2023-10-28','2027-08-24','blocked'),(2593016827934840,878346,'2022-08-06','2026-02-26','active'),(2624728454686934,219967,'2023-11-13','2027-11-22','blocked'),(2641991558521498,839037,'2022-11-16','2026-04-22','blocked'),(2646811047663657,137525,'2023-06-22','2027-11-06','active'),(2666080217951335,376448,'2022-12-16','2027-04-06','blocked'),(2671904426029534,340992,'2023-11-10','2027-11-09','blocked'),(2694663659095938,290400,'2023-01-24','2027-04-05','blocked'),(2700099168742473,810076,'2024-07-06','2028-01-11','active'),(2701765883639350,773130,'2024-08-07','2029-04-06','blocked'),(2708983367841045,676222,'2024-01-06','2027-05-12','expired'),(2728120103760357,267256,'2025-05-24','2028-08-26','active'),(2728737975711035,588728,'2024-03-19','2029-02-07','expired'),(2737784332359727,814552,'2024-06-11','2028-12-22','active'),(2754968412742060,411273,'2023-04-19','2028-02-04','active'),(2756081686786508,115093,'2025-07-03','2029-06-01','active'),(2765797999220192,486843,'2022-08-10','2026-03-08','blocked'),(2788677027552047,856975,'2024-03-14','2028-10-12','active'),(2798023976479265,310233,'2025-06-11','2029-03-21','blocked'),(2808207638970133,339787,'2022-12-27','2027-02-07','blocked'),(2826961736234566,915157,'2023-11-12','2027-03-11','expired'),(2827644298435332,676116,'2022-09-26','2025-12-21','blocked'),(2857404738692711,793573,'2024-03-29','2029-01-18','active'),(2880743585251492,917900,'2024-08-07','2028-12-07','expired'),(2903476434684463,156460,'2025-05-29','2029-05-10','blocked'),(2956658226051389,839537,'2025-05-29','2028-10-25','blocked'),(2960275546686966,742983,'2022-12-26','2027-01-07','blocked'),(2970639164526592,383036,'2023-12-19','2028-11-25','expired'),(2998349854270083,384567,'2025-02-02','2028-11-04','expired'),(3026258060171981,106846,'2022-11-17','2027-06-04','blocked'),(3031574014347534,585667,'2024-11-25','2028-08-19','blocked'),(3033586319983711,494060,'2023-11-09','2028-05-26','blocked'),(3036029379883656,950720,'2025-05-28','2028-12-30','expired'),(3039846251090447,156460,'2024-04-08','2029-03-19','active'),(3044782952401799,776734,'2024-07-15','2027-09-18','blocked'),(3058243603959663,793573,'2022-12-17','2026-01-04','active'),(3058300408462647,169703,'2024-01-14','2027-08-01','blocked'),(3074611665427765,308427,'2025-03-08','2028-05-22','active'),(3086284253759504,454042,'2023-07-25','2026-12-21','active'),(3098457550616039,764423,'2024-03-29','2029-02-16','expired'),(3108429083471793,793598,'2024-01-29','2027-01-29','active'),(3108932516230238,527501,'2023-10-11','2028-07-03','blocked'),(3127955480899713,730501,'2025-01-17','2028-12-21','active'),(3146630268375597,576199,'2022-12-18','2027-08-14','blocked'),(3146989317760420,221726,'2023-04-17','2026-12-06','active'),(3171124106111826,441655,'2024-09-14','2029-01-07','expired'),(3186693508286146,912935,'2023-05-27','2027-05-22','expired'),(3186945364795679,764141,'2024-11-15','2028-07-13','active'),(3188856233127806,460385,'2023-11-16','2028-10-13','blocked'),(3204857713362644,663321,'2023-03-20','2026-12-12','active'),(3232938752139252,676222,'2024-07-24','2027-08-30','expired'),(3234626939439298,764141,'2024-10-06','2028-09-23','blocked'),(3241935222267927,663251,'2022-09-26','2025-11-15','expired'),(3244478190289624,338577,'2023-06-05','2027-01-11','blocked'),(3252757684513609,589765,'2024-12-27','2028-01-25','active'),(3257723956360414,793573,'2024-07-22','2029-06-03','expired'),(3265832983981613,310816,'2025-02-26','2029-01-26','active'),(3285031492469254,186317,'2025-02-27','2030-01-03','active'),(3297408646913553,696350,'2024-02-22','2027-02-28','active'),(3326926454725778,343479,'2022-08-22','2027-06-22','active'),(3327625975170676,950720,'2022-09-29','2027-09-13','expired'),(3338598090408775,969131,'2025-01-24','2028-04-23','expired'),(3338705801932999,133789,'2024-04-12','2027-11-07','active'),(3355030897738380,504779,'2024-01-21','2027-12-31','expired'),(3375117109010212,454159,'2023-07-04','2027-05-14','blocked'),(3385724886685426,370220,'2022-10-15','2027-08-31','expired'),(3386882574793761,950720,'2023-01-05','2027-11-03','active'),(3408215561756779,376448,'2023-12-11','2028-01-05','active'),(3413763591182346,232470,'2022-09-21','2026-09-07','blocked'),(3418245524619826,156460,'2024-03-23','2027-03-25','blocked'),(3422305736699149,992438,'2022-11-21','2026-02-22','expired'),(3441081581566759,747761,'2025-03-08','2029-03-12','active'),(3451901844997108,733119,'2023-07-20','2027-04-02','blocked'),(3458202695907564,973719,'2024-06-11','2028-04-26','active'),(3459474306902068,412316,'2022-10-16','2025-11-29','blocked'),(3489628087045807,535825,'2024-04-13','2029-02-21','active'),(3500577369371163,331899,'2024-08-26','2028-04-21','expired'),(3522140499398354,205546,'2023-01-10','2026-05-31','active'),(3524808712065246,663251,'2024-08-04','2028-03-30','active'),(3527327720124025,441655,'2025-06-09','2028-09-17','active'),(3544508757934065,775199,'2024-12-21','2029-02-25','blocked'),(3566302409480081,494060,'2023-08-18','2027-01-19','expired'),(3566408742487703,775478,'2023-01-17','2026-01-30','expired'),(3570728279921163,115093,'2023-03-23','2027-08-26','blocked'),(3587627731445065,902286,'2024-12-28','2029-02-16','expired'),(3603146498123228,596734,'2024-07-19','2028-10-25','active'),(3609843297265649,284955,'2023-08-12','2027-06-05','expired'),(3655830671261204,747180,'2023-09-16','2027-04-28','blocked'),(3655957085835641,160932,'2022-11-09','2027-08-29','active'),(3668523955900795,977214,'2025-02-17','2030-01-06','blocked'),(3685966240224338,331899,'2024-01-01','2028-07-13','expired'),(3703267853125361,482600,'2023-12-11','2027-05-27','blocked'),(3703486276908321,222163,'2025-05-14','2030-01-13','expired'),(3706235985806136,730501,'2023-09-22','2027-11-19','blocked'),(3715107524358393,752921,'2025-06-27','2030-03-23','active'),(3716881004910344,645680,'2024-06-12','2027-07-19','blocked'),(3728853923735704,651296,'2024-09-08','2029-01-20','active'),(3735199147605522,335617,'2023-06-21','2028-05-17','expired'),(3745958170242209,762721,'2023-12-04','2028-07-30','expired'),(3754560876971909,362338,'2025-03-10','2028-11-11','active'),(3756479673139777,199497,'2024-01-03','2028-03-31','expired'),(3757149930448501,345693,'2025-03-24','2028-12-13','expired'),(3757368781486592,818281,'2023-04-01','2026-10-26','active'),(3771423132811371,331539,'2023-04-26','2027-04-29','expired'),(3775757377934071,157413,'2024-02-20','2029-01-05','active'),(3791432691961171,803830,'2023-06-27','2027-07-10','expired'),(3821790708465710,775478,'2024-11-02','2028-03-01','blocked'),(3837012631611363,408621,'2024-04-07','2028-08-11','active'),(3841847732965633,875852,'2022-08-16','2027-05-02','active'),(3844626426780234,915157,'2023-12-22','2027-07-02','active'),(3844782194953787,764141,'2023-12-14','2028-02-02','blocked'),(3859801456688811,815524,'2022-09-20','2025-09-21','blocked'),(3886422684384208,357794,'2024-01-23','2027-12-15','blocked'),(3902789833025847,552808,'2022-10-04','2027-03-24','active'),(3914516137891121,810076,'2025-07-24','2029-08-17','expired'),(3919749680295730,417859,'2025-01-24','2029-05-01','active'),(3940443796085798,494060,'2023-07-16','2026-10-28','active'),(3961848707783169,742983,'2022-08-14','2027-04-18','blocked'),(3971769198177468,466930,'2023-10-30','2027-06-09','active'),(3988057881732344,886626,'2024-05-04','2029-02-20','expired'),(4030038864151998,602620,'2023-12-30','2028-05-31','active'),(4031958040529092,775199,'2025-06-25','2028-12-19','blocked'),(4052887235362527,764423,'2024-02-15','2027-12-30','blocked'),(4060500291101415,787629,'2023-09-05','2027-08-13','blocked'),(4064022267910034,411273,'2023-01-12','2026-05-19','expired'),(4067786991701233,297762,'2024-06-15','2028-01-22','expired'),(4067998716296037,176870,'2024-06-22','2028-05-12','expired'),(4071917722576595,105623,'2023-07-31','2028-07-09','active'),(4100262100639444,193419,'2023-08-15','2026-12-10','expired'),(4109640522696413,169303,'2024-02-02','2028-06-17','expired'),(4115710405661291,128177,'2023-10-04','2028-08-21','blocked'),(4117225933472850,412316,'2024-12-24','2028-05-17','expired'),(4124836128683531,539729,'2023-04-22','2026-07-25','blocked'),(4126425843687670,973719,'2025-05-28','2028-10-23','active'),(4130328879344867,728626,'2024-10-20','2027-11-01','blocked'),(4168267313762700,766657,'2024-12-15','2028-04-06','active'),(4169514422025852,105623,'2025-01-26','2029-08-14','expired'),(4170076832113519,123785,'2022-11-29','2027-05-15','active'),(4173228905382243,560755,'2024-06-10','2028-06-08','active'),(4183297772730179,255450,'2024-03-08','2027-09-04','blocked'),(4196701009787657,273702,'2023-11-02','2028-03-29','blocked'),(4280667919699680,558968,'2025-03-28','2029-05-14','active'),(4300716122354962,488687,'2022-12-06','2025-12-20','expired'),(4309870053401071,145832,'2023-01-25','2027-06-03','blocked'),(4310135125443027,589765,'2025-07-21','2030-02-15','expired'),(4324544867786863,857713,'2023-12-17','2028-01-20','active'),(4327308325645640,937987,'2024-10-15','2028-05-18','active'),(4354478431778426,496818,'2024-05-14','2028-10-15','blocked'),(4369793348993845,787629,'2022-08-05','2026-01-28','active'),(4374164391660966,278373,'2023-01-21','2026-02-22','blocked'),(4375861813183949,362338,'2023-02-28','2026-12-01','active'),(4383761839692647,978884,'2023-03-10','2027-11-17','blocked'),(4395397696106258,765660,'2023-05-27','2026-10-20','active'),(4402639850255772,578475,'2025-02-04','2029-08-05','blocked'),(4408901743239240,572981,'2023-08-10','2027-07-11','expired'),(4416030805757976,471998,'2024-07-29','2029-07-28','active'),(4429058570649233,290102,'2023-01-31','2027-08-30','active'),(4447481821533110,524893,'2022-11-14','2025-11-24','active'),(4458941877092907,134418,'2025-02-13','2028-08-14','blocked'),(4463779533945071,645680,'2025-02-20','2028-06-22','active'),(4483570693179087,301980,'2022-11-09','2026-02-17','expired'),(4483918894726194,268370,'2022-12-24','2027-12-07','active'),(4491436081844991,714140,'2024-03-27','2028-06-20','active'),(4502776703654744,660368,'2023-03-14','2027-07-06','expired'),(4571973279012829,924266,'2024-07-13','2028-05-11','blocked'),(4593879476638024,528434,'2023-03-16','2026-07-16','blocked'),(4601340965791191,461176,'2023-11-05','2027-08-16','expired'),(4655338909061128,221726,'2023-01-31','2026-07-07','expired'),(4664254603280347,803830,'2024-09-11','2029-08-14','blocked'),(4665863306122689,875852,'2024-08-08','2028-09-06','expired'),(4670228764325262,892836,'2024-10-17','2029-02-24','active'),(4688022505655345,504779,'2024-09-15','2028-10-20','blocked'),(4710383222898044,267256,'2025-06-15','2029-03-07','blocked'),(4754707694438301,787629,'2022-09-09','2025-12-11','expired'),(4755219035692313,133789,'2024-01-11','2027-09-16','blocked'),(4761485432128596,153173,'2024-05-16','2029-01-02','blocked'),(4771445015029011,106502,'2023-04-14','2027-11-13','blocked'),(4780821261570610,875852,'2024-11-16','2028-04-13','blocked'),(4781055675273335,903244,'2022-12-23','2027-03-24','expired'),(4790009876608376,308427,'2025-05-04','2028-07-02','expired'),(4794613817688069,403122,'2024-08-17','2029-03-19','active'),(4811284800420671,441655,'2023-08-30','2028-03-04','expired'),(4836631718101696,123785,'2025-03-08','2029-01-05','expired'),(4854630967999491,134418,'2025-07-18','2029-02-02','active'),(4867635113489876,499253,'2024-12-04','2028-05-14','expired'),(4874656283924147,285796,'2025-02-21','2030-01-19','active'),(4885327153193071,748547,'2024-08-26','2028-01-12','expired'),(4890304548772830,886021,'2025-04-13','2029-05-17','blocked'),(4893071823562867,808644,'2024-04-01','2027-06-20','active'),(4910365858379103,469941,'2024-12-22','2028-06-16','blocked'),(4911463798412176,808644,'2025-02-09','2029-01-07','blocked'),(4945612595929009,539619,'2024-04-08','2027-12-09','expired'),(4984255436015510,575387,'2022-11-03','2026-12-15','expired'),(4984476673600793,205546,'2024-02-18','2027-05-08','active'),(5004923794744542,819692,'2024-06-05','2027-06-20','blocked'),(5054038611811802,539619,'2022-09-08','2026-09-13','active'),(5054507984327197,575387,'2023-09-08','2027-12-01','active'),(5079117335326842,637030,'2023-11-01','2027-04-14','blocked'),(5112036796971818,106749,'2025-03-06','2030-01-01','active'),(5123405078358673,963228,'2024-10-16','2029-01-08','expired'),(5127822050262074,214885,'2024-06-08','2027-11-06','expired'),(5133872466190340,924266,'2023-12-29','2027-07-12','blocked'),(5136734701315920,499253,'2023-05-12','2027-05-16','blocked'),(5137747903293507,571823,'2023-06-13','2027-10-07','blocked'),(5149035372792715,596734,'2023-03-19','2027-11-01','active'),(5168933317490345,129912,'2024-02-29','2029-01-03','blocked'),(5169498907997633,741429,'2024-06-25','2029-05-26','blocked'),(5170056104205933,762721,'2024-10-11','2029-06-03','active'),(5187188905909944,882895,'2025-01-01','2029-11-26','active'),(5188204826497680,697906,'2025-04-15','2028-06-20','blocked'),(5226123780484614,145832,'2024-06-24','2028-02-22','expired'),(5244610907777840,419404,'2024-12-25','2029-08-27','expired'),(5284994480121505,839037,'2025-03-02','2028-05-02','active'),(5288615757520855,454159,'2022-08-25','2026-06-13','expired'),(5296909030960554,188641,'2025-03-02','2029-03-14','expired'),(5310241046269699,695409,'2023-12-07','2028-04-06','blocked'),(5315165100960006,153173,'2023-01-11','2027-12-14','blocked'),(5324849933812408,651296,'2023-08-10','2027-03-20','blocked'),(5328451589598453,176411,'2022-09-01','2026-03-11','active'),(5362799733588296,912935,'2024-12-18','2029-09-25','expired'),(5395308696726370,584865,'2022-09-08','2026-09-30','active'),(5398774272257138,242938,'2023-08-08','2027-03-24','expired'),(5409630748761036,741429,'2024-02-04','2028-06-03','active'),(5418424800284945,558968,'2023-04-12','2026-09-23','active'),(5448944596128114,335617,'2023-05-09','2028-01-28','expired'),(5482552316651330,965281,'2022-12-22','2026-08-21','active'),(5484834669150788,999706,'2025-01-13','2029-04-19','expired'),(5502029002346766,524893,'2024-11-09','2029-05-19','expired'),(5504341770663440,295048,'2023-11-22','2026-12-14','active'),(5518867250834755,552808,'2024-08-31','2028-09-19','blocked'),(5535837101034782,461176,'2023-09-30','2028-01-14','blocked'),(5542373143864015,232835,'2025-07-23','2029-09-24','active'),(5545748908795596,439587,'2024-06-29','2028-07-10','blocked'),(5547836754535480,994011,'2024-03-21','2027-09-28','active'),(5550677062663753,572143,'2023-12-01','2027-08-17','expired'),(5559204929003103,667944,'2024-10-08','2029-05-27','blocked'),(5562791301753747,137525,'2023-11-15','2028-09-15','active'),(5563746719844233,728729,'2023-10-09','2028-08-25','blocked'),(5571632741739480,844987,'2023-03-15','2026-04-05','expired'),(5574161101825552,741429,'2024-09-18','2027-12-05','expired'),(5583195054445556,460385,'2022-11-28','2026-11-30','expired'),(5591107608216966,186317,'2023-11-14','2026-12-05','expired'),(5595163056673036,886626,'2023-10-15','2027-09-28','blocked'),(5605986424902580,826667,'2025-06-13','2029-01-07','blocked'),(5606381253903960,176411,'2024-02-19','2028-05-02','blocked'),(5630675388198364,880530,'2025-05-04','2029-06-02','active'),(5647699118941256,496818,'2023-03-04','2027-04-22','expired'),(5650720211132516,179021,'2023-07-16','2026-09-09','active'),(5662784256809621,765660,'2023-06-11','2027-06-22','expired'),(5671929100450292,831883,'2022-12-06','2026-02-07','blocked'),(5681920067533212,123785,'2023-01-14','2027-07-29','blocked'),(5683975838039395,552808,'2024-03-01','2028-02-09','blocked'),(5704900856968472,362338,'2022-10-16','2027-04-05','active'),(5755288515106632,969131,'2025-05-07','2028-06-15','expired'),(5769061883412405,919616,'2024-11-28','2028-02-23','expired'),(5771320024154659,813040,'2022-08-02','2027-02-19','expired'),(5774761067373390,772671,'2023-10-06','2027-09-24','expired'),(5781804379364631,831883,'2023-05-06','2026-10-15','blocked'),(5795682509510431,709949,'2024-04-07','2029-03-09','active'),(5809677600240378,266269,'2022-11-21','2027-04-14','active'),(5813420661176390,153173,'2023-01-14','2026-05-05','blocked'),(5827019023684025,499692,'2022-12-22','2026-08-16','active'),(5831755945398867,978884,'2023-10-03','2027-04-05','active'),(5839454673125324,660368,'2023-02-12','2026-04-18','expired'),(5853045513623924,985066,'2023-10-27','2027-07-21','active'),(5862263774781450,676116,'2023-04-27','2027-08-06','active'),(5864476990148140,339006,'2023-10-06','2027-01-21','blocked'),(5871054942172584,515281,'2023-03-16','2027-07-07','blocked'),(5874888285990519,266269,'2025-04-03','2029-02-16','expired'),(5897681221563246,524893,'2023-03-10','2028-02-26','expired'),(5905258502837070,778104,'2025-05-24','2029-05-20','blocked'),(5905352111914864,516758,'2023-02-22','2026-09-21','active'),(5920648190382530,539619,'2024-04-08','2028-02-17','expired'),(5922559873199818,441655,'2022-12-16','2026-03-15','blocked'),(5932560444998009,645680,'2023-01-06','2026-09-18','blocked'),(5948223792955232,376448,'2024-08-25','2028-12-19','blocked'),(5948765015173269,630489,'2022-09-15','2026-09-10','blocked'),(5955922976574964,654121,'2023-07-25','2027-11-03','expired'),(5966826207968970,676222,'2023-09-09','2028-04-21','expired'),(5980927232792253,621139,'2025-06-05','2028-09-12','blocked'),(5982460315567020,803830,'2023-10-27','2026-12-24','expired'),(6002384489190157,133789,'2024-12-20','2029-01-16','blocked'),(6003777004027776,741760,'2024-08-21','2028-06-26','active'),(6010782948185823,153173,'2024-10-13','2029-08-08','blocked'),(6026159818143960,703429,'2023-11-27','2027-03-21','blocked'),(6035080584613767,176870,'2023-05-16','2027-12-03','expired'),(6051679698396905,295048,'2024-07-14','2028-11-14','active'),(6054611445712179,106846,'2023-01-12','2027-10-23','active'),(6056411993669257,106846,'2022-08-20','2026-09-22','blocked'),(6071029331329079,800194,'2024-12-27','2029-01-10','blocked'),(6077267644818867,468928,'2025-02-26','2028-11-03','active'),(6083090608684246,134418,'2024-08-02','2029-06-02','expired'),(6087529050026856,201248,'2023-10-20','2028-08-31','blocked'),(6124194947278542,800194,'2025-01-13','2029-03-15','blocked'),(6131819778648609,695409,'2024-06-08','2027-09-10','active'),(6134617764561928,509465,'2023-04-15','2027-05-22','active'),(6180263355451589,267256,'2024-09-17','2029-06-18','active'),(6181284032794295,973719,'2024-10-30','2028-04-27','expired'),(6236077206751564,297762,'2024-05-13','2028-02-15','expired'),(6236375030329829,762721,'2025-02-01','2028-12-06','blocked'),(6244426538539695,664564,'2023-03-12','2027-07-12','blocked'),(6255989452293276,697906,'2022-08-19','2025-08-18','blocked'),(6275219256296184,558455,'2023-05-07','2026-08-24','blocked'),(6275493407621075,852502,'2023-04-05','2026-05-18','active'),(6310177336193890,106749,'2025-04-28','2028-05-19','blocked'),(6341846481979709,985821,'2023-02-16','2027-05-01','blocked'),(6354674113625594,985821,'2024-10-25','2028-08-23','blocked'),(6372267777327509,978884,'2023-05-15','2028-02-24','blocked'),(6390916247158436,408621,'2023-02-28','2027-11-27','expired'),(6409524300515943,170135,'2024-01-23','2028-01-15','active'),(6414700056105538,134991,'2025-03-30','2029-02-19','blocked'),(6424985971644990,515413,'2025-03-04','2028-05-03','expired'),(6426235742418812,363039,'2023-06-13','2026-10-24','expired'),(6431223497235248,658770,'2025-03-25','2029-04-11','blocked'),(6469100169046524,311103,'2025-03-03','2028-11-23','expired'),(6473002535861915,686715,'2025-05-05','2028-10-21','expired'),(6479463740627375,983401,'2022-07-27','2025-08-16','active'),(6553903132756759,412316,'2023-10-31','2028-05-23','blocked'),(6558169822645074,319899,'2022-11-18','2027-05-30','blocked'),(6578921647754438,403122,'2022-10-02','2027-02-13','active'),(6589174517642592,630131,'2023-07-24','2026-08-18','active'),(6609485315815980,205546,'2024-05-23','2027-08-07','active'),(6628470714277212,752921,'2024-05-09','2028-03-20','active'),(6642075506268734,637030,'2025-06-06','2029-02-11','blocked'),(6647156362588953,137525,'2024-07-26','2029-06-09','active'),(6649057762746425,698291,'2025-01-21','2029-02-04','expired'),(6685258011759782,158354,'2025-04-07','2028-06-07','blocked'),(6724963123761232,997099,'2022-09-16','2025-11-04','blocked'),(6745388281441223,221726,'2025-03-18','2030-01-10','blocked'),(6746656408366268,263642,'2024-12-13','2028-08-18','active'),(6748118616697297,471998,'2025-02-01','2028-12-08','expired'),(6806043605852510,412316,'2024-04-24','2028-10-27','blocked'),(6808559636201757,290400,'2023-09-01','2027-04-05','blocked'),(6857254221097013,844987,'2025-01-19','2028-09-17','expired'),(6879613819056601,335617,'2024-08-20','2029-07-07','blocked'),(6882030492661724,730501,'2025-03-29','2030-01-18','blocked'),(6899767292394951,176870,'2023-05-12','2026-06-05','expired'),(6956763075905229,815524,'2024-03-05','2028-10-16','active'),(6972900115404368,235169,'2025-01-26','2029-10-09','blocked'),(6988066814039209,875852,'2023-09-17','2027-06-28','active'),(6996231387059078,932674,'2023-04-10','2027-11-07','active'),(7010879329727152,810076,'2022-12-15','2026-10-31','expired'),(7017776572379008,733119,'2022-08-06','2027-01-04','active'),(7019222255996204,346693,'2025-03-09','2028-05-10','blocked'),(7020125066771086,319899,'2025-05-23','2030-04-12','active'),(7031778724851489,295048,'2024-03-15','2027-06-27','expired'),(7036345943067771,338577,'2025-03-04','2029-05-22','blocked'),(7063874371495284,661642,'2023-04-12','2027-04-13','expired'),(7066696216471308,268370,'2025-03-03','2028-12-23','blocked'),(7074005870118147,109110,'2023-05-28','2028-01-16','expired'),(7078839254903317,572981,'2022-08-26','2027-04-16','active'),(7098474048026565,285796,'2023-01-18','2027-07-09','active'),(7106869022683056,576199,'2025-07-14','2029-05-01','active'),(7119758973444426,535825,'2024-02-20','2027-03-28','blocked'),(7134763964807436,418610,'2022-08-15','2027-07-13','blocked'),(7140127596990508,417859,'2025-05-04','2029-10-09','expired'),(7158103671588786,985821,'2024-10-31','2029-06-14','blocked'),(7162443767590233,331539,'2024-04-24','2027-06-11','expired'),(7170535657425490,169703,'2022-12-21','2026-02-02','active'),(7174859118987523,563030,'2024-12-12','2028-07-30','expired'),(7188447913801690,762944,'2024-05-29','2028-09-11','blocked'),(7237203489328726,686715,'2024-02-11','2028-10-01','expired'),(7295920501679349,882895,'2024-10-29','2028-05-30','expired'),(7317437599592953,886021,'2023-01-16','2027-11-13','active'),(7324629827677933,857713,'2025-05-12','2029-09-09','expired'),(7343801540820077,752921,'2024-12-16','2029-04-28','expired'),(7346286090362097,339787,'2024-06-15','2028-01-18','blocked'),(7368095368621847,199497,'2025-06-27','2029-05-10','expired'),(7380107383845354,747761,'2023-10-10','2027-09-04','expired'),(7380997962657984,675211,'2022-08-28','2025-09-23','blocked'),(7396805594113382,775199,'2023-06-18','2027-07-24','active'),(7433038305799184,653955,'2024-12-06','2028-04-07','blocked'),(7454635116686870,170135,'2024-12-27','2028-01-20','active'),(7460098527755207,441655,'2025-02-26','2028-03-28','expired'),(7465835493312264,205546,'2023-02-13','2026-06-26','active'),(7490812819561183,808644,'2023-05-27','2027-08-28','expired'),(7504629139359504,989213,'2023-08-07','2027-08-03','expired'),(7507662701951915,766657,'2024-02-18','2028-07-19','active'),(7517316137375756,802321,'2025-06-18','2029-01-30','blocked'),(7536607780575377,252009,'2023-07-27','2027-07-18','blocked'),(7541366051236894,912935,'2023-09-28','2027-02-02','expired'),(7548740352692288,577551,'2025-04-06','2028-08-14','blocked'),(7548961207915218,589068,'2023-04-28','2027-07-01','active'),(7564429204141860,515281,'2023-02-17','2026-11-05','active'),(7566852697239101,880275,'2024-02-04','2028-09-18','blocked'),(7594300004012241,162555,'2024-03-09','2028-01-16','active'),(7599331757523722,878346,'2023-07-09','2026-08-27','expired'),(7605823968428176,149748,'2023-07-31','2027-09-12','expired'),(7607688764335222,778104,'2023-06-25','2026-12-25','expired'),(7613773735226494,691281,'2023-03-15','2026-08-20','expired'),(7618826651934181,686591,'2022-10-28','2026-07-19','blocked'),(7642828504278486,347210,'2023-10-24','2027-01-29','active'),(7681726972592239,377488,'2024-08-27','2029-02-20','blocked'),(7692969867752158,255450,'2025-05-26','2028-12-25','expired'),(7715096867589356,703768,'2022-08-10','2025-08-10','blocked'),(7721183367423606,516758,'2025-07-14','2028-09-05','blocked'),(7734329066720305,903244,'2022-12-15','2026-04-07','blocked'),(7744441771964554,469941,'2023-06-03','2027-10-03','expired'),(7752450265386915,728626,'2023-09-30','2028-06-05','expired'),(7770169198652764,381905,'2024-07-25','2028-05-15','expired'),(7773881063566088,552808,'2023-08-04','2027-01-03','active'),(7778713259181944,219967,'2023-06-20','2026-10-09','expired'),(7782786314865721,308427,'2023-11-03','2026-12-11','expired'),(7830294062303398,439587,'2022-09-10','2027-09-02','blocked'),(7857375317464493,775199,'2024-02-18','2028-09-02','expired'),(7866654977334129,277505,'2022-11-02','2027-10-01','active'),(7876246261654612,602658,'2024-07-28','2027-11-12','expired'),(7880318646792045,500393,'2023-06-02','2027-10-25','blocked'),(7901467386993979,686591,'2025-01-01','2028-05-20','active'),(7905683494372734,425692,'2023-06-23','2027-04-25','active'),(7933386177430358,434192,'2024-03-23','2027-07-20','active'),(7935863229958380,831883,'2023-04-02','2026-05-26','active'),(7938151028472104,176411,'2025-07-10','2029-06-10','expired'),(7967207968894227,932674,'2023-01-12','2026-04-28','active'),(7967569741699057,143337,'2024-05-28','2028-02-19','blocked'),(7989807642837740,515413,'2023-10-22','2027-10-23','active'),(8007510638379633,268370,'2025-07-22','2029-08-26','blocked'),(8018311129080297,985803,'2023-11-03','2026-12-21','expired'),(8021515217182294,676116,'2025-02-22','2028-07-19','active'),(8024930321846788,134991,'2024-12-06','2029-11-01','expired'),(8029194229939854,420743,'2023-11-14','2026-12-03','blocked'),(8029588552740567,254555,'2023-08-17','2027-09-19','blocked'),(8030356060766871,469941,'2025-02-26','2028-09-13','expired'),(8034432409624913,158937,'2024-01-31','2028-11-09','blocked'),(8038786478133317,752921,'2022-07-28','2027-06-13','active'),(8041965050162293,813040,'2023-05-25','2028-01-21','expired'),(8048589860864270,179021,'2023-06-06','2028-05-24','active'),(8058341465057542,581675,'2025-05-28','2028-09-04','expired'),(8062200074324213,137525,'2024-11-11','2027-12-10','blocked'),(8072202932619085,696350,'2024-03-26','2029-02-26','blocked'),(8103510622662043,892836,'2025-07-08','2029-08-28','blocked'),(8124452042804860,865749,'2023-02-14','2026-12-08','active'),(8131604992960025,412316,'2025-06-23','2030-02-04','blocked'),(8141535735112245,708211,'2025-04-08','2029-04-06','active'),(8146640039951197,311103,'2024-06-29','2028-04-23','blocked'),(8148390098597758,130360,'2022-09-10','2026-01-12','active'),(8153700480647614,357794,'2023-11-21','2027-11-07','blocked'),(8154362514752720,741429,'2024-07-11','2028-06-28','active'),(8160892894363619,937987,'2023-09-17','2026-11-21','active'),(8176665110745350,528434,'2025-05-15','2028-05-24','expired'),(8183237182992003,186317,'2023-12-11','2027-11-15','active'),(8188305262329532,143337,'2023-12-06','2028-11-09','blocked'),(8195121828617665,500393,'2025-07-09','2029-10-29','blocked'),(8200406122681775,695409,'2023-08-29','2028-08-26','blocked'),(8209348436613827,347210,'2024-05-05','2027-08-20','active'),(8225504921423826,759248,'2022-10-19','2027-01-27','blocked'),(8284471150560202,741760,'2025-07-23','2029-11-17','active'),(8285092211164305,890754,'2024-10-04','2029-08-09','blocked'),(8312369072433456,585667,'2023-09-05','2026-09-17','expired'),(8344445952588566,509465,'2022-12-03','2026-05-25','blocked'),(8345868383660388,454042,'2022-11-08','2027-09-14','expired'),(8361066243346561,510432,'2024-07-19','2028-11-25','expired'),(8384555532482856,935975,'2024-08-05','2028-06-11','expired'),(8392216580433500,398815,'2024-09-13','2028-12-06','blocked'),(8418631367302107,654121,'2022-09-20','2026-06-17','active'),(8419022076731992,694316,'2025-01-18','2029-02-16','active'),(8421721378043604,793598,'2023-04-27','2028-01-26','expired'),(8431292156684658,214885,'2023-02-13','2027-01-06','expired'),(8455623406700182,921702,'2023-02-04','2026-10-17','blocked'),(8459742492413345,115093,'2023-06-23','2027-05-20','blocked'),(8471056297991627,660368,'2023-09-26','2026-12-21','blocked'),(8476902694378084,775478,'2023-06-08','2027-10-15','expired'),(8482276325650546,130360,'2023-05-11','2028-04-26','blocked'),(8485429245584498,686715,'2025-02-21','2028-09-15','expired'),(8486146427423203,515413,'2023-10-11','2028-02-04','active'),(8492933753427356,223894,'2025-01-21','2029-08-15','expired'),(8518184537880127,343479,'2023-09-12','2026-09-26','active'),(8530774566768431,363039,'2024-07-29','2029-07-13','blocked'),(8540373040983526,223894,'2023-01-07','2026-10-30','active'),(8553334202918741,115093,'2024-02-08','2028-02-06','expired'),(8562822711029441,105623,'2024-05-26','2028-11-21','active'),(8577285245155284,589068,'2023-10-04','2028-03-17','blocked'),(8582973053388483,417859,'2023-07-23','2027-12-01','active'),(8583055723685974,714699,'2023-09-14','2027-03-10','expired'),(8621790592179585,915157,'2025-02-25','2028-04-25','active'),(8622654764564558,697906,'2025-03-10','2029-01-19','blocked'),(8628624515627122,471998,'2024-10-11','2027-11-13','expired'),(8629561970409339,588728,'2023-03-09','2027-09-21','blocked'),(8632709028160538,663321,'2022-10-05','2026-06-19','blocked'),(8661422974937112,962643,'2023-02-01','2028-01-31','blocked'),(8669788408141617,254555,'2025-05-16','2029-08-09','active'),(8674757983956284,146948,'2024-08-28','2028-11-14','expired'),(8679369645696353,162555,'2024-06-26','2027-07-08','expired'),(8682768429742258,106749,'2024-04-01','2028-02-14','blocked'),(8683117243588757,376448,'2024-02-15','2028-11-18','blocked'),(8715203112073468,158354,'2023-07-22','2027-01-29','active'),(8764910799319904,875117,'2023-10-10','2027-09-01','expired'),(8770421833909559,895058,'2023-05-02','2028-01-28','active'),(8776272911671712,585667,'2024-05-07','2028-07-19','blocked'),(8784072297500135,585667,'2024-05-31','2027-08-25','expired'),(8796428587496082,803384,'2023-03-04','2028-01-12','blocked'),(8806519432097550,162555,'2025-06-10','2028-11-18','blocked'),(8840501090433029,762721,'2022-10-25','2027-10-15','expired'),(8840861393240302,301980,'2022-07-31','2026-01-31','blocked'),(8851882196154780,398815,'2023-12-11','2027-06-11','active'),(8854505166719467,441655,'2023-06-30','2027-05-31','expired'),(8869691664091204,205546,'2023-05-11','2027-02-23','active'),(8869831570941557,899001,'2025-06-09','2029-11-25','active'),(8876573345431122,602620,'2024-06-16','2029-04-07','expired'),(8878069499514753,347210,'2022-11-16','2026-03-06','expired'),(8906013788334593,589068,'2022-12-10','2026-08-24','active'),(8924279004001060,575387,'2024-05-05','2029-01-04','blocked'),(8929663551259546,965281,'2022-08-07','2026-01-07','expired'),(8929931777105954,310233,'2023-06-03','2028-05-30','active'),(8932116109935001,223894,'2023-10-22','2028-07-20','expired'),(8950292636931228,486387,'2024-03-18','2027-11-26','expired'),(8950917046523304,804231,'2024-12-11','2029-03-06','expired'),(8980954537158176,418610,'2024-07-09','2027-12-24','active'),(8991642349439756,802321,'2024-07-28','2028-06-27','blocked'),(8992398000832238,602620,'2024-04-16','2028-03-17','blocked'),(9018229501523338,588889,'2023-06-11','2027-03-27','blocked'),(9022713808888645,137652,'2024-02-11','2028-04-24','expired'),(9045899796752731,355301,'2023-07-10','2028-04-24','active'),(9056640181281792,630489,'2023-06-01','2027-01-03','active'),(9096645716201883,223894,'2023-03-09','2027-09-03','blocked'),(9110743762231793,273279,'2025-01-21','2029-06-25','blocked'),(9116287226754469,201248,'2025-05-24','2029-04-20','blocked'),(9117274711006764,941104,'2022-11-03','2026-08-20','active'),(9129636384502910,133789,'2025-07-03','2030-05-27','blocked'),(9166326398340562,169703,'2024-05-17','2027-08-29','active'),(9171672821742574,882895,'2022-09-05','2025-09-10','blocked'),(9171906150806113,516758,'2024-12-16','2028-09-17','blocked'),(9187415575706310,581675,'2023-01-16','2026-06-30','active'),(9214332486644986,588889,'2023-10-20','2027-10-02','active'),(9229274650481472,150070,'2022-08-25','2025-09-04','expired'),(9238315878872721,762944,'2024-09-14','2028-11-11','blocked'),(9251541063156272,362338,'2024-04-18','2029-04-09','expired'),(9255663622066395,268370,'2023-08-25','2027-12-26','expired'),(9315635667408325,150070,'2024-12-27','2028-03-27','blocked'),(9319900855778452,408621,'2024-12-12','2028-08-10','expired'),(9334243797305835,935975,'2023-10-12','2027-05-19','blocked'),(9339247211001435,284955,'2024-06-14','2027-10-22','expired'),(9358964509437403,752921,'2024-04-13','2029-03-18','blocked'),(9359686748515405,886021,'2023-05-08','2027-05-03','active'),(9378486007428193,285796,'2023-09-27','2027-02-22','active'),(9378812719726953,394530,'2023-01-23','2026-04-08','blocked'),(9385690886147580,193419,'2024-01-10','2028-07-03','blocked'),(9434076806236427,865749,'2024-03-17','2027-10-17','expired'),(9447465078616586,989213,'2024-02-02','2027-08-21','blocked'),(9449787314362176,552808,'2024-02-01','2027-10-05','expired'),(9450114775311883,364235,'2024-06-04','2027-06-30','expired'),(9450356419826259,158354,'2024-10-18','2027-11-04','blocked'),(9458803740260779,584865,'2024-04-28','2027-09-16','expired'),(9487680445084543,937987,'2022-12-23','2027-12-22','active'),(9488591170374137,340992,'2024-06-07','2027-09-23','active'),(9489140261587503,714140,'2023-04-29','2027-03-20','expired'),(9499596984857059,384567,'2024-05-28','2028-09-23','expired'),(9502440894008050,346693,'2024-05-08','2028-12-08','blocked'),(9506777358110350,563030,'2023-08-18','2028-06-02','active'),(9511050857234341,278373,'2024-11-04','2029-08-09','active'),(9514960205886125,968735,'2023-01-07','2026-08-22','blocked'),(9518866796030050,408337,'2025-01-26','2030-01-13','active'),(9520357722108354,103455,'2025-06-21','2030-01-18','expired'),(9522780403654759,488687,'2024-08-07','2028-01-03','expired'),(9527707129975010,105664,'2024-10-09','2027-11-05','expired'),(9534757985488397,909219,'2022-08-09','2025-12-22','blocked'),(9538218970115518,277505,'2024-04-27','2027-08-12','active'),(9543561438313992,362338,'2023-05-17','2027-09-09','expired'),(9568770729885893,915157,'2023-01-06','2027-03-29','expired'),(9573666169724844,880530,'2023-05-27','2027-06-22','blocked'),(9577309107761990,575387,'2025-06-29','2029-07-02','blocked'),(9583655746913754,137652,'2024-09-23','2029-03-17','active'),(9587652279196514,539729,'2025-04-06','2028-06-06','active'),(9613166617668230,756083,'2024-12-27','2029-04-18','active'),(9632131192714539,241034,'2023-04-21','2028-02-06','expired'),(9634598809383727,137652,'2023-01-06','2026-05-07','active'),(9639733716030780,305906,'2024-03-22','2027-06-10','blocked'),(9646366794737910,137652,'2022-12-21','2026-12-31','blocked'),(9651434837021321,528434,'2024-08-23','2027-11-26','blocked'),(9679293031301513,146948,'2022-10-22','2027-01-22','active'),(9701430956428393,145832,'2024-05-09','2028-01-11','blocked'),(9732083014302087,143337,'2023-11-28','2027-05-10','active'),(9752697440508156,753542,'2024-04-03','2027-07-18','active'),(9753821068402766,985803,'2023-04-07','2027-05-09','expired'),(9762291254556844,630131,'2023-03-05','2027-01-11','active'),(9763662303946006,752921,'2023-04-02','2026-05-27','expired'),(9770923761596339,663251,'2024-12-01','2029-08-01','expired'),(9796948964455475,994011,'2022-09-23','2027-02-16','blocked'),(9799856682889017,482600,'2024-09-25','2029-09-22','blocked'),(9846774925041257,460385,'2023-10-07','2027-09-27','expired'),(9851851241770545,499692,'2022-08-23','2026-06-05','blocked'),(9855628276448499,539619,'2025-01-25','2029-03-29','blocked'),(9871135538650388,589765,'2023-03-06','2027-04-28','expired'),(9874427282271205,106846,'2022-11-21','2026-09-07','active'),(9880508551654544,764141,'2023-11-05','2027-03-08','expired'),(9893174391581753,158937,'2023-04-23','2026-05-11','expired'),(9895933387803715,355301,'2023-11-30','2027-11-27','expired'),(9905063183529238,765660,'2024-05-18','2028-02-15','expired'),(9906472802810021,778104,'2023-09-18','2028-01-21','blocked'),(9918083549809822,291686,'2023-10-15','2027-04-22','expired'),(9933500150282212,179021,'2023-06-17','2027-10-11','blocked'),(9936968298086436,134418,'2023-12-29','2027-06-17','active'),(9946419343919199,720611,'2025-02-27','2028-06-29','active'),(9955877764284707,663321,'2023-08-05','2028-02-14','blocked'),(9962175511026610,106502,'2024-12-04','2028-12-14','expired'),(9985459400183890,985821,'2023-11-25','2028-04-09','active');
/*!40000 ALTER TABLE `card_data` ENABLE KEYS */;
UNLOCK TABLES;

--
-- Table structure for table `customer_account_data`
--

DROP TABLE IF EXISTS `customer_account_data`;
/*!40101 SET @saved_cs_client     = @@character_set_client */;
/*!50503 SET character_set_client = utf8mb4 */;
CREATE TABLE `customer_account_data` (
  `party_id` int NOT NULL,
  `account_id` int NOT NULL,
  `role` varchar(20) DEFAULT NULL,
  PRIMARY KEY (`party_id`,`account_id`),
  KEY `account_id` (`account_id`),
  CONSTRAINT `customer_account_data_ibfk_1` FOREIGN KEY (`party_id`) REFERENCES `customer_data` (`party_id`),
  CONSTRAINT `customer_account_data_ibfk_2` FOREIGN KEY (`account_id`) REFERENCES `account_data` (`account_id`)
) ENGINE=InnoDB DEFAULT CHARSET=utf8mb4 COLLATE=utf8mb4_0900_ai_ci;
/*!40101 SET character_set_client = @saved_cs_client */;

--
-- Dumping data for table `customer_account_data`
--

LOCK TABLES `customer_account_data` WRITE;
/*!40000 ALTER TABLE `customer_account_data` DISABLE KEYS */;
INSERT INTO `customer_account_data` VALUES (101688,653955,'joint'),(102475,654121,'joint'),(107171,156460,'primary'),(107171,753542,'joint'),(118675,385695,'joint'),(118675,728729,'primary'),(120373,156460,'primary'),(120373,419404,'primary'),(120373,664564,'joint'),(124876,128177,'joint'),(124876,402742,'joint'),(124876,524893,'primary'),(124876,589765,'primary'),(124876,661642,'primary'),(127697,510432,'primary'),(127697,983182,'primary'),(132874,775478,'joint'),(136888,645680,'joint'),(136888,660368,'joint'),(136888,664564,'primary'),(137895,285796,'joint'),(137895,686591,'joint'),(140937,203146,'primary'),(140937,962643,'joint'),(142347,232835,'joint'),(142347,800194,'primary'),(142347,989213,'primary'),(142537,552808,'joint'),(142537,695409,'joint'),(142537,969131,'primary'),(142537,973719,'primary'),(142537,977214,'joint'),(145270,384567,'primary'),(145270,454042,'joint'),(145270,700984,'joint'),(145270,839537,'joint'),(145270,902286,'primary'),(150555,602620,'joint'),(152017,252009,'primary'),(152017,323838,'primary'),(152017,886626,'joint'),(156059,134991,'joint'),(156059,793807,'joint'),(161769,123785,'primary'),(161769,663321,'primary'),(161769,920868,'joint'),(161769,985066,'joint'),(165878,578475,'joint'),(165878,667944,'primary'),(165878,741760,'joint'),(165878,804231,'primary'),(166701,137525,'primary'),(166701,346693,'primary'),(173743,831883,'primary'),(173743,839537,'joint'),(173743,849255,'primary'),(176588,169303,'joint'),(176588,379271,'primary'),(176588,730501,'joint'),(176588,963228,'primary'),(178476,255450,'primary'),(178476,418610,'primary'),(178476,528434,'primary'),(178476,765660,'primary'),(178476,778104,'primary'),(183571,602658,'joint'),(183571,603961,'joint'),(183720,839537,'joint'),(183720,909219,'primary'),(183720,968735,'joint'),(185131,209225,'primary'),(185131,408337,'primary'),(185131,563030,'joint'),(185131,651296,'joint'),(191947,710098,'primary'),(191947,793807,'primary'),(192141,468928,'primary'),(192141,661642,'joint'),(192141,878346,'joint'),(192453,340992,'joint'),(192453,773130,'joint'),(199234,576199,'primary'),(204417,103455,'joint'),(204417,209225,'primary'),(204417,335617,'primary'),(204417,676116,'primary'),(204417,909219,'joint'),(204417,917900,'joint'),(206328,160932,'joint'),(206328,676116,'joint'),(210200,645680,'primary'),(210200,985803,'joint'),(211347,209225,'joint'),(211347,235169,'joint'),(211347,346693,'primary'),(211347,810076,'primary'),(215560,647668,'primary'),(221412,255450,'primary'),(221412,347210,'joint'),(221412,560755,'primary'),(222328,135419,'primary'),(222328,319899,'joint'),(222328,417859,'primary'),(223412,759248,'primary'),(225009,123785,'primary'),(225009,589765,'joint'),(225009,714699,'primary'),(231918,362338,'primary'),(231918,494060,'joint'),(239917,703429,'primary'),(239917,775199,'joint'),(243838,880275,'primary'),(245284,267256,'joint'),(245284,398815,'primary'),(245284,839537,'joint'),(246651,434192,'primary'),(246651,664564,'primary'),(263426,121728,'joint'),(263426,425692,'primary'),(263426,451351,'primary'),(265756,134418,'primary'),(265756,137525,'primary'),(265756,357794,'joint'),(267355,106749,'joint'),(267355,277505,'primary'),(267355,539619,'primary'),(267355,667944,'primary'),(273148,255972,'joint'),(273148,578475,'joint'),(273148,778104,'joint'),(278362,577551,'primary'),(278362,630489,'primary'),(278362,787629,'joint'),(278362,839037,'joint'),(278362,968187,'primary'),(278450,383036,'joint'),(278745,129912,'joint'),(278745,983401,'primary'),(279414,242938,'primary'),(279414,664564,'primary'),(279414,994011,'joint'),(284063,273279,'primary'),(284063,347210,'primary'),(284063,482600,'primary'),(285598,193419,'joint'),(285598,486843,'joint'),(285598,577551,'primary'),(285598,773130,'joint'),(289061,423458,'joint'),(289061,802321,'primary'),(294470,703768,'primary'),(298585,696350,'primary'),(298585,759248,'primary'),(301108,146948,'primary'),(302361,728626,'primary'),(302361,865749,'primary'),(304850,875117,'joint'),(307937,176411,'joint'),(307937,708211,'joint'),(307937,793598,'primary'),(307937,892836,'primary'),(313802,552808,'joint'),(325640,109110,'primary'),(328815,266269,'primary'),(328815,339787,'joint'),(328815,472700,'primary'),(332361,381905,'joint'),(332361,539619,'primary'),(339643,434192,'primary'),(339643,439587,'primary'),(339643,454042,'primary'),(339643,803384,'joint'),(339643,810076,'joint'),(342889,157413,'primary'),(342889,331539,'joint'),(351676,232470,'joint'),(351676,576199,'joint'),(353168,385695,'joint'),(353168,449855,'primary'),(353168,708211,'joint'),(353168,886626,'joint'),(353168,985066,'primary'),(354993,199497,'joint'),(354993,278373,'primary'),(354993,675211,'joint'),(354993,698291,'joint'),(354993,720611,'joint'),(354993,778104,'primary'),(354993,919616,'primary'),(357070,232470,'primary'),(360610,257455,'primary'),(360610,747180,'joint'),(363028,343479,'joint'),(363028,714699,'primary'),(363227,143337,'primary'),(369304,313158,'primary'),(369304,813040,'joint'),(374452,515281,'primary'),(374452,571823,'joint'),(374452,924266,'joint'),(374452,932674,'primary'),(376515,303442,'joint'),(381632,297762,'primary'),(381705,305906,'joint'),(381705,787629,'primary'),(381705,903244,'joint'),(385804,305906,'primary'),(385804,394520,'joint'),(385804,899001,'primary'),(394867,552808,'joint'),(394899,345693,'primary'),(394899,826667,'primary'),(397949,709949,'primary'),(397949,935975,'primary'),(405144,174493,'joint'),(405144,384567,'primary'),(405144,402742,'primary'),(405144,653955,'joint'),(405144,762944,'joint'),(405344,273702,'primary'),(426751,242938,'primary'),(426751,552808,'primary'),(426751,844987,'primary'),(434982,219967,'joint'),(434982,710098,'joint'),(435649,212060,'joint'),(435649,254555,'joint'),(435649,295048,'primary'),(435649,335617,'primary'),(435649,575387,'primary'),(435649,950720,'primary'),(437427,411273,'joint'),(437427,645680,'joint'),(437427,886626,'primary'),(442950,134991,'joint'),(442950,762721,'joint'),(445958,637030,'primary'),(449192,105623,'primary'),(454854,103455,'primary'),(454854,654121,'joint'),(455782,303442,'primary'),(455782,381905,'joint'),(455782,997099,'joint'),(464362,585667,'primary'),(464362,800194,'joint'),(467418,156460,'joint'),(467418,371499,'primary'),(467418,434192,'joint'),(481010,179021,'primary'),(482841,331539,'joint'),(482841,398815,'primary'),(482841,499253,'joint'),(482841,759248,'joint'),(489089,149748,'joint'),(489089,158354,'joint'),(489089,214885,'joint'),(489089,576199,'joint'),(489089,856975,'joint'),(490754,589068,'primary'),(492493,793573,'joint'),(492904,818281,'joint'),(492904,994011,'joint'),(493092,411273,'primary'),(496323,205111,'joint'),(496323,535825,'joint'),(496323,897253,'joint'),(496323,965281,'primary'),(498067,509465,'primary'),(498067,516758,'primary'),(510757,340992,'primary'),(510757,560755,'primary'),(510757,852502,'joint'),(510987,291686,'primary'),(510987,527501,'joint'),(510987,658770,'primary'),(510987,752921,'joint'),(510987,764141,'primary'),(512461,582295,'primary'),(512461,844987,'primary'),(517213,162555,'primary'),(517213,308427,'joint'),(517213,331899,'primary'),(517213,539619,'joint'),(517213,658770,'primary'),(517213,772671,'joint'),(517213,935975,'joint'),(522606,176870,'primary'),(524726,301980,'primary'),(524726,460385,'primary'),(524726,589765,'joint'),(524726,748547,'primary'),(531846,176870,'primary'),(531846,423458,'joint'),(531846,676222,'primary'),(542389,205111,'primary'),(542389,412316,'primary'),(542389,667944,'primary'),(544582,188641,'primary'),(544683,221726,'primary'),(544683,577551,'primary'),(544683,985821,'joint'),(545031,394520,'joint'),(545031,589068,'primary'),(545031,764423,'primary'),(549361,371499,'joint'),(549427,454042,'primary'),(550379,157413,'primary'),(550379,199497,'joint'),(550379,772671,'joint'),(550379,844987,'joint'),(553606,398815,'joint'),(553606,496818,'joint'),(553606,651296,'joint'),(553606,814552,'joint'),(553606,865749,'primary'),(553606,983401,'primary'),(555576,469941,'primary'),(555576,703768,'primary'),(560657,115093,'primary'),(560657,295048,'primary'),(560657,466930,'joint'),(568764,515281,'joint'),(568764,924266,'joint'),(576134,129912,'joint'),(576134,209961,'joint'),(576134,402742,'primary'),(576134,676116,'primary'),(606263,277505,'joint'),(608483,661642,'primary'),(608483,804231,'joint'),(617300,369008,'primary'),(620456,403768,'joint'),(627694,466930,'primary'),(627694,808644,'joint'),(627699,319899,'joint'),(627699,449855,'primary'),(627699,486387,'joint'),(627699,917900,'primary'),(628668,301980,'primary'),(630171,143337,'joint'),(630171,150070,'joint'),(630171,158937,'joint'),(630171,346693,'primary'),(630171,694316,'primary'),(630171,803830,'primary'),(631998,726865,'primary'),(633917,377488,'primary'),(633917,697906,'joint'),(638387,576199,'primary'),(638387,765660,'joint'),(638387,857713,'primary'),(640867,742983,'joint'),(640867,880530,'joint'),(642667,552808,'joint'),(642667,588728,'primary'),(642667,741429,'joint'),(642667,826667,'primary'),(647640,284955,'primary'),(647640,310233,'primary'),(648138,291686,'primary'),(654523,515281,'primary'),(654523,664564,'primary'),(654523,839037,'primary'),(656919,290102,'primary'),(656919,992438,'joint'),(660209,323838,'joint'),(663869,169703,'joint'),(666258,417859,'primary'),(681576,194011,'primary'),(681576,932674,'primary'),(684170,145832,'primary'),(684170,323838,'primary'),(690831,273279,'primary'),(690831,408621,'joint'),(690831,496818,'primary'),(690831,895058,'primary'),(693875,150070,'joint'),(693875,596734,'joint'),(693875,999706,'primary'),(695822,130360,'primary'),(695822,252009,'primary'),(695822,454159,'joint'),(700634,366648,'primary'),(702347,403768,'primary'),(702347,539729,'primary'),(702347,552808,'joint'),(702347,875852,'primary'),(703047,339006,'primary'),(703047,578475,'joint'),(703047,703768,'primary'),(703047,983401,'primary'),(707848,162555,'joint'),(707848,363039,'joint'),(707848,394530,'joint'),(707848,759248,'primary'),(712216,728626,'joint'),(721692,558968,'primary'),(721692,917900,'joint'),(723573,581675,'joint'),(724144,742983,'primary'),(725418,222163,'primary'),(730556,205546,'primary'),(730556,539619,'primary'),(730556,852502,'joint'),(731213,714140,'primary'),(731213,989490,'joint'),(736402,313158,'primary'),(736402,509465,'primary'),(736402,516758,'primary'),(736402,535825,'joint'),(736402,654121,'joint'),(737012,376448,'joint'),(742541,585667,'primary'),(742673,245658,'primary'),(749920,403122,'joint'),(750586,449855,'joint'),(750586,698291,'primary'),(753483,105664,'joint'),(753483,379271,'joint'),(753483,742983,'joint'),(756916,121869,'joint'),(756916,203146,'primary'),(757216,235169,'primary'),(757216,660368,'joint'),(764417,366648,'primary'),(764417,937987,'primary'),(764417,942055,'joint'),(766398,327818,'primary'),(766398,500393,'primary'),(766398,937987,'primary'),(766398,989490,'joint'),(768390,105623,'joint'),(768390,563030,'primary'),(768390,691281,'primary'),(768390,776734,'joint'),(768390,935975,'primary'),(770348,145832,'primary'),(770348,504779,'joint'),(771452,695409,'primary'),(778853,524893,'joint'),(781546,310816,'primary'),(783804,686715,'primary'),(784246,137525,'primary'),(784246,488687,'joint'),(784246,664564,'primary'),(784246,766657,'primary'),(784246,800194,'primary'),(784246,989213,'joint'),(790154,458031,'joint'),(791592,143337,'joint'),(791592,558455,'primary'),(791592,881090,'primary'),(792623,571823,'joint'),(794486,381905,'primary'),(794486,958113,'primary'),(796365,223894,'joint'),(796365,311103,'joint'),(796365,339006,'joint'),(800558,160932,'joint'),(802344,552808,'joint'),(802344,773130,'joint'),(802344,912935,'joint'),(805775,603961,'primary'),(806515,417859,'joint'),(806515,815524,'joint'),(806515,941104,'joint'),(809235,153173,'primary'),(809235,630131,'joint'),(823236,252009,'primary'),(823236,449855,'joint'),(823236,584865,'joint'),(823236,733119,'primary'),(831142,106846,'joint'),(831142,875852,'primary'),(831142,878346,'joint'),(831142,886021,'primary'),(832368,310816,'joint'),(832368,892836,'joint'),(839134,875117,'joint'),(841384,169303,'joint'),(841384,338577,'joint'),(841384,358547,'primary'),(841384,504779,'joint'),(841384,756083,'primary'),(844547,209225,'joint'),(846102,103455,'primary'),(846102,572143,'primary'),(846102,810076,'primary'),(846102,819692,'primary'),(846102,878346,'primary'),(846102,910494,'joint'),(848469,266269,'joint'),(848469,303442,'joint'),(848469,839037,'joint'),(848469,968187,'joint'),(853594,852502,'primary'),(855845,965281,'primary'),(857288,134991,'primary'),(857288,895058,'primary'),(857288,968187,'joint'),(859857,875117,'primary'),(860481,133789,'primary'),(860481,169303,'primary'),(860481,499692,'primary'),(861689,201248,'joint'),(861689,814552,'primary'),(862525,515413,'primary'),(862525,619961,'joint'),(865307,106502,'joint'),(865307,494060,'joint'),(870797,134418,'joint'),(870797,263642,'primary'),(870797,313158,'primary'),(870797,912935,'joint'),(873824,528434,'joint'),(873824,658770,'joint'),(874299,170135,'joint'),(874299,219967,'primary'),(882208,290102,'joint'),(882208,310276,'primary'),(882208,370220,'primary'),(882939,602658,'primary'),(882939,667944,'joint'),(883545,355301,'primary'),(883545,589068,'primary'),(891092,130360,'primary'),(891092,268370,'joint'),(891092,663251,'joint'),(891092,844987,'primary'),(894429,358547,'primary'),(899690,137525,'joint'),(899690,158354,'joint'),(899690,199497,'joint'),(899690,621139,'joint'),(899690,637030,'joint'),(899690,651296,'primary'),(899690,787629,'primary'),(912442,595082,'joint'),(912442,703768,'primary'),(912674,134418,'primary'),(912674,301980,'joint'),(912674,753542,'primary'),(912674,775478,'joint'),(912674,921702,'primary'),(918605,461176,'joint'),(918605,818281,'joint'),(918807,137652,'joint'),(918807,309660,'primary'),(918807,357794,'primary'),(918807,461176,'primary'),(918807,747180,'joint'),(918807,890754,'primary'),(918807,915157,'joint'),(918807,989490,'primary'),(918904,194011,'joint'),(918904,357794,'primary'),(918904,441655,'primary'),(918904,912935,'joint'),(920879,747761,'joint'),(921884,128177,'joint'),(921884,978884,'joint'),(924197,190554,'primary'),(924197,471998,'joint'),(927372,134418,'primary'),(927372,241034,'joint'),(927372,793807,'primary'),(932942,309660,'primary'),(932942,385695,'primary'),(932942,420743,'primary'),(932942,985821,'primary'),(933473,257455,'primary'),(933473,572981,'primary'),(933473,645680,'primary'),(933473,691281,'joint'),(942532,775199,'primary'),(942532,882895,'primary'),(942532,892836,'joint'),(942532,919616,'joint'),(957476,186317,'primary'),(957476,576199,'primary'),(957476,756083,'joint'),(957476,992438,'primary'),(957570,130360,'primary'),(957570,469941,'primary'),(957570,937987,'joint'),(957570,963228,'joint'),(959182,133789,'joint'),(959182,454042,'primary'),(960168,589765,'joint'),(960168,989490,'primary'),(965973,290400,'joint'),(966334,319899,'primary'),(968810,190554,'primary'),(968810,205111,'joint'),(968810,308427,'primary'),(976203,588889,'joint'),(977008,535825,'primary'),(978433,277505,'primary'),(978433,364235,'primary'),(992416,121614,'joint');
/*!40000 ALTER TABLE `customer_account_data` ENABLE KEYS */;
UNLOCK TABLES;

--
-- Table structure for table `customer_data`
--

DROP TABLE IF EXISTS `customer_data`;
/*!40101 SET @saved_cs_client     = @@character_set_client */;
/*!50503 SET character_set_client = utf8mb4 */;
CREATE TABLE `customer_data` (
  `party_id` int NOT NULL,
  `dob` date DEFAULT NULL,
  `phone_number` varchar(50) DEFAULT NULL,
  `registration_date` date DEFAULT NULL,
  PRIMARY KEY (`party_id`),
  CONSTRAINT `customer_data_ibfk_1` FOREIGN KEY (`party_id`) REFERENCES `party_table` (`party_id`)
) ENGINE=InnoDB DEFAULT CHARSET=utf8mb4 COLLATE=utf8mb4_0900_ai_ci;
/*!40101 SET character_set_client = @saved_cs_client */;

--
-- Dumping data for table `customer_data`
--

LOCK TABLES `customer_data` WRITE;
/*!40000 ALTER TABLE `customer_data` DISABLE KEYS */;
INSERT INTO `customer_data` VALUES (101688,'1972-05-14','391-715-3475x77881','2024-02-15'),(102475,'1959-11-26','(422)235-8332x4560','2025-04-17'),(107171,'1972-09-15','4739965747','2025-05-07'),(118675,'1969-07-02','(327)358-6880','2024-09-26'),(120373,'1998-04-13','590-344-3294','2023-09-29'),(120400,'1965-02-17','001-275-224-3640','2024-05-07'),(124876,'1989-01-20','001-462-326-6734x12904','2025-04-22'),(127697,'2000-07-19','001-756-670-8869x77473','2023-09-06'),(132874,'1994-08-09','(204)633-1923x8375','2023-11-03'),(136888,'1960-05-06','001-535-646-0305x357','2024-12-20'),(137895,'1986-03-12','882-682-9888x754','2024-02-16'),(140937,'1979-10-28','476.858.2197','2024-12-22'),(142347,'1990-03-19','662.238.2923','2024-05-24'),(142537,'1986-09-13','899-331-7308','2024-08-08'),(145270,'1956-08-26','+1-675-224-5833x752','2024-12-03'),(150555,'1975-11-11','674.554.2237x5057','2025-03-30'),(152017,'1958-12-27','227-822-7427','2024-06-14'),(156059,'1996-07-23','9435245812','2024-03-21'),(161769,'1979-10-27','9437666609','2025-02-27'),(165878,'2002-05-19','+1-810-607-4089x9331','2024-12-28'),(166701,'1999-03-20','+1-924-434-5448','2024-07-25'),(173743,'1955-07-20','578.379.2909x53461','2024-09-07'),(176588,'1968-04-15','928-714-6546x1187','2024-02-23'),(178476,'1985-10-28','5767033452','2024-08-29'),(183571,'1984-09-04','897-389-6373x6118','2024-11-20'),(183720,'1989-05-14','216.964.4659x514','2024-08-06'),(184650,'1980-09-21','312.650.2394','2024-12-23'),(185131,'1971-01-26','821.484.8697x629','2025-04-22'),(191947,'1955-04-23','(692)721-1669x728','2025-05-11'),(192141,'1954-08-24','622-593-2234x7429','2025-06-12'),(192453,'1975-04-21','001-420-759-3060x4609','2024-06-11'),(194595,'1997-08-15','+1-216-404-9244x8185','2025-05-07'),(199234,'1968-05-04','266.485.3941','2025-01-11'),(204417,'2000-12-17','456.280.5668x289','2025-04-10'),(206328,'1967-11-07','855-596-6968x4933','2024-03-13'),(210200,'1982-03-03','(910)865-2736x903','2024-01-21'),(211347,'1997-02-17','2198126334','2023-12-31'),(215560,'2004-09-23','+1-779-329-4145x2750','2024-10-25'),(221412,'1978-02-24','001-488-456-4319x53985','2023-12-27'),(222328,'1980-05-22','001-992-629-9211x414','2023-10-03'),(223412,'1959-12-11','910-639-0985x2741','2025-01-30'),(225009,'1966-04-01','001-447-232-8818','2024-03-09'),(231918,'1984-04-11','+1-446-568-0782','2024-03-27'),(239917,'1962-04-28','542-251-2029','2024-10-15'),(243838,'1975-04-20','001-609-340-9555x72981','2023-08-14'),(245284,'1968-04-21','331-722-7862x047','2025-01-14'),(246651,'1993-05-02','3996813998','2024-08-29'),(263426,'1969-06-14','622-606-9118','2023-12-29'),(265756,'2004-11-25','226.475.9269','2024-11-19'),(267355,'2000-12-09','(565)891-1872x10867','2024-03-27'),(270886,'2006-06-05','376-411-7782','2024-05-10'),(273148,'2000-06-04','273-286-4014','2024-07-07'),(273308,'1981-06-26','001-723-965-9927x1908','2025-05-15'),(276171,'1965-11-18','616.808.7503','2025-06-12'),(278362,'1983-07-31','962.254.2566x064','2024-11-09'),(278450,'2006-12-10','001-343-388-5716x886','2024-05-27'),(278745,'1976-07-12','+1-267-753-1118','2025-06-20'),(279414,'1978-03-03','(402)871-4283x9752','2023-08-22'),(284063,'1992-01-05','400.535.1056','2024-10-26'),(285598,'1954-08-17','856.267.6337x390','2024-11-21'),(289061,'1959-11-16','(768)821-8083x165','2023-09-09'),(294470,'1972-12-16','(842)964-8658','2023-09-07'),(298585,'1964-07-12','9156573359','2023-12-21'),(301108,'1997-07-04','+1-994-726-4183x06753','2024-04-11'),(302361,'1994-08-15','001-263-448-9676x9930','2024-06-15'),(304850,'1997-01-01','793.918.6457x325','2025-05-19'),(307937,'2002-09-11','9823492694','2024-07-23'),(310181,'1956-06-29','(946)219-8537x35760','2023-07-27'),(313802,'1976-01-10','630.960.1688','2024-04-02'),(325640,'1958-12-06','262.594.8155x2578','2024-02-08'),(326547,'1981-07-09','(645)393-0525x47795','2024-02-05'),(328815,'1996-02-08','393.361.5349x2635','2023-11-21'),(332361,'1983-08-24','648-929-8381x6864','2025-05-10'),(332762,'2003-06-28','825.727.8081x85011','2023-09-11'),(339643,'1971-02-07','(604)816-4377','2024-04-18'),(342889,'1967-04-17','(876)795-9785x380','2025-05-20'),(351676,'1959-11-30','354-450-1904','2024-04-20'),(353168,'1961-08-20','726-739-8308x37879','2024-07-20'),(354993,'1964-06-17','5586235703','2024-11-18'),(357070,'1974-12-18','6295072507','2025-05-14'),(360610,'1981-08-30','317-317-6045x22961','2025-03-09'),(363028,'1976-11-08','522-294-5682x417','2024-03-17'),(363227,'1966-04-08','499-471-8765x60169','2025-05-10'),(369304,'1990-07-11','4172823695','2023-10-03'),(374452,'1992-09-16','+1-976-237-7857x0742','2023-10-11'),(376515,'1991-07-17','7683971785','2024-08-28'),(381632,'1994-09-26','2222455515','2023-11-03'),(381705,'1991-12-11','960-875-9944','2023-10-06'),(385804,'1988-12-22','001-645-571-0437','2024-12-26'),(388002,'1986-03-02','809-409-2554x45769','2024-08-09'),(394867,'1997-07-31','(202)869-0578x771','2023-10-22'),(394899,'1967-04-03','+1-508-653-2757','2024-02-08'),(397949,'1990-10-25','250-593-2271x7542','2024-03-08'),(405144,'1971-01-01','326-896-1161','2023-10-19'),(405344,'1972-04-15','001-441-994-9302x39062','2025-04-21'),(426751,'2002-03-15','(352)203-5192x303','2025-01-30'),(434982,'1968-05-15','368-296-7145x439','2024-01-17'),(435649,'2005-10-17','001-666-223-7582x57173','2023-11-27'),(437427,'1967-03-19','+1-760-723-7324','2023-09-23'),(442950,'2006-07-13','+1-717-418-7727','2025-03-06'),(443269,'1986-07-14','001-665-247-6048x4870','2023-11-21'),(445958,'1987-01-16','629-854-6048x606','2024-02-27'),(449192,'1976-07-12','572.503.3319x66183','2023-10-22'),(454569,'2007-07-14','+1-527-660-1015','2024-01-05'),(454854,'1994-09-19','995-250-1318','2024-06-25'),(455782,'2007-05-14','(763)276-3637x69144','2024-07-11'),(464362,'1987-06-25','001-629-559-3187x346','2023-10-28'),(464366,'2005-07-01','245.479.2813x481','2023-08-08'),(467418,'1998-12-17','7904216670','2024-08-19'),(481010,'2001-05-30','(598)682-5986x34174','2024-09-09'),(482841,'1971-07-12','(590)526-2281x237','2025-03-20'),(489089,'1983-03-14','432-230-2821x69197','2025-05-08'),(490754,'1993-03-31','001-720-276-6075x41511','2024-04-27'),(492493,'1992-07-31','984.810.1566x634','2023-10-29'),(492904,'1970-08-22','001-408-373-1764x303','2025-07-08'),(493092,'1983-03-20','001-275-468-5125','2025-05-25'),(496323,'2001-01-12','405-462-4629x26480','2023-09-05'),(498067,'1977-02-14','+1-828-774-6881x19703','2024-11-30'),(510757,'1983-10-13','(224)205-9802x507','2025-02-03'),(510987,'1998-12-30','001-776-803-1412x270','2024-09-13'),(512461,'1985-06-26','+1-768-775-7738x9305','2025-03-04'),(516875,'2005-08-24','756-400-7154x273','2023-12-02'),(517213,'1957-08-22','(618)801-0367','2023-09-10'),(522606,'1967-11-04','345.400.7627','2023-09-27'),(524726,'1955-09-17','+1-467-536-3477','2024-09-08'),(531846,'1971-04-28','867.675.0393x1721','2025-05-16'),(533753,'1974-08-19','(319)618-2726x4832','2023-11-22'),(542389,'1999-05-10','(494)851-6425x858','2023-12-04'),(544582,'1989-08-29','+1-791-432-6307x428','2025-04-02'),(544683,'1979-08-03','(657)444-8529x118','2025-04-11'),(545031,'1980-10-11','001-941-552-7067x04896','2024-11-09'),(549361,'1954-09-09','+1-606-947-2666','2025-05-31'),(549427,'1964-08-08','(808)529-6570','2025-04-21'),(550379,'1963-07-18','001-285-433-2342x284','2025-01-15'),(553606,'2006-11-12','+1-798-785-2609x6934','2023-11-05'),(555576,'1985-01-27','386-842-8212','2024-04-12'),(560657,'1972-03-10','001-906-219-6538','2023-08-30'),(568764,'1989-01-21','001-591-693-0014x1962','2023-11-27'),(576134,'1976-09-24','971.794.4654x191','2023-12-07'),(606263,'1969-12-14','001-564-844-0644x88855','2025-01-13'),(608483,'2002-10-18','669-721-6587x3556','2024-03-14'),(617300,'1988-05-06','+1-331-457-4589x43486','2025-03-31'),(620456,'2004-03-22','(775)271-2312x6783','2024-11-24'),(627694,'1989-12-23','(575)462-5662x72852','2024-06-29'),(627699,'1956-09-20','(697)927-5727','2025-06-14'),(628668,'1965-09-22','479.558.3000','2023-09-04'),(630171,'1981-04-04','8835518323','2024-08-16'),(631998,'1984-09-22','429.398.6930x0690','2024-03-23'),(633917,'1964-02-14','425-919-8614x91819','2024-11-11'),(638387,'1984-08-22','377.811.1312x6379','2023-10-02'),(640867,'2006-08-26','+1-751-385-3671x0979','2024-02-10'),(642667,'1997-03-25','344-885-1832','2024-12-28'),(647640,'1979-11-05','001-879-970-3414x892','2024-09-05'),(648138,'2002-03-02','001-578-920-9280x51379','2025-06-04'),(654523,'1984-04-26','001-660-812-7055','2025-06-11'),(656919,'1955-03-23','001-821-297-4443','2024-05-16'),(660209,'1967-11-12','869-430-3600','2024-05-14'),(663869,'1969-04-27','(746)900-6814x00768','2025-07-10'),(666258,'1969-02-14','531-893-5614x68505','2025-06-02'),(681576,'1963-10-31','(492)659-4000','2025-05-04'),(684170,'2003-03-01','+1-497-834-0956x180','2024-07-28'),(690831,'2002-10-12','(260)497-6701x720','2024-03-13'),(693875,'1978-04-22','6165419538','2025-01-22'),(695822,'2000-09-12','640-680-3513x85334','2025-03-27'),(700634,'1982-11-17','(541)374-1725x3257','2025-02-26'),(702347,'1961-02-17','001-952-288-9962x9793','2025-04-22'),(703047,'1969-10-27','+1-537-252-0782x6497','2024-06-03'),(707848,'1985-09-16','661.565.7004x049','2025-01-05'),(712216,'1990-05-27','(964)512-9330x081','2024-11-02'),(721692,'2003-07-03','(370)380-8625','2024-04-06'),(723573,'1990-08-20','+1-766-278-7993x68473','2024-01-07'),(724144,'1999-08-03','608-211-5517x028','2023-10-31'),(725418,'1973-06-29','+1-319-212-7416x44158','2024-06-14'),(730556,'1973-07-26','+1-241-855-8403x8249','2023-08-23'),(731213,'1969-03-04','(307)243-6151','2025-01-25'),(736402,'1981-04-24','980-713-2040','2023-10-04'),(737012,'1998-03-03','+1-954-969-2506','2024-02-05'),(742541,'1982-07-26','313-453-6095x2271','2025-02-24'),(742673,'1987-12-18','+1-416-988-2223x2308','2024-10-22'),(749920,'1964-09-09','264.875.3048x10777','2024-10-12'),(750586,'1980-05-06','001-935-322-1952x0696','2024-10-23'),(753483,'1959-04-29','001-429-245-0678','2025-07-24'),(756144,'1978-07-28','7688424041','2024-09-28'),(756916,'1960-11-12','(872)211-7444','2024-06-15'),(757216,'1996-08-11','4667617972','2024-11-21'),(764417,'1969-05-27','+1-327-519-2082x111','2025-01-27'),(766398,'1967-06-12','001-484-436-5678x4661','2023-12-16'),(768390,'1975-11-20','813.618.2938x9896','2025-06-09'),(770348,'1962-12-03','+1-611-873-8009x1749','2023-09-29'),(771452,'1978-06-12','8197922606','2024-09-29'),(778853,'1975-08-04','(643)622-1772','2025-05-02'),(781546,'2002-12-15','821-441-8927','2024-11-04'),(783804,'2005-01-29','380-239-1715x69380','2024-07-01'),(784246,'1959-09-30','+1-603-220-8662x467','2024-03-19'),(790154,'2005-11-04','(618)549-8347x89784','2024-09-22'),(791592,'1988-02-13','+1-218-541-1894','2024-10-04'),(792623,'1997-06-11','(745)893-5621x35772','2024-07-16'),(794486,'1956-12-17','+1-303-637-4430x75851','2024-11-18'),(796365,'1967-06-29','3008250402','2023-10-16'),(800558,'2000-03-20','001-299-416-4040','2024-07-12'),(802344,'1991-10-06','+1-479-505-5303x73830','2024-06-07'),(805775,'1988-03-21','235-421-2503x006','2024-07-21'),(806515,'1974-03-08','001-814-302-9263x953','2025-01-15'),(809235,'1976-04-15','4984453635','2024-05-23'),(823236,'1986-12-10','658.906.6065x735','2024-11-11'),(831142,'1993-11-13','+1-708-410-4228x2150','2025-05-10'),(832368,'2004-01-02','440.838.2778x514','2024-08-17'),(839134,'1956-12-26','766.487.8681x326','2024-12-16'),(841384,'1958-10-30','001-231-784-5357x4922','2024-03-02'),(844547,'1975-02-17','001-976-656-0105x249','2024-07-08'),(846102,'2004-04-20','991-844-9520','2025-04-12'),(848469,'1960-10-09','001-992-761-0015x751','2025-03-26'),(853594,'1987-05-04','489-445-1744x6660','2024-03-14'),(855845,'1993-01-07','5119416346','2024-02-20'),(857288,'1964-10-03','926-423-9058','2023-12-14'),(859857,'1984-12-23','001-963-756-2343','2025-04-22'),(860481,'1979-07-24','267.455.1961','2024-04-01'),(861689,'1982-07-11','(531)498-2730','2025-01-21'),(862525,'1997-09-24','001-416-362-0829','2024-05-16'),(865307,'1999-05-16','629.484.0925x554','2025-06-05'),(870797,'1988-02-26','+1-925-532-4828x917','2025-03-11'),(873824,'1977-07-29','(311)526-4862x9645','2023-12-11'),(874299,'2000-10-09','914.595.4446x980','2024-03-24'),(882208,'2004-10-01','(535)764-3343x8957','2025-04-12'),(882939,'1997-10-22','791.448.7867x4238','2024-08-16'),(883545,'1959-11-24','992-571-1769x6814','2024-08-15'),(891092,'1955-12-24','875-363-6090','2024-03-23'),(894429,'1988-11-07','7166304461','2024-04-14'),(896180,'1999-10-28','239-212-9654x5850','2024-04-02'),(899690,'1987-01-16','(561)497-3781','2023-09-30'),(912442,'1957-01-16','885-851-5334','2023-09-03'),(912674,'1990-08-28','483-405-8468x91428','2023-07-30'),(918605,'2000-11-13','(216)400-1504x4000','2024-08-28'),(918807,'1964-05-14','705-592-7636x73260','2023-11-04'),(918904,'1973-08-08','001-479-892-9759x569','2025-01-16'),(920879,'1984-02-27','253-400-7719','2025-03-10'),(921884,'1985-04-15','001-206-222-0058','2025-04-14'),(924197,'1999-04-27','8976765823','2023-09-16'),(927372,'1973-02-16','(293)688-0588x027','2024-04-30'),(932942,'1973-03-26','001-850-252-5477','2024-02-29'),(933473,'2002-10-14','(531)664-7676x2636','2025-01-13'),(942532,'1996-09-04','+1-428-969-3764x0926','2023-11-30'),(945168,'1993-05-04','(249)534-5877x16528','2025-01-14'),(950421,'1978-01-03','280.534.7103x914','2024-02-26'),(957476,'1958-11-16','(402)655-3187','2025-03-03'),(957570,'1971-10-20','+1-739-968-3735x91915','2024-10-30'),(959182,'1989-07-23','001-732-358-3861x269','2024-11-03'),(960168,'1985-02-02','+1-523-836-6706','2025-01-15'),(965973,'1992-06-28','(665)600-3392x871','2025-07-02'),(966334,'2005-10-16','001-973-306-2686x3688','2025-02-11'),(968810,'1955-10-10','5632169968','2025-02-04'),(976203,'1975-09-14','+1-730-257-6081x160','2024-04-27'),(977008,'1979-04-24','(397)242-0354','2023-10-04'),(978433,'2002-01-01','5657282222','2024-01-15'),(992416,'2003-03-30','283-474-4667','2025-05-03');
/*!40000 ALTER TABLE `customer_data` ENABLE KEYS */;
UNLOCK TABLES;

--
-- Table structure for table `device`
--

DROP TABLE IF EXISTS `device`;
/*!40101 SET @saved_cs_client     = @@character_set_client */;
/*!50503 SET character_set_client = utf8mb4 */;
CREATE TABLE `device` (
  `device_id` int NOT NULL,
  `device_type` varchar(50) DEFAULT NULL,
  `operating_system` varchar(50) DEFAULT NULL,
  `browser` varchar(50) DEFAULT NULL,
  `ip_address` varchar(45) DEFAULT NULL,
  PRIMARY KEY (`device_id`)
) ENGINE=InnoDB DEFAULT CHARSET=utf8mb4 COLLATE=utf8mb4_0900_ai_ci;
/*!40101 SET character_set_client = @saved_cs_client */;

--
-- Dumping data for table `device`
--

LOCK TABLES `device` WRITE;
/*!40000 ALTER TABLE `device` DISABLE KEYS */;
INSERT INTO `device` VALUES (1,'tablet','iOS','143.158.236.99','774f626d9910bd751f8ee612dccd51726bbcb57d\r'),(2,'tablet','iOS','69.35.242.83','a45be827596396293a3ceecef0af93b2a0d6613b\r'),(3,'mobile','iOS','218.200.163.11','0f5fc76778a9e2a78c563042c1029f7536f56a1d\r'),(4,'mobile','Android','51.157.136.17','cfd1d13a905b01ab53a4c59fd3307157befa01f2\r'),(5,'mobile','macOS','159.146.173.194','119e628d07d62dbc42dedf1cdb7141199190ebee\r'),(6,'desktop','iOS','25.45.238.60','3a06399939480a5aeefcf85cc67fdd73eba6be0c\r'),(7,'tablet','Android','15.128.207.7','0508e2b3f492aa5e523df9afb50860455876057a\r'),(8,'mobile','Windows','165.211.220.123','f605e62ddb06d031f872f6417b97ab19e0572961\r'),(9,'desktop','macOS','64.30.105.103','3ffe2acebaaa1a013ef905dc0aa842f998b71a34\r'),(10,'mobile','Linux','54.59.109.187','40d76c7f6a2e5d4aea1c27d6e5e7d41093178c9c\r'),(11,'desktop','Android','24.195.85.144','f1072484a57c583ad38b6a60779834621ab113e4\r'),(12,'mobile','Windows','92.231.181.109','9fb1ebc8ec4db1609c844b3b337ed886fee1250a\r'),(13,'mobile','Linux','99.243.82.218','d71c00048f6fcb2bf26f646e19f9a311fa699281\r'),(14,'tablet','macOS','198.205.43.45','41864eb917b40fe8dcc927619784c729d6c58607\r'),(15,'desktop','Windows','137.190.93.115','b9bf17e60c78803f9e2bdfa3fb3b7d782b423d5e\r'),(16,'desktop','macOS','105.32.83.181','e5e676d250477299b1f205a9cef5f1d0c48dbcb7\r'),(17,'tablet','macOS','138.89.25.117','a7f11151bf22850f55b03bd8e225f1de4b6ed751\r'),(18,'desktop','Android','19.223.120.175','8dd88f17b17d4afaafa33db0c734d0cb63d7b0fd\r'),(19,'tablet','Android','165.163.55.122','7ce829229f2e69d750dc3378fad9c78539694375\r'),(20,'desktop','iOS','189.174.105.216','be0397617ba1074430bbd9155faa36715ff68ae7\r'),(21,'mobile','iOS','39.52.40.186','ac047f0e3bdc7aa0301a85a2c72c21304ae07c7c\r'),(22,'desktop','Linux','175.226.91.213','e38ce798655e5887e4904f2de991c81726a656e5\r'),(23,'tablet','iOS','178.217.252.209','ef6705c1eeb48b694aa11a0166db66f269888506\r'),(24,'tablet','macOS','195.222.233.110','cf5d8b887413557f3a0fa94b4311480b06743dcd\r'),(25,'tablet','Android','203.33.240.23','0c2c6484b0efeb4ac2883048e78a5e87c9049e85\r'),(26,'tablet','Linux','62.172.35.188','ebefee81af47877b2baf8b9a58de6da7becd5e2b\r'),(27,'tablet','Linux','83.34.163.138','ad194e17cea4f510d2dc339d14b88921a9eb01d4\r'),(28,'tablet','Linux','211.73.99.220','7c5be888e12e99a4a3f466d3c7df04ed0042779c\r'),(29,'mobile','Android','151.198.102.153','1e9e5c5ba7d4ba60a027b67c34db5c000ec8b825\r'),(30,'tablet','macOS','75.158.201.103','ad963f3fa11d620f76a83b7aaa4f4a73234d85a3\r'),(31,'mobile','Android','162.234.41.202','2a871425cea23f04b618c135f7d93a864d4eba8e\r'),(32,'tablet','Windows','62.144.9.2','dec7eed927cd35191a7ffc15c98cf3510f460945\r'),(33,'desktop','Windows','117.103.92.176','1bf1587dae6e8f77d3242476d7f7fc963fb796da\r'),(34,'mobile','Windows','128.222.88.192','32f0b2f93beb9d03a3970adfb62c0092f0dc0f4b\r'),(35,'mobile','Linux','53.173.159.137','d6f4bc916648184a95bfcd443d7449b5a3032fb0\r'),(36,'tablet','iOS','156.144.229.24','651c93825cf66e78e065b2c4c93e511858034a9a\r'),(37,'desktop','Linux','103.170.96.13','66ae045741e614a8dc2d6a5ecd8c508d07637d16\r'),(38,'mobile','iOS','1.161.246.61','3744e70650fc8128394c11bfeabeb6f97e457566\r'),(39,'mobile','Linux','31.75.178.91','955d9d3357d8986ed39b62d9301e314d9a7103aa\r'),(40,'mobile','Windows','99.215.125.20','31375f5bdee46d09823510d4c2e5f53ef67b018b\r'),(41,'tablet','Android','76.73.23.242','6ff377ab159104c40d0a75fe3e4f8b639e3c5921\r'),(42,'tablet','iOS','64.21.29.177','0728f80b0aa532175c246767e9ccc7398678b10c\r'),(43,'mobile','macOS','106.157.80.145','0a6fb368155c8e2776886813697a331c4d4313b9\r'),(44,'mobile','Windows','9.203.44.177','226ee6fd198dc04a8efef86a3fc633d56c638c62\r'),(45,'desktop','Linux','155.102.214.11','67435479d22ae135dc574d88133bcf720269e95d\r'),(46,'desktop','Linux','96.43.255.141','b2b9ff36a97c7d45489d469349a8af8c3bad90eb\r'),(47,'mobile','Android','106.145.185.26','b5cdd263087351a2ba6f0de16579eeacd410032f\r'),(48,'desktop','macOS','85.119.59.128','4c81a3ff5e11b294a6b1e70ee4e6d8f45d4a51b0\r'),(49,'tablet','Linux','11.155.7.162','18f5a93e06ba6e02a6484edf6014f2af3fa76c8d\r'),(50,'mobile','Android','131.209.89.63','4c0422efbb587a4f4c188be9985663f1ea3687a7\r'),(51,'tablet','Linux','76.190.170.235','0cabe0d1b0cd9b356ef0940e84d5b0dc92c136e7\r'),(52,'desktop','Linux','9.170.107.114','652f9c305e6cc7208188e47e0ac7219508b4331f\r'),(53,'desktop','macOS','194.87.99.112','5436cd48e79756e6d325513f271dba2d33366a3a\r'),(54,'mobile','macOS','128.154.174.234','7cf4bf5a63cd5d54014c1f8681a233f80bb87391\r'),(55,'mobile','iOS','205.112.133.141','1ecc83e1117be47bf128390f14af242ee0c6d1d4\r'),(56,'mobile','macOS','123.169.170.212','bd3b56d7455dea9a9523113785258bc7d2c63a0c\r'),(57,'desktop','Windows','137.90.195.65','e4c1a02cb2461cc2e780d26903073c4b4687d1b8\r'),(58,'mobile','Linux','50.202.162.249','179ddedbe7a8a567571d12c6603901541f6c05ba\r'),(59,'mobile','Android','170.228.51.245','0ac73388f46f6f5618efeb8873bd3931fce242e8\r'),(60,'mobile','iOS','40.94.88.243','65a9b0aaf2cab48e59fe6b33e18cbe8ecc39af51\r'),(61,'tablet','Linux','207.246.120.237','20e9d7007ca8f7857baf9831f604fc485bf273e3\r'),(62,'mobile','Linux','107.50.23.126','809d0477c0b8a0c7f3811cc4de1ad78cb40a93c2\r'),(63,'desktop','macOS','118.76.178.128','e338cbb7a75149cb79ed8f58f525bf4092866d40\r'),(64,'mobile','macOS','17.239.60.212','f1eea746d1d25e4a800ab71f2df01ece239bb26f\r'),(65,'desktop','Android','129.58.86.91','3a124f0326fd87f27446d87dd868b92c995bb493\r'),(66,'mobile','iOS','126.24.93.164','5d75a8599e91e69b00f405dcf001a1b99a774ca4\r'),(67,'tablet','iOS','20.202.22.36','1de28be53b633d5b2c724335e34e38585775e65b\r'),(68,'mobile','Android','101.156.117.176','0365ba0ec8390a0d311617dc36b677a5d4d31f70\r'),(69,'mobile','Windows','76.94.252.217','e931af594e69599b10d08cfda66cd706d5175eba\r'),(70,'desktop','iOS','92.203.125.251','e9aa2f802ca245822d43e3e3b72471f9536105c2\r'),(71,'desktop','Windows','62.73.250.177','9478f136cfe683e3b7e2fceb276ae969d6902472\r'),(72,'mobile','Windows','102.76.148.17','9215f5a92ef930a8457c48f6aee3758cce6cc94f\r'),(73,'mobile','macOS','191.187.198.117','0b468e289ef66b7551ee66885b679040a6828a1e\r'),(74,'mobile','iOS','33.31.158.89','cca2448484a16c4d6722ebce73b0f89e385c8647\r'),(75,'desktop','Linux','135.93.240.11','1a6cedb68914a4e26a6b3ed26b109f569e51c749\r'),(76,'desktop','Linux','158.29.111.165','4754e6dcc6812ae1aa8f9285f8d01c3e1b7a7967\r'),(77,'mobile','Linux','30.82.151.200','9f4de4d890520d1c0c9e7acdabc216a63fdf1b90\r'),(78,'tablet','iOS','12.8.27.30','05a135a167f083ae62f7c4dc813ace26fcc0af5e\r'),(79,'tablet','Linux','115.167.113.66','2cc2422b0c72303022c41cc81aeffd4113b03714\r'),(80,'mobile','Android','174.135.182.254','3f5b6f52398b732dbd27328c4bc0592d8f1d9850\r'),(81,'desktop','iOS','164.108.225.173','ff7789b04a4608ea544e84114c5c9f15b52e1ee9\r'),(82,'tablet','Linux','188.130.238.15','3a04bf45a2044a38ded295ff102c90173b6cedbe\r'),(83,'mobile','iOS','45.78.92.89','9c84dd8865cbd7f78beded4a384d397af0f916a6\r'),(84,'tablet','Windows','115.5.85.91','facae6f5a886746405714833535a017e88fa8706\r'),(85,'desktop','iOS','38.189.22.119','4048abd14c7db13c8bb959349487d1838ba20dd2\r'),(86,'tablet','Linux','78.5.21.76','7fd4239b8a48696b647ab241037e6ed96f4ad32f\r'),(87,'tablet','Windows','161.178.253.129','927d0381b642085c401f3393b65e0f115861de11\r'),(88,'mobile','macOS','12.95.78.170','2d35e89834cc2555185130ab8533113b3a3d7572\r'),(89,'tablet','macOS','139.244.223.144','7e14d04928fb6c753869e3689497609cdc582137\r'),(90,'tablet','Android','30.172.38.84','bd5668502309b75601eefa0c24ba0cdcabefbad4\r'),(91,'tablet','macOS','113.127.196.34','e5cfd8b2da2ffb51ef10868b96e03fe7468c1590\r'),(92,'tablet','Linux','181.208.70.69','943e6d2c89367c37aef365ccda1eda46671d630b\r'),(93,'desktop','Windows','149.214.210.217','320f0f915e48441b154cfd381bafbc32925878c2\r'),(94,'desktop','Windows','173.121.61.113','21867daea1194c8123819014ad16039e12f720af\r'),(95,'tablet','Android','80.155.78.82','6194adda47fe89fdfdd761aa437a9b37649ee811\r'),(96,'tablet','Linux','189.220.123.46','fb8de51f4582f00e3fc0e548243557a69f0582d7\r'),(97,'tablet','iOS','214.158.103.73','385edfd604009e2fe6561a4a16067ee917db3e55\r'),(98,'tablet','macOS','70.242.155.67','c1272dad3a6622071a13f3b34ba37d5497c38ecf\r'),(99,'mobile','iOS','141.122.97.218','465815f177e62bdf7a35ac4371701217b05a3f1e\r'),(100,'desktop','Android','35.22.246.235','6257d65ea306f4f1acbb534d8af884798e557f38\r'),(101,'desktop','macOS','212.190.126.6','edfadce4cb6dae3a87f626ab6fb13d7eda20aab3\r'),(102,'desktop','Windows','7.254.109.133','740ff0612c8f0e1361e21acfb94e7cdecbc9ca03\r'),(103,'desktop','Windows','216.107.103.78','251c4704e53a0484858c7b685ee7a16903919605\r'),(104,'desktop','Linux','133.91.72.209','d2555bfa18fbe188584798795f5a7a137c76e50a\r'),(105,'mobile','macOS','76.219.87.48','15baf898122a82f72541ab928ab4a4452a4bcc4a\r'),(106,'desktop','Android','163.249.127.79','e2f05c5fde6e7cf863d443041cf222ffe87c127d\r'),(107,'mobile','Linux','119.62.60.171','2c82dfae03357f001cd08810e127ae04c2df1808\r'),(108,'desktop','Android','99.247.15.135','973893cdb21183fadaedd893195b82a4e2cfb02a\r'),(109,'desktop','Android','87.51.3.7','07082b55dc59822045395f2b185f6abe3a115167\r'),(110,'mobile','macOS','43.93.240.170','789cb2c95a546fe1d4da1d6c752f52a6b977fbd6\r'),(111,'desktop','Linux','72.46.76.141','48a07619eb5b8abbd6e36e987c46709b95ad6dad\r'),(112,'tablet','Linux','212.51.149.219','5a10213f130131be8ab89e0705fd75a1c4166ba7\r'),(113,'desktop','macOS','151.149.123.79','e507c1402837201843b9f6ba4776691136c4cb31\r'),(114,'tablet','macOS','182.90.94.69','dab72376185e3de628cd590bbe6898cfe0246221\r'),(115,'desktop','Android','214.136.184.42','65612b5d7feea5976456c039d36174233b64f73d\r'),(116,'tablet','Linux','215.62.19.27','7eb69fc35be3161f993a130d0b367dfe62a11f5c\r'),(117,'tablet','Linux','131.49.23.230','b1d959443bed6be00997f2c8f381ba9936fd3b04\r'),(118,'mobile','macOS','190.217.24.48','56610098803f0ccf14a8a0f3f8095f0846568335\r'),(119,'tablet','iOS','84.142.177.38','0f051e11a4a77a902c50346ebc6887c002f266e2\r'),(120,'tablet','iOS','102.167.18.162','36f2e2dda67464bf05a054a3c6e4366ca185f990\r'),(121,'tablet','Windows','95.102.161.32','71186b66bd19511e550863c2a0505be43f086bb8\r'),(122,'tablet','iOS','188.224.202.64','aadb977ede0dfffb60b59997ae0b1fff6c9f9817\r'),(123,'desktop','iOS','206.117.108.250','ff4ed37a1ebf248996c438f536d0dfd744c3c1fd\r'),(124,'desktop','Linux','139.106.128.72','df39408adf2e7fd883915d1e7bb7b939dccdc80d\r'),(125,'tablet','macOS','112.68.144.181','a148e8f0d2a3475b1dea970156e3401199c6f70d\r'),(126,'mobile','iOS','22.151.116.110','ba1277d15cc10249c5d9639b9a3d03239beefb6c\r'),(127,'tablet','Android','25.191.169.118','a6e4955401c209332666d0a02ea783436b630594\r'),(128,'mobile','macOS','204.14.172.7','ac9cc6039909e2587328142f761624fffe3f2734\r'),(129,'mobile','iOS','150.118.194.23','7a01bbce0b37908eb4dec915cc802f5f6c428372\r'),(130,'desktop','Android','124.93.120.3','d37410203ad85699d068e7f9f33bc21eb4cf709e\r'),(131,'desktop','Linux','65.153.139.155','a8a5689a9101fe9752e717db67d432e56fa73117\r'),(132,'mobile','Linux','209.129.51.162','a6c7729ab3dced3f5d98fa4c00d9f9ff636dd2a3\r'),(133,'tablet','Linux','104.224.17.17','9e82854650afc1638a76348c0d8a05c521b46750\r'),(134,'tablet','Linux','198.28.249.249','6eabcb742574fa60a4945653a551f215d71a868e\r'),(135,'tablet','Windows','178.0.36.148','50e33353d4e017d95b3abf0bea88dd0ebede27b2\r'),(136,'mobile','Linux','173.202.165.146','082629adfc8fa4c18b0c8d6e9973f65a5cf72e1b\r'),(137,'desktop','Linux','160.141.107.201','5cafaf502b3559a77412c01165b25596853b7145\r'),(138,'desktop','macOS','165.1.155.87','b26f33c41516017ec324a9c406d91dc6419d44f3\r'),(139,'tablet','iOS','61.169.207.118','c0c2d19347e9fb1608345b2e7931b202c17b0f4d\r'),(140,'mobile','Android','95.50.150.7','e783c02769a946887dff1aaad2a30cb054551313\r'),(141,'mobile','Windows','188.238.221.188','ba0123702bf8aea467e88c5cd7892a5617e870ce\r'),(142,'mobile','macOS','33.168.233.65','6ba6983ce31593b22f02ab0c88121b5973bac874\r'),(143,'tablet','Windows','117.155.63.19','f6c9f0f96b002ab0ef017285945621a3d1173c8c\r'),(144,'mobile','iOS','173.93.135.0','a1ca08e2d449ce07ea1a8fdd0ec7bd9fa3151804\r'),(145,'tablet','Android','57.72.3.166','586af0a9bef6be5376947a41617731c158f17034\r'),(146,'tablet','Linux','65.222.113.16','e69e01d7d939c10c0a505b7080afd612e82fabf1\r'),(147,'desktop','iOS','121.181.93.64','b52072761d18e3c4e0950aa5ff905825dce6d9bf\r'),(148,'tablet','macOS','170.155.87.68','25d1d805ca8e1489cd5d52f065cf9ca7a5f52ee7\r'),(149,'mobile','Linux','128.196.96.141','453442a62c39ecd929e8dd2187466d1cf0032485\r'),(150,'desktop','Windows','184.63.46.142','25c786c9ebe5bb58f31518a8bbeeaf6e6d66dc9a\r'),(151,'desktop','iOS','112.163.121.39','bedc2734cf314d885aa1fba939b351571ac94ca6\r'),(152,'mobile','macOS','156.247.168.24','a37bce0c7183438a80b6e561fb5648f9e224a8fa\r'),(153,'desktop','Android','205.49.63.142','9305f8f8134c66603f9b362bed0290178580656e\r'),(154,'tablet','macOS','174.160.121.137','884f1269eafd0bb71a15a8eaf51606757a86bcb8\r'),(155,'tablet','macOS','57.11.103.179','09918389271714154420e4c16681c75b443b3638\r'),(156,'mobile','macOS','9.63.119.99','0cdef2345d74ef9db380b55e578da1af71f7e7e6\r'),(157,'tablet','Linux','11.133.126.190','a9b45d168891b3ee45dbc6ca3ad38f26ba39865a\r'),(158,'mobile','Android','120.68.184.142','aecd03dccec9d2ed8a54c51566876cbec6137f01\r'),(159,'mobile','Linux','171.48.239.73','73080efb7c1be8b1d7fa01cce2c0737ba27a5efd\r'),(160,'mobile','Linux','192.224.170.203','d64847761dc0f2ad53b17fce5cb4d36eff1ac4a7\r'),(161,'mobile','iOS','116.233.181.182','659286b46b2aceb571f13f0127155e3a134e4659\r'),(162,'tablet','iOS','50.181.48.216','3aa3fa8a062bafbd2e3d8e27c52aff015596d1c7\r'),(163,'tablet','Linux','125.130.230.181','8f3c2cce94064f7172adf852a4671953fa2b1931\r'),(164,'mobile','Android','18.118.178.248','ec4e6139d812bdf1e76e206cac8fd165caa1c669\r'),(165,'mobile','Windows','43.62.236.217','424822d4d28c1dbe77ec48572a88ba242e783c98\r'),(166,'desktop','Windows','141.93.53.6','ff07d756a8355218aa542a756dfa924c45b03df9\r'),(167,'tablet','iOS','125.124.108.191','bb8e9e0c3cc2aae5a1f16cacfc8d4110076413d0\r'),(168,'tablet','Android','156.81.199.182','2a1b68ae63ff25d74538be3f116013cda34e9043\r'),(169,'mobile','Linux','154.63.138.246','feaeb6aa81a897b227d46cc4d2b3ef7d0e570aa7\r'),(170,'mobile','iOS','101.227.159.138','2357ffb298498d6310acb48aa89eea41885ab5dd\r'),(171,'mobile','macOS','168.48.114.143','189f410b50e2da99457b243ce1445ec75b98f3fd\r'),(172,'mobile','iOS','191.72.225.187','d8c54805f62c0f9dd9ed2447946d182c8d69b538\r'),(173,'mobile','Android','38.189.254.91','1366708c61a6efcbada94c11ae9fd88ddcb64689\r'),(174,'mobile','Linux','172.45.105.159','32ca69f239d624fd895f567d0029e6286b44063e\r'),(175,'desktop','macOS','68.144.51.178','b1fef1529191312aba6cdc50cf6292454a874964\r'),(176,'desktop','Android','142.249.163.79','f45414e21f3d278712747c9d8bf6f2aa65845704\r'),(177,'tablet','iOS','207.97.181.192','cb8d4776d65dccdf73a8c201943c99fce45f0127\r'),(178,'desktop','Android','148.134.202.27','8556a4023f36e5fda09df3b643c7db771eb6920f\r'),(179,'tablet','iOS','9.116.249.22','087a8e85079c393bd924fdb0c1ed8c488eb4446c\r'),(180,'mobile','iOS','31.219.25.204','364a651783e7538cd6cb601165021a7ab4cdaa45\r'),(181,'tablet','macOS','17.232.217.224','2d55a5c49a1ae8383f85fd40c2672a5c757ac2ae\r'),(182,'tablet','Windows','62.71.80.209','c37ae2b8af749370faf3da6fcf68f0d516b54dbc\r'),(183,'mobile','Android','62.86.47.113','e9c8a4293d98fdc4615cb927b1498585fed8baa1\r'),(184,'desktop','Android','78.127.31.11','bd78e3615d6f4e45a1246878394c8d787b6fc5b2\r'),(185,'desktop','Linux','192.99.42.95','a210281bfa786f575f160fd4108066e6a24d5ecb\r'),(186,'tablet','Android','23.177.118.70','2c128032edb9285da57dd6bff8485f407830aca0\r'),(187,'tablet','Windows','203.186.10.35','8a99a15ffa22c6e722585877be43875a0e97b472\r'),(188,'desktop','Linux','146.37.101.59','ee18b376e17e75e7fb4689a7055a8173486b156d\r'),(189,'desktop','Windows','85.143.209.144','8195d8604b768a8818b64538603b1d08484e9311\r'),(190,'tablet','macOS','195.97.215.120','1e5f02f1f6450d506e61dc70430db3c01886bad3\r'),(191,'tablet','iOS','88.143.241.110','f1209e863b4508db3aa385939c94c7f20dec2466\r'),(192,'desktop','Windows','29.69.167.92','17786a88d93d5653a3b8100bfd7fc9e59b8d88b5\r'),(193,'desktop','Windows','104.155.182.109','6ebd332bad5013726cb0cc5e64f721d729c65ddd\r'),(194,'mobile','iOS','61.13.146.164','fcea957180e1f3acedf0be1e5dd0749f5e1fb1d4\r'),(195,'mobile','Android','85.19.184.249','8c6221289feb23a667762e42694f1d52b632d886\r'),(196,'tablet','macOS','121.10.10.7','e7e008f4f1f19d720565237b1c12625edc3a934b\r'),(197,'tablet','macOS','185.132.77.56','2d95a9654c51378950a1c8d6e1b3772ff6e2f373\r'),(198,'mobile','Windows','76.129.133.95','abd4211dba16925da9d9abf58a641dd58ea441a3\r'),(199,'tablet','macOS','12.46.150.175','736258672aa65cb47998d9cfb61cbd9ab704f505\r'),(200,'desktop','Windows','119.87.11.132','7208dd2825e1c10299d08fde5206678a52ff5ba4\r'),(201,'desktop','Linux','95.43.238.26','e6a145e585f3c3a61a5628365cb79a85495f9817\r'),(202,'mobile','Linux','181.196.61.30','d497b891bb50ad0340c527d5d27a4b822287ba2e\r'),(203,'tablet','Windows','38.170.72.66','6ae4b248e0cf3562cdce2d5f585189bd21ddac4b\r'),(204,'tablet','Windows','78.34.250.188','04c11699eb98425aafe0da6dd63ad261abb26b44\r'),(205,'mobile','Linux','43.118.203.191','290b47b2e9993388ce5e26fc8384add8d1033826\r'),(206,'mobile','macOS','53.74.240.227','74fc3100d7335fdeac30a55562141d1a2902f880\r'),(207,'mobile','Linux','115.26.145.198','4b4bb581ee5cbbbda268eeab21f84dadb06d02ed\r'),(208,'tablet','iOS','209.192.18.156','8890378c4ab10dfa5154eb36ffbd8707e973c8be\r'),(209,'tablet','iOS','144.108.122.154','eba2cb1e791809682d9a4ce7681740b8235e5661\r'),(210,'mobile','Android','49.61.156.98','7c11f1c0ac4454daa97a09e115f7524f65051ffb\r'),(211,'tablet','Linux','67.176.90.50','ac76afe9e780bfc16e2588c4fe953124f2398f7b\r'),(212,'tablet','Linux','72.122.45.35','1566a6553ee14dbaa9d57cd19a65c4ea4cb4fff8\r'),(213,'tablet','Windows','112.3.65.126','435264b705c73f9bece6ffb01f0bf4c364d78c4c\r'),(214,'mobile','Android','5.5.38.18','bb98866de566752d727c2ebaef3deef9fbc5d7bb\r'),(215,'tablet','Linux','146.112.232.75','3891f6f6425297b4146bc9f3fe5111ed1c7e0a23\r'),(216,'mobile','iOS','213.132.92.244','eb566a0e553e137a855995fa81dc28ccee6e5989\r'),(217,'tablet','macOS','111.200.55.56','15a281750e744b5527495955031b3acef9fa080d\r'),(218,'mobile','iOS','207.249.144.115','8b90115783f3bb61eaa6246c9d1ac12160a8fab1\r'),(219,'tablet','iOS','147.235.32.91','2a60d198e6e36edc515bc031b646e5bbc2559bf4\r'),(220,'tablet','Linux','215.162.255.169','a8152bd60e71b461be568a2c8043f6f282ca921a\r'),(221,'mobile','macOS','150.226.77.73','7caf918ed88252511f9ecc53026b4636e37f5fc9\r'),(222,'mobile','Windows','77.114.182.154','c0423785dde5357e9d9cec9984ae42f30b6999b3\r'),(223,'tablet','Windows','173.58.84.5','7e476e0b4b34a7d62109f21dec70d9a3f54ed97a\r'),(224,'desktop','macOS','111.161.227.206','d969a6dbd376fb70398f9a1555d9ac47688af0e3\r'),(225,'mobile','Windows','50.225.189.230','4f762a78e3ead115760e0a3b5d2af8e6de063cc9\r'),(226,'mobile','Linux','97.166.146.185','1799dc90438f3db6edb7d011efa315e6c92a5a36\r'),(227,'desktop','Android','94.155.77.142','b045f7f832e26426371ce646b4f63213230796c7\r'),(228,'tablet','Windows','162.157.18.46','a86f6ec6bc2a322a9cd360ba0f525d85a1766efd\r'),(229,'tablet','Android','14.227.35.255','a0f31202ac7b3d42b9d2a28dce4a157a32b720d3\r'),(230,'tablet','iOS','45.242.124.27','054be8e0791d30ab5d5254cc8ca2dc9fba1d1352\r'),(231,'desktop','Linux','51.165.8.163','5aed34b307aa6c94689274b83b88aa07e284e610\r'),(232,'tablet','Windows','20.60.157.100','3e043c1f47d43e6d230b2f0f7875ce1884d4108e\r'),(233,'mobile','Linux','152.29.81.45','3ac5c221ec545b08c856575314909662c03c6bf2\r'),(234,'mobile','Windows','22.192.95.223','e489422aa5e38f8c469a123dc40eebc1e4146f1d\r'),(235,'desktop','Windows','209.161.30.202','851fcd780e872789d91b4fd0e547ab177e90d1e2\r'),(236,'mobile','Linux','120.102.214.115','39ac6ce08c164c66a286eff91faecad6090695ef\r'),(237,'tablet','macOS','131.2.160.48','9677de7efa3a1b1a5c6be5e8b0e6dc14460e973c\r'),(238,'desktop','Linux','43.37.125.160','bf09c3d0df7afd3f3b1fae22458d370915a8b458\r'),(239,'desktop','iOS','80.33.26.153','e12455d65cc4c88b22f590beb6abe1a00572cda4\r'),(240,'tablet','Windows','210.52.6.235','018212d47e60e7783a2ba42eaa2d7f0fba44e261\r'),(241,'tablet','macOS','164.93.63.162','27db37ebe79b3c0fd0e3687957bd294a8ab44b7a\r'),(242,'mobile','Android','33.110.9.247','5b808556769c06d3220579650fd2406142d2b0af\r'),(243,'desktop','Windows','153.16.155.4','b6d63f54faba9575dae699a964f6ce8f27e6f63d\r'),(244,'desktop','Windows','90.10.96.226','89bb036b5d2c37685bcc542ef33b9b85d147769c\r'),(245,'tablet','Windows','182.148.74.196','8bd8f934e12e4eda8596a2a039bf5a62fc091aa7\r'),(246,'tablet','Android','143.235.41.213','fdf219c95793db73df93aff626362f55ca8eb35b\r'),(247,'desktop','Android','111.24.56.246','adbb73b890b8656292aefc0719216da8c709c605\r'),(248,'tablet','Windows','175.19.246.222','7830116f7fc501496c0f12810beb3c888e814a71\r'),(249,'tablet','Linux','60.235.249.21','2a40695ce156b0930099a8cfd53fc9bd91bf7c9e\r'),(250,'desktop','Windows','10.94.28.222','133f0b3e8cd51c746002cb3e64187adbd65ea7e4\r'),(251,'desktop','Windows','161.143.124.159','63caccc639e0c7dcf9e2337342274fdc5a8cff04\r'),(252,'mobile','Linux','185.9.249.75','ad97ab16d50a76c38cc0dae3e5faba59fd1857fd\r'),(253,'desktop','Linux','19.181.248.99','18083a590149826ed220becd183bb58188875809\r'),(254,'desktop','Linux','83.111.204.72','d713d16d48360a78b11fdf438bbb826ce390ad7c\r'),(255,'desktop','Linux','196.254.68.114','8d1ec0b61a70491f71babbdb8b0ccc72420a491d\r'),(256,'mobile','macOS','149.210.48.12','59df51b32003197a0e6e5d93bce530f59e60ff8c\r'),(257,'desktop','Linux','189.33.85.199','08e74863a15385332d634376ec50228f8e881c5c\r'),(258,'desktop','macOS','206.174.219.245','4ad721213abd8baba66bf899925a31d855889ec7\r'),(259,'mobile','Android','187.159.250.162','fb7da09da00ff9182f4a69b43c2be55fc03f98e9\r'),(260,'tablet','Windows','19.148.61.244','34107926081c66898f7eabac5a6bc03aa9297e33\r'),(261,'mobile','iOS','108.24.123.220','75ddd49d3ac48c651b5515eafebc918e2d73e3bd\r'),(262,'desktop','iOS','124.130.35.113','995b342c2d697598a6e3149c36efdc3d7f692169\r'),(263,'desktop','iOS','163.212.125.61','13a2098758e9af178ac079fce2a261d7ab21c853\r'),(264,'tablet','iOS','109.117.95.74','32090206e90f1305b3bf65d3b036829e1f26adc8\r'),(265,'mobile','Windows','142.48.150.224','b6cc2b8fee4668edf84337b2635a6935dfae3f0c\r'),(266,'mobile','Windows','215.131.230.189','6a58740292ebdd5c83c6f26322823c430de36573\r'),(267,'mobile','Android','140.121.113.140','5fad48f9cc6a8e78d8dacab4dd65183f909e6c84\r'),(268,'tablet','Windows','6.251.188.209','1a6218020bec250ed1fa6d4f601358e32169ae12\r'),(269,'tablet','macOS','111.128.32.224','23547bc34f517014db27459fc2338bbfe4fc8310\r'),(270,'mobile','macOS','30.81.68.202','db2028439713d3d38cc555650686bf97b84daf12\r'),(271,'mobile','iOS','6.106.161.208','47d7bfbe8dcbd758ef23f81e1d969d93a53bd448\r'),(272,'tablet','iOS','204.247.166.246','f8d6bba44256532513d2a913e02dd7f341a99f1c\r'),(273,'desktop','Linux','15.103.63.244','05ee54c4eafea8aee58113898b55a496c16a6565\r'),(274,'mobile','Linux','164.91.175.68','f7c36cffe2c55ad5b39b40115465c21b7e52ec4f\r'),(275,'tablet','Windows','38.62.207.203','92170bc42091cc6ff7e0bcbd2878d813cc07963e\r'),(276,'mobile','iOS','183.63.167.89','449629407e6d4b75a5c2333ebe160b807d276d93\r'),(277,'desktop','macOS','21.193.162.149','bd192d6552a5bb53bda5fb41e33ea82acec7a02f\r'),(278,'mobile','macOS','75.224.97.183','236402110a24edcbcf84d05015c185d48c6093e3\r'),(279,'tablet','macOS','15.177.0.119','d8d60a4a33f63b9a7f010c76d801f1ae22829ccc\r'),(280,'tablet','Windows','79.59.253.153','ec2e78d6665ee875616fbea4d7ef88998235c2c0\r'),(281,'tablet','Android','96.64.188.190','ae74ff694f7b554333fe2b33850835c99cdec4be\r'),(282,'tablet','Windows','62.202.17.174','c66321ef6b4226228cc43a6a351273c898f8bf3d\r'),(283,'tablet','macOS','53.17.205.78','c354540bed76e8c16e9901a2cdf3a8da4424b1de\r'),(284,'desktop','Linux','1.165.103.246','7b427aa229be4dd86422a08ce36e67c832933b76\r'),(285,'tablet','Android','89.235.37.213','3f7f6a0c346490dc9a22c4b37cab6ea34cdb758f\r'),(286,'desktop','macOS','223.174.10.255','a7ef59fbabb3b2e2029197bad31310cd021398dc\r'),(287,'desktop','iOS','218.46.107.158','0d7b302c6e408a1815748e68ffb5300bd43582b0\r'),(288,'tablet','Android','155.153.202.84','16fe5ec2924ecbc503795ee23c457c2b2c86e699\r'),(289,'mobile','macOS','71.179.178.157','b4f76540fb91faaf30c1e99300813f8b1e1be5a4\r'),(290,'desktop','iOS','137.208.72.17','7637ffeb77d880dba1e5f3ca1c89bfed1b46a759\r'),(291,'desktop','Linux','13.222.240.193','1f001167ae6103d468f14a80ee0de284f861890f\r'),(292,'tablet','Android','163.223.98.154','96ed23163f67d381a45d12fbbe9b069db4dd7f5b\r'),(293,'tablet','macOS','70.154.80.142','c10bcf534dc1fdce6d4623a501aef8fd3d924c5e\r'),(294,'mobile','Windows','155.68.190.115','81522eaf177722a2d475c5fc45957df9b9af5185\r'),(295,'desktop','macOS','52.155.65.219','59ce485763ba3152b0c1c3bb83920f5e74746b66\r'),(296,'desktop','Windows','23.139.78.159','52529b757c1b9445ae1de365ada0484a4ea33925\r'),(297,'desktop','Android','125.82.27.103','c1fd188b2d29f600bd5ede15099a79614d95a362\r'),(298,'desktop','iOS','52.229.59.186','4629245b1b2e1594dfa11554e4cad2199cb5ca52\r'),(299,'tablet','iOS','68.251.151.186','5c32cb4e801f98685d7f2c655527f3a417ddf0d2\r'),(300,'desktop','macOS','197.64.185.61','a9ca1da08cee8c03f2c08be2295a6febab08f078\r'),(301,'tablet','iOS','212.78.113.218','45a989a79145ec1530bad5b3b413e42c8516d55a\r'),(302,'tablet','iOS','185.171.179.250','06f86592b1361f839278173ceaa63d0fea8bcdd1\r'),(303,'tablet','Linux','144.234.235.250','b53cc0dd77481d961632535c64c48b3f7d7f625f\r'),(304,'tablet','Linux','215.34.186.173','a4c52fad7633a6ab170e88ac0bee8aa06c8a010d\r'),(305,'tablet','Android','148.160.24.88','9aa2b80c7ad35f24457621c5057725109609ad2e\r'),(306,'desktop','macOS','214.223.100.76','44a8c116883bbabb4ac231699ec0e464dc793f2d\r'),(307,'desktop','Android','173.27.232.205','7c1fa66f2417130fd68973c3f7136d3c17ee7dc0\r'),(308,'desktop','iOS','152.32.170.69','7a558f379646e85167e8d113cc0af0781562c247\r'),(309,'desktop','iOS','162.124.101.144','bbbf9992b17d2ca288d657ecf20953aa04b888e2\r'),(310,'tablet','iOS','88.8.209.206','eb86469831d9ae802308af9053a77393bc39936f\r'),(311,'mobile','Linux','171.81.37.132','e0f43d6bd3d5eb376585fc52bcda06d53081aeec\r'),(312,'desktop','Android','59.205.208.171','e5c61320e60e2153cf665571bd4a250b9e676c90\r'),(313,'desktop','Windows','44.120.100.81','c8f8aac9598deed0ff5fa79af07d492beb798bfa\r'),(314,'tablet','macOS','129.29.28.77','c1b0181fa236a902a90c734afa2dd07016d5813e\r'),(315,'desktop','Windows','166.199.67.78','1a108ff961f18114d3524db41b5fd6a4f968032a\r'),(316,'mobile','Linux','105.44.255.18','2b01c275ef0885ec4b65bd0313a27499ef47b301\r'),(317,'desktop','macOS','202.118.99.45','85203cd8372617fdc5e6f7f8be99350beeec4118\r'),(318,'tablet','Linux','15.188.26.216','99169d11c10fd0275efda6cd0e37542b56705dab\r'),(319,'desktop','iOS','34.246.39.28','ef5a198f474832bcd13ee5fda6e56e4d2a2b819f\r'),(320,'desktop','Android','30.30.167.51','f48b00a5f93c5343d35447cfbb3376c5f33b9e85\r'),(321,'tablet','Android','7.26.126.187','6ee5b219287af0154322cd8e5fa7199e337ee4d3\r'),(322,'tablet','Linux','79.55.161.193','ffc40c1837ca4206e0d1e2696c5824d45e8daa45\r'),(323,'mobile','iOS','175.168.184.131','8d46538d11b915ab28d1bd606213ea47c3db0717\r'),(324,'tablet','Linux','148.240.230.94','24506da2485fd87740e89f426785300a88f86c61\r'),(325,'desktop','Android','2.45.26.216','93b1196bdf26c39ebf4b6298569a3c3960d538d0\r'),(326,'desktop','Linux','172.42.227.38','b656139fc8641afa8add939abe9a7d09b187e288\r'),(327,'tablet','Android','125.155.13.0','f0b9c9f8e1a12fdc66162557218280ccf437620c\r'),(328,'desktop','iOS','142.7.165.219','a80f36a1fcf4b59ecb7dfd014f68fa513bd273b9\r'),(329,'tablet','Android','199.212.113.30','4656b40e09bd6e2d16a33f494c338db7c0331ba8\r'),(330,'desktop','macOS','213.154.114.189','d45cd886e8045f6d5ecc639db30d6e1ee6b2b550\r'),(331,'mobile','Linux','200.51.134.100','3246cff33d6c9fd6611e97bdf5b2fb4f48448425\r'),(332,'tablet','Windows','179.29.200.147','38e7d8de0ca930a074466a77019b2c8681c1eafb\r'),(333,'mobile','iOS','192.192.132.188','72d3155b82c985922f88cf6b5bf4150683e9a10b\r'),(334,'tablet','Android','113.215.210.70','224ab83f7ca87e9f71475bdd5f20fbfcb55f57d7\r'),(335,'desktop','Linux','203.138.150.76','27cf9804d903342602dc8b364cc7991cbf16bbc6\r'),(336,'mobile','macOS','97.59.32.134','9ee47d5d6d49cb9f77007506e7f51240f2c3675c\r'),(337,'mobile','iOS','118.130.248.35','f026e141370231fbf4b4315dc5b525bef095ecf3\r'),(338,'mobile','Windows','14.136.141.221','5cc051b0dcdf85e26912a52bb69bd24880896717\r'),(339,'mobile','Linux','69.163.98.254','7e5a73440f63a91b50654bf57fd7d0609e6acdeb\r'),(340,'desktop','iOS','56.216.69.69','a172cb9b4dd9e1d2b96675b076ac1d6d3c67b78c\r'),(341,'mobile','macOS','84.219.254.19','94de6960421dfeb080813cf34c52476b08c1b53c\r'),(342,'tablet','Windows','67.28.140.241','7853f6dd08ef9559b59cd2cb0ef18e6c46393d6e\r'),(343,'desktop','Linux','34.79.25.91','ba6662932d2a2abbc2fd6e644c728dfc3424b9bc\r'),(344,'tablet','macOS','162.183.84.178','c0c2764a2b8f5535ea73b30d638e48028571c615\r'),(345,'mobile','macOS','86.146.153.109','5707fc81bdfe8cd6b930e1c6aae7755823179f65\r'),(346,'desktop','Android','61.14.2.73','574ac6077b8f81d5564ad62a9d2d1ca86875565c\r'),(347,'mobile','macOS','140.33.209.231','6433f543366ceb0de69b1b4896e83ad6a7449054\r'),(348,'desktop','Linux','143.155.154.17','10b2777188fadca0a963c51ff5b040131900c296\r'),(349,'desktop','Linux','90.146.57.109','9c9f9cb3e9d29ff4b43c6362f3e8d6dcd3dc2760\r'),(350,'mobile','iOS','111.66.172.163','f9a0f2c53f8223ace602dd240967d3f1b54136d6\r'),(351,'mobile','Windows','213.180.249.70','68a797029cfe7f0ae192ca630c849d79f16d024b\r'),(352,'tablet','Android','179.0.118.220','e9256718cfb0f38316216c8d8e0b6a4251f7006a\r'),(353,'mobile','macOS','73.214.173.131','6ccc60070b104df9e7fa33b5fbc561acac50cd05\r'),(354,'mobile','macOS','103.80.35.175','e48ceee662b898bf27fb01d340a4d70f86fa1c89\r'),(355,'tablet','Android','133.123.38.218','c44bf93bdd8c0a3225a0b7ac1b74b3512f6d5a22\r'),(356,'mobile','macOS','12.22.179.189','f6009dddb315853ebf1aad30a68e8ac9e709ab57\r'),(357,'mobile','macOS','164.40.97.205','1596074f8e2f5fd6e1f43b32e32c620f1bbe96e7\r'),(358,'tablet','macOS','39.151.84.110','ba6c40fd6d935964cfa1b88acb60a31182ac59e9\r'),(359,'tablet','Linux','188.142.230.179','1f6ec1bea0ff0fb8c5e10f618b5af420964285e9\r'),(360,'desktop','Android','146.58.205.40','9bcfa41cd1d07c14ac2fe2efaadbe880bf8e9260\r'),(361,'mobile','Android','198.41.150.31','dff566c7809c1924e21ce7f5221ae4b9066d8bac\r'),(362,'desktop','Android','52.82.184.187','5c25da60db6a90be75501c423df4e49cb2de1dc1\r'),(363,'tablet','Windows','25.211.250.8','d5286f0c812829c7e85c378f36f722ba170ee741\r'),(364,'tablet','iOS','193.8.195.165','1d8c07299384801829fd68f2571ac0dc2301c28b\r'),(365,'tablet','Windows','20.22.82.117','3e6b75b2bb953ac238694eee159417ee43e9dc88\r'),(366,'mobile','Linux','66.21.166.53','3f4255ad582ddb80b0bd65a83bc5e3fc103e388f\r'),(367,'tablet','Android','101.116.60.63','9220a42683e67b89456177348e68cb1bfb56f659\r'),(368,'tablet','Android','78.72.177.207','73948754112d5dcf9f3667319e36c0a0cc0e4109\r'),(369,'tablet','Android','205.134.84.113','c40066f538d7c23f1118c4bcf3bf72f1078035eb\r'),(370,'mobile','Linux','14.238.74.120','398f9ef97821a0c79d657ccc67013953877e8164\r'),(371,'tablet','Windows','61.151.246.201','4612cdbef56d80cf807c7a99c054209d44c5fbd8\r'),(372,'desktop','Linux','223.77.186.188','65c0bfa1c8b9f3e1cddf59351fca07fa5c82c9ec\r'),(373,'tablet','Windows','154.199.2.49','ea0480ad632d12421a14558e8110b359f49f8290\r'),(374,'desktop','Linux','100.129.35.206','61098c4c7832d667dbc0715955cc812084dc5c00\r'),(375,'tablet','Windows','151.110.217.196','cc46be412c52273b29573e9240d888abdb7e2865\r'),(376,'mobile','Windows','185.215.29.83','32b389e7ba5ee4b6c337d14234cec2214c0829ba\r'),(377,'mobile','Android','160.137.1.118','17556793aff78d6e7323c677c2896d888f001961\r'),(378,'mobile','Android','3.162.130.55','17aa0e42e0497f50f14ed6899a26c2e89beea3d9\r'),(379,'mobile','iOS','5.180.121.10','5834cf2eece2dfb312303bd21abec081cc15e99b\r'),(380,'desktop','macOS','69.152.179.88','c6cf8e87738c5ffc12765ff229b1c04c62cb36a1\r'),(381,'tablet','Windows','85.45.141.118','f633e391c74ae0d9538fc042dbc821b58cc935c9\r'),(382,'mobile','Linux','205.9.11.198','ec9733c116b5e2c2b0a9e49f42983bb56c9e0642\r'),(383,'mobile','Windows','135.9.47.61','431e470cc7bab0ba7b0db0c46591f1c1707962d2\r'),(384,'mobile','macOS','67.0.91.40','315b1fa172afe761fb592b8e31e7c36b83acb945\r'),(385,'desktop','macOS','88.34.87.130','a416fcc5968d5287c60acbd0bfb07b53295341f6\r'),(386,'mobile','Linux','217.195.39.55','fdb7f4d5c5121666275dbcb6c44fc44859fb2196\r'),(387,'desktop','Android','70.142.72.7','7b6c1343e640ae8493fe9b11b94b86eb9dd9d4e8\r'),(388,'tablet','iOS','96.25.59.195','826b42dc65d4068023bf8773fad6beb2eed508e7\r'),(389,'mobile','Android','162.163.54.239','bdf91e0904142ccdc57bb87d7cf2d473ab0b8af8\r'),(390,'mobile','Android','92.1.164.133','67ab41ec6bda6619b384e7d981577ad29c3e7141\r'),(391,'mobile','Linux','122.83.123.138','ba5bb0b9e387064832876d9cd94b9102cbe2f792\r'),(392,'mobile','iOS','213.204.43.168','905a60b56bba9c411501300a2a03974db14f314d\r'),(393,'desktop','macOS','220.150.67.148','534b1469b9a9fbdd75a5a95971ebb7efa628edea\r'),(394,'desktop','iOS','211.94.29.165','ba3eec0b0958482929a3257a0f2699e46567a013\r'),(395,'tablet','iOS','106.81.165.75','698c01c669605564003d9c235dcf9a4600cc2ee2\r'),(396,'mobile','Android','16.82.162.172','566e6177025ab1c9ea0b2ccc7b667320754b6d84\r'),(397,'mobile','macOS','147.1.246.215','46ede584acdc8f220aa316fd34ee9c6c0059709c\r'),(398,'tablet','Windows','116.40.16.213','ae9ac8602ac290c3f81635240ce688d96ad2a70d\r'),(399,'mobile','Linux','123.225.252.187','e6357e60eaab5dac646fa762114210d4fed05e6b\r'),(400,'desktop','Windows','215.30.250.156','aaa7946786330d78633827160b7f3f15d40655f7\r'),(401,'tablet','iOS','125.191.30.162','1a72b422c36fb4a0055980f57fb33e54fadb44e3\r'),(402,'tablet','Windows','217.174.52.203','055ab94e7ae6d36dad2961a213df7d6a6e5cbc34\r'),(403,'tablet','macOS','194.224.115.248','373caf504e9958b9308c911b379f65994adab63c\r'),(404,'desktop','macOS','154.216.208.241','67f515bd7bc7cb072f3cb6d5d1d81bcff86205be\r'),(405,'mobile','Windows','89.23.160.254','aaa83f2f0bb38209ab7de6c58233d4b7a65d4f42\r'),(406,'tablet','Android','103.116.166.152','3bcab674a243eeebfa253f1af3be57a73bcd7467\r'),(407,'mobile','Android','163.224.194.185','706bd98e9bd83c8a3c5876075c232df606a2a384\r'),(408,'desktop','macOS','208.162.70.42','b2f0e2c472acb6b0c313a9d5e1b0d40e4dc9ec6b\r'),(409,'desktop','Linux','9.24.24.247','79131d8f77442da7622c6825af647d4eb0d1b912\r'),(410,'mobile','Windows','90.13.220.161','61d7a0cc4d22bdb8ff6d627482066670595076d0\r'),(411,'mobile','Linux','45.30.149.149','94997b44208367f3985d2be3073ce04f202246de\r'),(412,'tablet','macOS','38.249.137.17','22695deb3e452310f81fec4a97216f011d2063c3\r'),(413,'desktop','Android','95.115.36.2','be7ef891da7b9e5e0c2a8e297a1324b4be61d04d\r'),(414,'tablet','Windows','25.204.21.193','39167d263fe3ab02756327832460fe3812d609b3\r'),(415,'mobile','Windows','125.29.16.186','5d54a41318d1720824c8ac86c29688838c3860d6\r'),(416,'tablet','Linux','41.224.73.193','b2db7855bb2f239cefc4a6a9fe679728099ae746\r'),(417,'tablet','Linux','129.16.35.124','9476309becc084df35afd68c356777a51d3ae0e2\r'),(418,'tablet','iOS','66.179.38.195','c93216c6bd7d510463cccea46b3de109789fdd92\r'),(419,'desktop','macOS','55.77.210.26','dd376af210ea3ce64177629c75c698954388108f\r'),(420,'tablet','Linux','14.249.251.27','08a3dbbfb31f3de9ad2c49d2dff4414f0add8428\r'),(421,'tablet','iOS','193.103.202.253','ccdddaf527662307de698f8134ccb0d26fa6210b\r'),(422,'tablet','iOS','54.218.39.177','b5253cce0a2ae709c48b01bbe840a61d4699bd34\r'),(423,'mobile','Android','188.71.149.155','7b94082e5a6a3d671b7d9fd9866be3dc7b9072b7\r'),(424,'desktop','macOS','192.125.81.199','cb1d5bc6aa1f523cbab2aaa20a7e48e4bf59143b\r'),(425,'tablet','Android','198.231.14.199','87c59b32546aa510e11d6575a1652068d1e3caf9\r'),(426,'desktop','Linux','135.14.44.3','facac8543c35ea517b9e7ac37517f53216fe1a79\r'),(427,'tablet','Linux','146.87.135.159','47c9445559d23bf292f889a56aea33c2d772e9dd\r'),(428,'tablet','Windows','110.121.178.5','8e2fbcf33b0d008c708e484350d36a7f0a91d84d\r'),(429,'desktop','Windows','120.165.88.17','6afb4c85097ff10b49b89a14c959c9b71743c432\r'),(430,'tablet','Linux','221.236.162.3','cf4f43a69c45a453766daab54da502d3894da856\r'),(431,'desktop','macOS','59.205.43.152','d2a2e717147d17749d9609ca28602014abbfc50f\r'),(432,'mobile','iOS','159.219.129.105','b3a10e95ed5c152efda2fc0fa546331ac15ceb4b\r'),(433,'tablet','macOS','103.34.250.98','48dff540acb951982b82c5a45cc5078b8fe1d2f1\r'),(434,'mobile','Windows','160.54.93.220','ae1be2211467563c088b11ba7145d0fe9d11233a\r'),(435,'mobile','macOS','185.215.6.99','48e3fe680aa5f69d0f10dbb99b5162da724a4bf5\r'),(436,'desktop','Windows','87.46.212.38','1b10b3068c67b52eb29442ee2853dd01f3086a08\r'),(437,'desktop','Linux','187.180.244.94','a324fda9fe9c3c89ba83ebcc128a2e36da5232fe\r'),(438,'tablet','Windows','188.62.11.239','d287dd41cf78c297642202e4688ec9c9994dbf85\r'),(439,'mobile','Linux','171.64.17.211','1a3106b954aeb3c7bdb00458ba61ba8f7784d342\r'),(440,'tablet','Windows','204.16.108.84','8224ea941e2107f557aa7c6c787d7b2611d43f0f\r'),(441,'mobile','Android','90.179.172.142','c2a141c7fc2abffdedfabbad202ed180f2e65301\r'),(442,'desktop','Linux','85.130.233.239','d32e0cb4ab771c7961132ff68d30a18623abd0fc\r'),(443,'mobile','macOS','149.197.76.172','37ddfcbefcb52bcf8b8cdd1f537ce0e63231bf13\r'),(444,'mobile','iOS','54.66.213.246','1c0368f51b9b0ee52187abec59ff03543b221c00\r'),(445,'mobile','macOS','52.0.71.103','eceeb2136e12895a58d00eb1a9567e54b8a5e9b9\r'),(446,'desktop','Linux','48.74.241.150','2924bae7b8d13f46374ef439acd7e1f14e3fd6db\r'),(447,'tablet','Windows','49.140.171.47','9f1ed4ab868e979bd195c0c14a1e03336042d9eb\r'),(448,'tablet','Android','137.184.57.77','59dc0d6924dabdd27751bd8ff93e21fdb5e03496\r'),(449,'mobile','iOS','57.90.76.46','dc4bc2e3a4a2b6e0a5202baf2f0a8ef6b1e2f2e3\r'),(450,'tablet','macOS','113.172.69.237','0b7669545f807149eb6479f5e831d037fc8e69df\r'),(451,'mobile','macOS','116.78.58.101','4580cc4b8f8e73eb60ceb7a55b5657ce45609432\r'),(452,'desktop','iOS','20.35.230.51','39e1ab5276101e76aaddf04b40b88993071bab7e\r'),(453,'desktop','Android','162.55.5.57','aa57b2ca24e4fc3f50a7ff87435dc9d5bae18f21\r'),(454,'desktop','Windows','200.48.99.208','8c7f54686079c631343e53f67008e0adb49e296f\r'),(455,'mobile','macOS','87.39.129.55','48cb58ead917ea9bd87a092f452b9f312f972b0b\r'),(456,'desktop','Linux','39.119.204.102','d199047f4e2298b51482a5a21b037f208f0ec981\r'),(457,'desktop','Android','201.206.26.80','74ac11f03ba12f685a5a03e0abde8181a3eb9df2\r'),(458,'tablet','iOS','145.128.227.42','f95e3b2a401e95f663ff6a74657b41df8d323b07\r'),(459,'desktop','macOS','111.203.156.163','c3f845d8010b8dacc1813610070522d3596f067f\r'),(460,'mobile','Linux','117.85.228.86','5da719bbce9f3481d5ed5d72aae0755c38991794\r'),(461,'desktop','iOS','80.207.42.2','1901822d55349cb07d5c47904a4c6d0f54aded6a\r'),(462,'tablet','Windows','25.195.117.197','d5ecaa3b0cc32b63ce5a2982e3a79b8d22cb5280\r'),(463,'mobile','macOS','55.66.83.205','e1afea70ce70cbf2abc202a69b6b0b467664158f\r'),(464,'mobile','Linux','205.123.207.169','7e29295264678d37109bff3335323ee117ac6c55\r'),(465,'mobile','Linux','71.131.139.255','80c15964592a962a210f50785d8183313774bf0b\r'),(466,'tablet','Linux','81.106.245.0','b4ae8df0ec7421c0ba0fae5be26d69308832a3d1\r'),(467,'mobile','macOS','82.138.200.206','bdd944b0325bdb3cdf1ddc119bb5f23848431857\r'),(468,'tablet','iOS','213.83.190.160','961c272786a7ff2b50e71e152a2dd4d7a00f0590\r'),(469,'mobile','iOS','158.69.115.84','4de257405368ed6e719ae591fb1b5b47a7ef3268\r'),(470,'desktop','macOS','47.188.108.142','4645f0cc90b02b1efa3fcdc5624738503c3a96af\r'),(471,'mobile','Android','49.86.110.168','f0c0a285410f5905244f40ea56169fba3f565fa2\r'),(472,'desktop','Android','218.137.224.219','45564460113ffe7f1cfd154316d12ee738355fce\r'),(473,'desktop','iOS','107.121.192.93','66d81bf7ed507265be4b39a85bc858b4aa637f5b\r'),(474,'mobile','Android','88.190.52.130','6942d122eea2dbb7eed62681f19048e3f540027b\r'),(475,'tablet','macOS','61.193.103.234','094b5cd1399101cc441e33a1a010f5e9d5f43612\r'),(476,'desktop','Linux','178.55.231.201','3868993ec98a96f2e8b7f4ad2135b31aa8391825\r'),(477,'desktop','Android','205.242.131.240','8b63c4becebb9397efd7b99d993cc940e49c3723\r'),(478,'mobile','Linux','107.7.203.34','75b0b6855eee6cc8fd68c9d696525ddb9e3e4fed\r'),(479,'tablet','macOS','145.3.19.181','a2691fdc6083f87902ab1f328565e7064a44e59b\r'),(480,'mobile','iOS','64.124.128.232','83bc1dba69f64ada11d8aacfb28e9d6ac13a574e\r'),(481,'desktop','iOS','151.140.135.160','8517646382a04f427a8779a16874621adccfee0e\r'),(482,'mobile','Linux','25.244.94.107','d76d55da7c1255a001e5fb6a5178d2389869a28d\r'),(483,'desktop','Windows','149.14.220.143','2c24587858e7c67f64b566e4d194dca9341c56c9\r'),(484,'tablet','Windows','104.60.214.23','44b6f9161072753f15324fe28b270cabc183e3e8\r'),(485,'tablet','Windows','138.118.202.74','2907ba6a21b9af4e9634bbecbd563e5abd0a0c3c\r'),(486,'tablet','Android','92.98.102.229','cdaadee55849e065afc192217fbbbc8b4f0f8be2\r'),(487,'mobile','Windows','211.217.183.165','0f0c5e295d51692616e13f6320ffc37c20707d15\r'),(488,'desktop','macOS','223.33.99.50','e24bb4084ad2dd64cfe18e9433ed54b3a27f40a0\r'),(489,'mobile','Linux','177.32.249.66','196a08aaf6aeb40d457999fb539702c16044078f\r'),(490,'mobile','Android','29.250.154.34','a36fc9a551db7e8fed7436754448d2f8b6028bb4\r'),(491,'tablet','iOS','114.11.219.230','383bfabd7295e6b0f5b5b3fd30438afdf8618531\r'),(492,'mobile','Linux','158.153.232.50','3ee7df878ae710c2e0f4d228fc44b84f173f9811\r'),(493,'tablet','Windows','27.79.203.77','6f6ffc8dcc4ec6fa1ad7665c46fc6b36dbca6ebd\r'),(494,'mobile','iOS','154.129.34.158','ebb68c685278a667a9100bfabe8865e0b3a9c2db\r'),(495,'mobile','macOS','174.122.28.161','aaa1fe45270f02e82dc4d223497e8a4ccf59998f\r'),(496,'mobile','Linux','30.111.86.191','5a4cd352d6b88e2414ae2a38997706e541c369c1\r'),(497,'tablet','Windows','51.200.129.195','63517b0f9f93e1c7514a5dab69c4c0a1a311392f\r'),(498,'desktop','Linux','70.207.64.156','4a0d7d0aa4083e8345e67b6ba24aa1921115c5fc\r'),(499,'desktop','macOS','203.47.194.253','e3fb969345be19d6c6ebb39f99a7fe6179e1ed15\r'),(500,'tablet','Windows','156.61.38.51','7a7d59fd744f9b3ff64302eb8ad2b8495bffc210\r'),(501,'desktop','Android','93.200.70.76','aaada6c4b26667c4a87060e0715561dd3a4f47aa\r'),(502,'desktop','Windows','170.23.49.194','13e5cc4c60d7e96b273c7b881319d45c28bcd5bd\r'),(503,'mobile','iOS','213.180.87.154','af800ff64abd1dae5b129d1d6bc4d852f2c6bb98\r'),(504,'mobile','Linux','90.80.242.138','c71f4bede30dd7e79f4e29ec5a7a3f164ccaefa4\r'),(505,'desktop','Windows','171.82.231.236','c75098215829ef1af0ee3d6c163f823f8c821129\r'),(506,'tablet','Android','109.94.92.29','a59f19704c0150d4d36bf93273284fc2dfd129b8\r'),(507,'mobile','macOS','111.177.144.98','a91eba726d63d0ebcd2f52380d2a7df3f643a91b\r'),(508,'tablet','Windows','38.50.128.109','e3b526d991f0d8a96d85949a7c861e6c1f8b9b6f\r'),(509,'desktop','Android','61.40.182.190','694914042476a97510872fabb5007f7f82f34282\r'),(510,'desktop','Android','73.191.86.148','c1ef758f4b87797595485057783cda6e7e9720a8\r'),(511,'mobile','macOS','34.100.60.83','47a65b01b5dc27a60e1377597ac1cc3ea85aed93\r'),(512,'desktop','Linux','211.170.129.160','f3e714536ae494da1cc17fa3fa3a26fb3d516201\r'),(513,'desktop','macOS','49.143.203.99','b18f846005da81dc6df11189468d4c7bf06f3b36\r'),(514,'mobile','Android','214.162.165.151','844dd3859910e116a4de3244f1f75d867b4b0e26\r'),(515,'tablet','Linux','33.69.253.134','928995bdd7a3918eded7897cfa16252d986a9d80\r'),(516,'desktop','Android','125.153.154.238','01bb91794c49a27abd8f0fb9750e3716bbaba5c6\r'),(517,'mobile','Android','147.2.49.174','f4d4a39e65fb8d6a841f7e3d0daa95f0751ed19b\r'),(518,'tablet','Linux','56.113.154.51','8c373bbed9cc980c84abbaf47c9939c8811e20fb\r'),(519,'tablet','iOS','37.25.156.171','8b2afbd8048bb8e6b9da5aebf0e599150e757866\r'),(520,'desktop','iOS','23.54.120.147','2299809183a3035cbfbd4a005d819ed953107ea8\r'),(521,'tablet','Android','33.83.148.73','e99e28cb8480f6f8d0e5c214cef77ff10514b22c\r'),(522,'tablet','Android','112.73.227.175','e41e49ae5d870d3d1a5f9cb4f55ce026d754229f\r'),(523,'mobile','macOS','85.117.139.230','1096033cb3445f0680102c54a9cfbd90f76edc45\r'),(524,'mobile','Linux','51.26.187.152','a033270ce846f71749fef5ad8c70533d89ac844a\r'),(525,'desktop','macOS','196.105.111.255','d50cb334dd5718fcf2bc2bf2829ffa39688dccbd\r'),(526,'desktop','Windows','161.145.205.150','fafd07f0d21d3861ea75b6bd348c68541f413e88\r'),(527,'tablet','Windows','168.239.239.90','ecd4e56cbd981122fb4e860bd10a6ebc255eebe5\r'),(528,'tablet','iOS','173.31.7.66','fead06fc9b8fa2db4829338f01282a4dc5e86f52\r'),(529,'tablet','Linux','27.146.226.219','6dfaae6e3e5eb4fe705e893a47fddc2910f5ab88\r'),(530,'tablet','iOS','123.95.247.6','0b9bb48e932059d7fd1200a198e35a5da949c9a8\r'),(531,'tablet','macOS','147.241.117.92','7a90b2eee64b007ccd7b531f53df4bce88a43528\r'),(532,'mobile','Windows','158.224.232.27','70d47ebad714d2197e5d534839435529c31f0f8c\r'),(533,'tablet','iOS','21.188.144.134','5f3bb3e48bc704d1667f0159a6b8da52f54560e9\r'),(534,'tablet','Windows','146.89.158.126','0585de604dd6bb26b040be7dea5f9092ac6cc5f4\r'),(535,'tablet','iOS','75.166.119.254','391b1688354729a54318466e7135965d8310362c\r'),(536,'desktop','macOS','82.3.29.138','321e25e46576512b0f46ad3ffec9ce5a3269c8e1\r'),(537,'mobile','Android','125.68.103.7','059aafb587695a10391f9e0366d65683e98a87ec\r'),(538,'tablet','macOS','76.153.109.108','adf68e2b8435420987fd62dc915bf5809fdd9f59\r'),(539,'mobile','macOS','199.162.204.140','b7e9e2ee18fd46393b780af28febf540aa60d940\r'),(540,'tablet','Linux','8.184.58.110','4496894b63068b0bde856de0ba5e04d34f72e2a1\r'),(541,'mobile','Windows','123.227.184.255','bf9cc41dd2b7621a86d512a783ec4ad383ef805b\r'),(542,'tablet','Android','19.216.49.110','0de5843bb4b9620b33ccc5bd305d22b9b41a4541\r'),(543,'mobile','iOS','107.30.177.19','95764b68deef9cf5c0cbcf721692cf5e385a5570\r'),(544,'tablet','Android','117.5.116.153','df0dd487d3eadd00781d6c4893d43f4bd4939a74\r'),(545,'tablet','Linux','200.38.75.59','afc0acc5abefbf29835d76515d5730d941adbb45\r'),(546,'tablet','Windows','208.9.107.217','8d5ea5a1f27b1b9bbeacc23fdcbcf9856f885df6\r'),(547,'tablet','Windows','96.194.0.139','a2b83ebdece9a026537be002ec36f0bd154f31c8\r'),(548,'tablet','macOS','177.150.192.67','cbe53d2014a420db7498a0041b6342f47246ee44\r'),(549,'tablet','Android','223.216.83.102','ab81e14b44e34da20f7bc1aebc151a245703578a\r'),(550,'mobile','Windows','76.147.213.67','e97cb2980fc4dcf64f00384e421ca1aca12b77f2\r'),(551,'tablet','macOS','14.211.120.199','b645ed60b91ab1cc1b75a0f4cd0f2966504c69e0\r'),(552,'tablet','macOS','107.217.72.0','177753679c892185ef12c67ba7b50c75231e68e7\r'),(553,'desktop','iOS','213.80.120.160','3cdb14e2cfb7f393d39a61b8a6d16c7f5ab6496c\r'),(554,'mobile','Windows','22.114.21.130','c20bdb01a898732ca1a594db78d5dfe8c7644540\r'),(555,'desktop','iOS','194.54.242.177','b184855ce87a8b222f5708da50580a74ceb11752\r'),(556,'mobile','Linux','14.214.24.6','3142ef03c47b3db75250473abaca34c7ce206d70\r'),(557,'desktop','Android','159.138.98.165','b3af5ec117ca94faef7f084a6fc762e0c6d31f20\r'),(558,'mobile','Windows','207.65.139.165','0d7f3ba390e23a15a34613f2c329e4c3f4244331\r'),(559,'mobile','macOS','132.235.145.164','0fcf51a78a9548d9ad6466827897441d08fb0548\r'),(560,'desktop','Android','106.181.121.103','ea8c5f8b268befe9ce7fb5dc88971089f2ae5b18\r'),(561,'tablet','macOS','42.65.210.174','2a7116bde3438531394101c037a5b4d1bb251b20\r'),(562,'tablet','iOS','151.20.197.78','a32cbe73bd0d2fa28252b5e883d4760c1ed07367\r'),(563,'tablet','Windows','155.9.106.181','0b6c3911dcbd704431cddb33f1e118dd64dc2ec3\r'),(564,'desktop','macOS','146.148.119.144','bbf62665634b1a407e2aca22843e8a406620b7fb\r'),(565,'desktop','macOS','103.161.38.14','6e04c23fd14308bae4ce013daf74b96ce9a0df13\r'),(566,'tablet','macOS','142.95.57.225','ddaa99eab17eaf5edc2a5b559fbe3a5332a95d5b\r'),(567,'desktop','Windows','178.190.205.196','868d02bea0cd1709c859b644df7e90a7355115d1\r'),(568,'desktop','Linux','94.119.91.157','5bfbecdeb4462a436eee7a45abc107cffc949ff3\r'),(569,'mobile','iOS','13.49.233.87','7c7a2de91efca2fecb0d8d19653b38ed3639452c\r'),(570,'mobile','Windows','52.193.13.248','ce51f6590db7ea3bcb682f356a367cd8cecd80d1\r'),(571,'mobile','Linux','197.33.100.157','3298f31f8708f4f07ce6e55c61e4cbffd6ac682d\r'),(572,'desktop','iOS','178.72.24.191','639809d744c27fda0f266e29f102244a46622edb\r'),(573,'tablet','Linux','68.79.34.61','da3afcd1b3396eaea91dd2b8c9118743e12a58f8\r'),(574,'mobile','Windows','139.204.208.173','38f373b39ad0b37955575b8ab70bb0e971c9eb7c\r'),(575,'mobile','Android','215.203.48.150','0144b7596e6a8815a56f32c1d61f6b32bc61fee9\r'),(576,'desktop','Windows','134.16.47.254','ffee525efda5056bb1dbbe33df7578e1b5672165\r'),(577,'tablet','Android','205.133.32.63','e066e99233887cb27361a8ce551a1d2f07d55477\r'),(578,'mobile','Linux','91.243.34.201','8da0f53ee7e7246966810d9786653f9d1c82da71\r'),(579,'desktop','Linux','120.66.226.151','135a15ebc397762a726d71c6d6c18b948fac0a4c\r'),(580,'desktop','iOS','72.77.45.42','66b7102394d602ca40685bf979af37bb9cf7c4e9\r'),(581,'tablet','Linux','133.99.173.16','ff254b60e13d4a35ce45e04e92dc7dd416392458\r'),(582,'mobile','Windows','54.123.30.178','fe88387e371402b61c91d0765eb1e53814b961ad\r'),(583,'desktop','Android','78.167.221.59','49465d90089f967b256a89afa39cb1b1ae2c02d7\r'),(584,'desktop','Windows','18.232.78.59','96f683fdcf991fe25c06415acd75bd00eb229cde\r'),(585,'desktop','Windows','215.35.117.141','d86f8a2ea80e2fb6714882e005dd988d2131de45\r'),(586,'desktop','Linux','222.208.51.8','3c6fdba7a16b8628f544ce9a05046f528e6ac838\r'),(587,'tablet','macOS','222.166.54.23','bfc4051b378847eddef0380f59f2bf262b0ab2a8\r'),(588,'tablet','Windows','143.255.171.166','0e6be5705f5b55a75a9e3d45b0406288979b0ab7\r'),(589,'desktop','iOS','83.142.165.20','43c0e4294016b7ddc01ffbcb30641796c9a0cccb\r'),(590,'tablet','Android','17.227.113.27','a661e4ca580f6c799ce25276b117c03cf91100db\r'),(591,'desktop','Android','214.244.46.46','a7f809804266fda2c193e47da8cdfd6108b217cd\r'),(592,'tablet','iOS','30.131.119.221','f0efdfca0e59a09fa918ed23fcf7d91a4aa66118\r'),(593,'mobile','iOS','152.180.206.136','e4ea8eb61847a196d615870a9791669681fdaa5d\r'),(594,'mobile','Linux','64.52.191.210','834a3134aaf2c65f4a12f14eb7cc23bbf928be7e\r'),(595,'tablet','Linux','13.218.176.108','3770395f21ed15a1ad91b4d14a6ee3bc2118d1a9\r'),(596,'mobile','Windows','72.107.55.251','3ab58419965c376620c4d08e7f4184154eb4d105\r'),(597,'mobile','Android','70.198.228.162','f65f4928f896d5d127a5e182ad65c7325f59c8de\r'),(598,'desktop','Android','114.162.54.168','7d07304af64c38cc13f48ea61055d3adf01b606a\r'),(599,'desktop','Windows','45.57.169.76','1ae8bc17d2c760f785ca80452fa64da32bbe8abe\r'),(600,'mobile','iOS','76.189.115.79','06129132ff53696bd4adc3850f8dbf19acee47f6\r'),(601,'tablet','Android','180.154.121.198','30197f835387cf4e69fc73c18e40635a7e98530f\r'),(602,'mobile','Android','191.15.219.235','6448880ced1aabb6e69c2da6330c88d0de5c7846\r'),(603,'mobile','Linux','147.36.172.101','745458445d19ac4ba5473388430edd1bfa360e81\r'),(604,'desktop','Android','49.168.126.187','eaa4146a6e383e3d076105731132f8fa0e416ab0\r'),(605,'mobile','Windows','57.104.131.130','23534281bd978867c5e4c858f80b237768d76e72\r'),(606,'desktop','Linux','47.148.147.220','248c021736ccc8d112bbcdfdc170cc799ca74e9b\r'),(607,'tablet','macOS','154.112.92.178','7b3109401f08ac5f145cddb150df5c0153068348\r'),(608,'mobile','Android','136.193.55.171','fdfb8994746100c6f961b91b5cf2f2afee6ae93a\r'),(609,'tablet','macOS','50.9.105.112','df0c4b4399eaf298191f3ca04aeb0747f3a32f63\r'),(610,'desktop','Windows','182.153.104.60','09c16583e4ba1b8176e4654df5b409fc60d7c51d\r'),(611,'tablet','Windows','104.170.179.212','6fd6ed58b468688c49786abf1635bd679e7941b7\r'),(612,'tablet','Android','53.201.171.114','969bc2fe2cf2a88f70a734af0333c030f4fb1fca\r'),(613,'tablet','iOS','209.28.177.70','b8ffa3cf71585474f04ed16beeb2b104c24cea1c\r'),(614,'tablet','iOS','63.46.227.211','988d083bbae2ef7f8aecb43b49412d51258a9ed8\r'),(615,'desktop','Android','66.231.9.30','41f563503d065ef6abf57f9bc81fc8b016bacfa9\r'),(616,'desktop','Android','141.96.136.115','8f07838ddc6e13f335d1f3019e97c1e273f607c8\r'),(617,'desktop','Windows','59.30.60.101','50eee624e690e7cd252938effa3d2ebb1d5f7fa8\r'),(618,'mobile','macOS','114.12.87.22','254b4d0f34f33cad87407e29d0802253a23cf6f0\r'),(619,'tablet','Android','191.111.136.92','0c82b67fca172911e48315663b2cd705cea94c3a\r'),(620,'tablet','Windows','10.77.139.127','c31c5542f74641cbdaf1fa0ef9dfcec7c23472f7\r'),(621,'desktop','Android','177.71.182.77','c1dcdca0448477344e5ed97d05815f1fa8b904b1\r'),(622,'tablet','macOS','35.248.0.4','70bc853c1f843d49efdf57ce00cf6bdad8bea11b\r'),(623,'desktop','Linux','173.158.162.88','612f4cd0022e5286801d1f0e24406095e6003769\r'),(624,'mobile','Android','152.120.37.158','194ab76d892cc71e54eccfb7b4fd93a62a5239d6\r'),(625,'tablet','Android','101.1.240.129','33c024b35088ccd911f8a452cb88f89cf84cd543\r'),(626,'mobile','Linux','179.248.170.169','5e361428baa1b413a6e0fef1943018e0b6cb71aa\r'),(627,'desktop','macOS','120.103.170.9','cd17a1c656767bcd94427c84656ecdd81e778845\r'),(628,'mobile','Windows','174.132.177.105','6d305b0cf2372ed18322dea8573a91370c9b12a6\r'),(629,'desktop','Linux','17.188.180.211','dee2b46c32877db8d6a6d7f4991ece6de3d52535\r'),(630,'desktop','Android','20.88.180.43','df0f406261d259f66bef1a34b2672f35ccd2f337\r'),(631,'desktop','iOS','197.105.48.110','feadbc2ac533816a309de94def2d29a303d1c49d\r'),(632,'tablet','iOS','17.240.206.236','64ffbba6a474bfe1c7d2d8a6acb2644da515e53f\r'),(633,'desktop','Linux','64.15.66.160','2c94b2ca0f1541cc666389ad60396c5a4a890a66\r'),(634,'mobile','Linux','90.124.150.54','d50825238086978dc2cbf4ba00a81ea0d95530cd\r'),(635,'mobile','Linux','182.162.89.149','94d17344df3df7dbc8b95d37101ee31850073249\r'),(636,'tablet','Windows','79.0.3.102','a053d2f73df7e96f57a8f75bb17341686c73b36f\r'),(637,'tablet','Android','62.153.98.68','8a843ccfd616418b25d07b409531503faeab44f5\r'),(638,'desktop','iOS','2.196.226.64','b7dbd5d8ee8404b73823307f32e5c4109f30668b\r'),(639,'tablet','macOS','113.34.64.112','b28a3d24367deb8115eb47d6724bb4a99b38ca20\r'),(640,'mobile','Android','16.140.216.24','7a232e8db77058a1cb92d608b1f239195b50f304\r'),(641,'desktop','macOS','16.14.61.146','df6f0dfbc1c889596689050df43f7d4f42e87c95\r'),(642,'tablet','iOS','98.120.140.118','330fc110923063db8925a5ebccd67ebc1c29b26e\r'),(643,'mobile','macOS','138.173.183.200','73dfa25846afe07c5e57cbbbd9e56dd28ae90a5e\r'),(644,'desktop','Windows','89.39.28.196','dd20ba28bf4cd98fa2d7d222ee2605a540fc93d6\r'),(645,'desktop','macOS','33.211.239.146','03f323f4d5167bd70f755f268dc53d788242635a\r'),(646,'desktop','iOS','210.125.75.95','e360eb08e7a063407c1e3d4b685477d1ca05228e\r'),(647,'mobile','Linux','167.235.173.163','a3ba6f6d09d06a61f0f9f5b4da850aae05f28241\r'),(648,'mobile','macOS','132.157.174.203','bb5b0987c4edb17f51b1365066ba07268b7a8368\r'),(649,'desktop','macOS','103.72.255.188','34da2a08b6d6bd101b57ec3e23fa8ec697c38244\r'),(650,'desktop','Linux','125.231.253.9','7fb5f94729591831c0a1bb7b20ef103f16b46dfd\r'),(651,'mobile','Windows','13.56.206.185','94580514409faca8d7737eab0e254797c89b44da\r'),(652,'tablet','Linux','149.204.154.255','6ae3c101efcfda0ee4e82075799be8f64ce9f3c9\r'),(653,'tablet','Linux','176.160.181.1','f235435dd7dd3a8463a8d879db7a873b1ed20679\r'),(654,'tablet','Android','124.34.127.240','ede23d0b283b0e835fb488dc9a3d22097540de31\r'),(655,'desktop','Windows','32.89.57.14','5f6b3b2fad0af0488a8161733ceb79473848c945\r'),(656,'mobile','iOS','27.58.170.157','5ffacd46954930426f10192496a8b25943b45d6b\r'),(657,'mobile','Linux','198.175.146.121','39c63d360705784a5c2a97ad3e55e5599f4ae4fc\r'),(658,'mobile','iOS','114.247.178.102','9c15d4270060cde7e1f397d1ec8de182372c9272\r'),(659,'tablet','Android','10.163.192.196','6811bf1aa5ed0e23200a24a7a60f7905441e4fe4\r'),(660,'tablet','Linux','167.4.41.36','d68dfcd75c1bced813fd8f9250e639705e2d9b5c\r'),(661,'desktop','Linux','173.25.141.147','f9e17f51f7945d621ecf7c5b54afc670f448cd6b\r'),(662,'desktop','iOS','114.253.53.164','2a969e1e9e6a421f87bb92ad967a04bd931b42c3\r'),(663,'mobile','Android','142.53.225.211','697690e831c25bae20512120eb1390807c6471ef\r'),(664,'desktop','macOS','81.64.93.50','783ee6457a86a7c4f835ddbc5e8437650ed7bdef\r'),(665,'mobile','Linux','27.11.245.214','c89aa4a5b323cb91d30270099640f41ac79d09a8\r'),(666,'desktop','macOS','137.53.152.215','b02f0864f04422ef3733035fbe6cc2d302e7e58d\r'),(667,'tablet','Windows','97.249.49.135','7788a630a601f78dd1d2521122b523de8846e27e\r'),(668,'tablet','Linux','65.48.184.203','88a683206bcae40b4a2782bb357193223c0f6444\r'),(669,'mobile','iOS','121.127.251.38','1699ac22b14b01e7167a50156469af313779e8c6\r'),(670,'tablet','iOS','209.46.166.16','b6b41855a3124a0cf632e10f925ef2a0622f570c\r'),(671,'mobile','iOS','27.120.24.51','90da8598f33f7f625d1da6e3c122b33aede1fce5\r'),(672,'mobile','Android','211.98.136.75','0b5df243b064f264aac4477a9b29735650e64300\r'),(673,'tablet','Windows','152.10.21.139','b9248410cbed65d1666e711c59af214040fd181b\r'),(674,'mobile','Android','125.155.63.84','4771c10bf0c18e9f5d6d9c699d18e15b9a6017bc\r'),(675,'tablet','macOS','54.138.207.28','a94c387ccf773e847b66941ce98d8593776891d4\r'),(676,'mobile','Linux','170.197.199.46','0405ef15a9baaa97d85782696f7c2f240d926576\r'),(677,'desktop','iOS','12.221.21.237','07023ee2d0ec68512848ac33476442b45d350614\r'),(678,'tablet','iOS','159.79.23.92','b1018f0b32056513a4595366e5b9415c5f34ef69\r'),(679,'tablet','Windows','168.100.184.48','0f8c0df29cf6791e3604c5b162730802900f9769\r'),(680,'desktop','Linux','81.213.71.84','9ba96c77841f6dc9c116293a3839cd0cf8c6b302\r'),(681,'tablet','Linux','219.105.210.178','4e1b58c6a349675ff66742ef8fac1082617dc18f\r'),(682,'desktop','macOS','194.160.36.86','a5b37a7651f8be82242e6b60496064f183b75010\r'),(683,'mobile','iOS','158.86.105.168','e94caa3a9942f63ceb0d6650a1f01c2c14e0dce2\r'),(684,'desktop','Android','217.185.22.136','7c198c2a108144582467eb728e3e6eab282ce71b\r'),(685,'tablet','Linux','215.222.167.93','88d5ab7f643133fba410ecfcdb3d2758e93119eb\r'),(686,'tablet','macOS','170.25.11.202','b8b9a701d204969aa3b072ff7f8b6616d3bed3d7\r'),(687,'mobile','Android','164.95.100.243','67a0b7a788e28faae61185f60bb4408d261330d7\r'),(688,'desktop','Android','110.126.81.145','ad9abaa87e41e1212bd5822980d73e61123b697e\r'),(689,'mobile','iOS','217.187.240.35','ad52bc9a4aeb6b7304588ce413316b85dfe44260\r'),(690,'desktop','Windows','144.227.205.222','2be9ac08654e72de2e0b087a01ff8dcbeed43102\r'),(691,'mobile','Android','86.55.117.4','09ceef0b1127d505cd3d98618552aba75bb0e3f9\r'),(692,'mobile','iOS','87.123.171.46','886c1990576b591c4ba22b23626d6b7c9ea00407\r'),(693,'tablet','Linux','148.238.19.205','2540e8567b835c41bf1b917297c376bb87c4b979\r'),(694,'mobile','macOS','142.68.86.52','1ffde24975adccf66cec2908be214cce59f83c90\r'),(695,'mobile','Windows','183.154.47.42','684123d463d7633c6ff2a17b4f3f6438406d1066\r'),(696,'tablet','Linux','121.84.84.202','73a10203ec62cd14963eea09c9362f2fd473ccb1\r'),(697,'tablet','Windows','45.88.248.165','9880133e8a63974f41b9b6da21e09f701be47ffe\r'),(698,'desktop','iOS','150.2.211.243','f6d612a2479c23ebb3e3c2e0764281a70fe9ce22\r'),(699,'tablet','Windows','118.67.185.119','138300134ef1074dad95bd1c3d0c51a9b54ffb90\r'),(700,'mobile','Android','56.61.150.180','c9b19dc0b2878e6ae20f14476da8c480c789e83d\r'),(701,'desktop','iOS','218.147.150.143','76b30c9f85935272b8f2e7d42b511aed1d4a1afa\r'),(702,'tablet','Windows','153.228.105.117','99f4b34fba80808ce6677f8e6a26839c192b046b\r'),(703,'tablet','Windows','46.240.205.206','49ce509669319eb01e54502e37f2a321aad29b2f\r'),(704,'tablet','macOS','134.197.74.26','549580f71824bcfd825ae8280cc32c2019c01ba1\r'),(705,'mobile','Linux','194.87.128.0','8e00cbd5d0a505a576a981acf20b9b71c8c9e583\r'),(706,'desktop','macOS','61.102.254.113','49c890660f88ee104a59601140fa0a9077a81b8a\r'),(707,'mobile','iOS','212.185.224.119','85e7cec7dff1936468ec1139e65b9d5e9f6afb09\r'),(708,'desktop','iOS','223.156.4.137','226e7432ae70bd8bf9b072a6deb0cc8c00b20d8b\r'),(709,'desktop','iOS','4.170.142.240','9e696df70f29a055cfd32b746f5af459a9133ef5\r'),(710,'mobile','Linux','121.78.120.106','a037c35ceb30acaf69074f4c55fdb4dc5947af68\r'),(711,'tablet','Android','84.209.215.98','288d2febd2cfca2d574c1d9649a7646aac6578da\r'),(712,'mobile','macOS','6.185.252.230','e342f89ca0027bee0dcf763e1538c5a13d828579\r'),(713,'tablet','Android','8.2.113.9','dd218ddee3938fe6bef8aa102266d670321d74f6\r'),(714,'mobile','Windows','111.178.31.176','e705b09e8b4075fdd3cefb59260c6da1ea88ad73\r'),(715,'mobile','Android','79.144.8.209','fd5c020bc330b1ff65a3691e46a8deee619d8e87\r'),(716,'tablet','Windows','46.198.121.128','d3c24edbe164ce6b81b6450b4c081fa05d6de31b\r'),(717,'desktop','macOS','120.11.211.51','e962fa0292f56076a8879e5e512bc52bedaa9b07\r'),(718,'desktop','Linux','150.27.81.92','d2301260572358db4e85ae42aeb9f4a8c8e4d608\r'),(719,'tablet','macOS','6.37.255.231','eeffcfd6bff1389038308aaec65cc34b65371422\r'),(720,'desktop','Android','208.252.172.38','18caccdc2cb634fb95bc2dbf0c3593ab3f17e70a\r'),(721,'mobile','macOS','204.3.168.98','8c5bd56eb8f4626e6e538d5f09ec944a4dff0291\r'),(722,'desktop','Linux','201.141.50.5','45c5ed72bccf349dd2bd9f5d4a24bf196b01f384\r'),(723,'mobile','Linux','119.191.237.92','7bd51f90456529a4d2422e12af4c4032b97f4eb3\r'),(724,'tablet','Android','40.28.155.118','384feb1f80a08ba22b3c011b0b280eb54460c2eb\r'),(725,'mobile','Windows','45.238.168.163','01c565073e801d074f1b6e27bc66b0d9f5b0fb47\r'),(726,'desktop','macOS','113.8.47.115','78d6c31435081aa7c679a7ff9bc29f3d8c2efffa\r'),(727,'desktop','iOS','164.249.38.34','c08b73b86480d4d539003139ee6f2269cc4158eb\r'),(728,'desktop','Android','72.123.57.87','8c18364b298308652d2f430f7e4575f4e7372f80\r'),(729,'mobile','Linux','19.155.65.233','f3f5e9501566d789a3557abfd7b7cbe9d09ff8af\r'),(730,'tablet','iOS','100.172.153.33','e5de3ccabab505391787069ac0250668e6b1324f\r'),(731,'desktop','Linux','182.106.144.21','6604d909543412027cbc5bd2ed3c645f427595da\r'),(732,'tablet','iOS','201.121.39.24','83780aae035fc25eda1014b99a3f7393e9cc0709\r'),(733,'tablet','Android','215.253.3.105','270a0db2db03a36a02a2076bdc003c9b07cd5c87\r'),(734,'mobile','iOS','145.142.1.40','551b78a4b76a1d5d4a909b63ce4e7fed8742a098\r'),(735,'desktop','Windows','182.65.221.164','5273b7de8247183994d2f394dec0ab7a36608787\r'),(736,'desktop','Windows','12.101.63.246','0e3727ae11fe81c99206049c7f3fdd50d3e738e5\r'),(737,'desktop','macOS','161.67.109.38','2298cfae1e9003996f5e7a5f2792539554e721d3\r'),(738,'tablet','Android','101.245.136.100','7abc9cfd8e0efc792d11f0e2214cb39d699714d8\r'),(739,'tablet','Windows','117.136.122.63','151082442ef1611b10e3acbb07bebc00cde6bdf9\r'),(740,'tablet','Linux','172.2.226.129','7ce544a1b18a83b1667a1fa94904915fc26c612d\r'),(741,'desktop','Android','147.146.252.93','19253c3b730544e481b1623d13691040bc8274e7\r'),(742,'tablet','Linux','141.123.120.148','ba6e90ff9f040d2305a1a9d338ee8e3713d543c8\r'),(743,'tablet','macOS','93.241.164.88','f3fdfcaf34f896e49f162bd0c4ef4c42d227f708\r'),(744,'desktop','Linux','187.13.137.208','34334f223dea20bf19a0bcae338d5a8741a53f84\r'),(745,'mobile','macOS','142.127.146.4','dbce571fd413d858ee0d9a148a8d78ec068e7951\r'),(746,'desktop','Linux','40.235.10.225','0f83e126e3f1d197a99d7c4175b69049e440a059\r'),(747,'mobile','iOS','138.64.114.206','cd1dff11b1a18a9a1791abbb5564911511574c3e\r'),(748,'mobile','iOS','22.168.53.183','4409891f66905a9c509c924ac4d449f99932f6be\r'),(749,'tablet','Android','31.25.219.136','e12b8716801bbb524ab551e6b40ff09052efe920\r'),(750,'mobile','iOS','189.89.139.61','842c6c75889b3f54c535fda41366c39283beea23\r'),(751,'mobile','macOS','120.7.74.167','27f8870e75b2f8aaebcd2b5543a3aa21c2e35a1a\r'),(752,'desktop','Linux','207.234.9.9','ac791137b0ddf464e79e33c074d182a9c7456135\r'),(753,'tablet','Linux','120.82.247.40','9bba49b5da984c20bb249313e47e9b1d922ed814\r'),(754,'mobile','Android','66.14.54.20','6d9ada425242ec5f5d26d19decdc64de57985746\r'),(755,'tablet','Android','167.186.64.211','ef1d905600944a33ca8303f8c58c0abdc3596495\r'),(756,'desktop','Linux','168.249.33.56','9f65f8e298f94323af360061fc6f1630f7a8cc9e\r'),(757,'mobile','iOS','182.115.26.6','9a7f01fd673aa2bd39f39565a1c9ada7681adb34\r'),(758,'mobile','Linux','209.148.46.87','9d76ab06d79368fefb110942970a08ddd82f7ff6\r'),(759,'desktop','Linux','48.160.212.255','e9796f2c8f064752434a6841e3206fcf019192dc\r'),(760,'desktop','macOS','53.182.12.40','e562563b0ad1f430d33140296d44a9eb6bda6955\r'),(761,'mobile','Linux','174.161.127.235','0a4f42f2e05ef795b4edfb9aadc1f0cad7a4c27b\r'),(762,'tablet','macOS','109.181.177.116','7d314a7c5415bca8b4bfcf81515612346ff751c2\r'),(763,'mobile','macOS','86.119.160.168','aee67c55da788fbcbf17df25991c27847e55f3e5\r'),(764,'desktop','iOS','38.168.107.99','7223a1873ecfb2d6a8b3e91edb0cf4c856c50ca9\r'),(765,'mobile','Windows','212.135.120.253','17c8e3b4e96f27ffd4f947b2fac15c83d8bf301e\r'),(766,'desktop','Android','171.33.186.245','8813c06e778828e953133aa2d79c003666e461ae\r'),(767,'tablet','macOS','206.6.167.26','1a94618e00e0a91aea33002a257cd4ad12e9e727\r'),(768,'mobile','Windows','42.98.238.206','8ece6bf9a0c8db20c5f1dbf3563562dd2abfc77b\r'),(769,'desktop','Windows','1.56.204.29','9e73aac0b44e281f92f97ef1548c2764c393a7f9\r'),(770,'mobile','Android','96.189.213.196','b3460cf04fc9eaeb6445dd63fa6563c7077813b5\r'),(771,'desktop','Linux','46.43.231.249','8357072d732a8ddd9f88f3ebe2a8600895e6959e\r'),(772,'mobile','Android','123.139.53.20','f93a561821a8acde9d48139863292e5f0aae3813\r'),(773,'tablet','iOS','107.65.182.173','ed4d92b42d1e03e11790d48b07e2c76e0c988375\r'),(774,'desktop','iOS','7.163.67.25','4d7d972cd69534a039caffe8448da9433b1ea8a8\r'),(775,'desktop','iOS','97.11.170.53','0c6cf5404a618ff8819bb621e1af12d0d10569f4\r'),(776,'mobile','Android','27.131.48.191','74b02a3543f427ffad82531bb22d3069b6338585\r'),(777,'desktop','iOS','199.16.244.147','91c7c0e3ad7ca364aafef3592cbed6b1d411026b\r'),(778,'desktop','Android','101.33.132.113','2c5b74836dbfe5cb939a2ce009ad7098983ab2bf\r'),(779,'desktop','macOS','148.30.71.80','80e3b772834b46abcc9d8ba6b12cb4e00aff7862\r'),(780,'desktop','iOS','57.105.174.38','35ec4b9a7331a94a1bf9eba75bd5e4084af8ccbc\r'),(781,'tablet','Windows','153.207.11.5','465e3e103b0828f19c1278a85d7d0f437dffcdae\r'),(782,'tablet','iOS','84.87.52.89','470ca80c5579b47fa8c4ee7c3a462cf312722f75\r'),(783,'tablet','Windows','80.200.37.48','9f107d9e3fe5a05fb3e280aa1312c808b07abd46\r'),(784,'desktop','Windows','138.111.102.162','6387f65143314565881ea7cc0bc99981529ed380\r'),(785,'desktop','Linux','157.138.133.46','194907633cb302f2243b77afabdfecd5707f367b\r'),(786,'desktop','iOS','179.50.53.71','5d97bd08c3785c43443d6cc0c0db598b0729ca91\r'),(787,'mobile','Linux','150.123.73.18','6d15d6fa65c8b727e97b1189ffb010cbc6a3b066\r'),(788,'desktop','Windows','173.202.234.116','5a0fe383fae97aa9e51df8b62229f95b86efd8ac\r'),(789,'desktop','iOS','7.59.245.27','ad8ce3dc08387d9337db7f7d87d793360888b131\r'),(790,'tablet','Android','60.115.125.151','530f7fc980fa9613b2236a79be9434e55e5ac325\r'),(791,'mobile','iOS','14.93.176.216','24901109572b6fe5497532c782d1ece04679b591\r'),(792,'mobile','macOS','171.43.124.55','9e6c937bf3e0ce618e562be40ab62017706a0228\r'),(793,'desktop','Linux','52.106.233.45','f2e85c35888424c439c12b97709dc9cdb21e2b4c\r'),(794,'desktop','Linux','38.205.191.111','7e3619a79d23e54155a27f1ecca6158ed73fe894\r'),(795,'mobile','macOS','169.144.28.92','9653c5d147837177ce3e10b910070a85c43476ed\r'),(796,'tablet','iOS','30.34.190.190','7aebf84165c40646682b54f6c1bc73a7b647b925\r'),(797,'desktop','Windows','107.109.164.215','0cac1da8e69463156793f98b1cff4fe8e1d13b6d\r'),(798,'mobile','macOS','179.152.126.13','7ef6abbe3e219716aadba70e0e833376451dd368\r'),(799,'desktop','Linux','192.175.108.145','821fa95d3fc88271841f7184f8857294095230ae\r'),(800,'desktop','Linux','75.171.172.215','1b7581ebbe1a4b2f5a6604b1cb2cbb899585114b\r'),(801,'tablet','Android','156.82.148.78','db134936a265e47e90f4f7e39b89a08df32e1fa8\r'),(802,'desktop','Windows','118.135.200.23','5b0fa23650e1abf55047d37d7a5101f8fe5f8b51\r'),(803,'mobile','Android','21.193.125.13','bd7b58111ce4f67518df69050f0390b9540008ef\r'),(804,'desktop','Linux','206.34.9.251','71489fa1538b67ea171c22e99565120bbadd0047\r'),(805,'mobile','Linux','38.11.20.230','250126e6a5317de8d41ace2bccce5ab51e75a790\r'),(806,'tablet','Windows','167.221.130.186','f591dd3cad5df9d2d373d07231fcb3d6195d0654\r'),(807,'desktop','Android','124.40.123.164','236b7bbc835baf15134b9719fd8a8906a7b14ce2\r'),(808,'desktop','iOS','216.8.231.243','5cac163b8aaadcceb809824f33a1437f8bfbba44\r'),(809,'tablet','Android','31.32.32.172','a87f7a10aecb45f2fac14321cf0092ae119219d8\r'),(810,'tablet','Android','186.196.135.236','65d2519e331216fa098ddcec723354f5ca4a1043\r'),(811,'mobile','Android','158.117.248.22','d2efdce74b942621575f7ec21b888ecf51360496\r'),(812,'tablet','Linux','49.162.246.220','f9493b2699995dfda8855063642a5f9503f9a1bc\r'),(813,'mobile','iOS','132.154.239.117','8b67c21368b861374e1ee360698f38e22ef5ec45\r'),(814,'tablet','iOS','76.8.220.239','298a86e59eb65e1eab59335616d70fe1ee525435\r'),(815,'desktop','Windows','117.15.11.245','4e188a71c99b37be2588121d9a7477ac821dd691\r'),(816,'desktop','Windows','196.179.20.136','55c9f72eff4d1946f6a4cda4f89b0dc622383b6b\r'),(817,'desktop','Windows','5.211.24.15','1aeb08c7a292653b4d110b5754c6cd2671f8311e\r'),(818,'desktop','Android','113.105.143.14','93710a61a1e8de9faf72102be15fcb0f98fda7a5\r'),(819,'mobile','Android','87.110.242.128','6e1b51c9493104ae90395a6fa7939b8ea5feafda\r'),(820,'mobile','iOS','83.186.110.196','f82545614eec43090cab20d8ada9e6cc0823606d\r'),(821,'desktop','Android','35.216.207.246','4474303e5da6558188ab5da9711dde7985cd825b\r'),(822,'mobile','iOS','109.212.99.87','a2636aae11c8515e38bdd16df9bdf03bde9633a7\r'),(823,'desktop','Linux','161.249.44.84','5ba1d322cf2c00ff8d1124b211cb3d056eb8ee77\r'),(824,'mobile','Linux','56.131.249.21','44e3a75bc6acc83f754cfafdfa95eca21c7a5433\r'),(825,'desktop','macOS','197.174.5.33','15e3ba3ac329d649d4524bdf424ffc1769f29e63\r'),(826,'desktop','Linux','159.49.146.23','df26b6b9f7a186752b07274445e1d2c4bd336bcd\r'),(827,'tablet','Android','21.109.238.228','5559e71c502c7f4df5bbfc86889352acb759b8d0\r'),(828,'mobile','Windows','117.128.60.29','60adc21ba16577355a780c829afcae571c838ecc\r'),(829,'mobile','Linux','213.127.59.67','80decca5be1072f97b21cd6d8fca98cab7b5c0a3\r'),(830,'desktop','Windows','152.118.227.154','25610b3cf62ba55778cacab6d966eed534a3c587\r'),(831,'mobile','macOS','52.232.125.87','41d75476dc5a7a53583ba3815b6625e516a3d20c\r'),(832,'mobile','macOS','171.161.75.22','cdc9a0c11b0ad61114e9b9f96ef81fa396220a29\r'),(833,'desktop','iOS','69.24.26.42','314881763cc8fffce76c6eeb1f9543904db560e1\r'),(834,'desktop','macOS','147.115.23.114','3ddef6f70c830f458bc0264d25b4c8d0f05d7096\r'),(835,'tablet','Windows','33.155.142.73','a81e8f155c2f1032e3d8f1fed166dd510f94b057\r'),(836,'desktop','iOS','201.193.188.53','d4da387f206086f911c29f7d77e1427c59c1ab4f\r'),(837,'desktop','iOS','112.43.188.99','5d562493be2a66d8c0d9dd18e5eb86f5a74857af\r'),(838,'mobile','macOS','128.146.12.132','8f8d3ded608ba7dd425a6a304a861fbed565e318\r'),(839,'mobile','macOS','164.173.158.242','756397ff6052faa5d3f0d01020249715d3628c6a\r'),(840,'desktop','Linux','128.10.21.29','8d48ac83796394f7e264279ce6e47cfbe82a0a82\r'),(841,'tablet','iOS','169.158.202.246','d3e8de239457fde5a8305af53c964eba5a6dfbbf\r'),(842,'desktop','macOS','13.202.135.136','bdbf4c96378e51a23ea2214971eff54a18dec3a4\r'),(843,'desktop','Linux','210.177.234.69','5c7c95655791ab05592ff4fde144a6724fe059e3\r'),(844,'mobile','Windows','12.123.225.110','6ee25275666bd3e3bb654def2467bfa8cacc7c8e\r'),(845,'tablet','Linux','72.183.119.202','66e380f8c2e5062cef8b615ea4b0bc0b062d4955\r'),(846,'mobile','Windows','68.106.10.98','96775143a8145ac6aac4a3ce78dc49e633601efd\r'),(847,'desktop','Android','201.85.249.199','bb82aa86e4b4edb79ef271a0d8178e2269ea1526\r'),(848,'tablet','Windows','216.152.1.134','82e4f1af3a82b680454ee0f27070efabc5934842\r'),(849,'tablet','macOS','202.176.109.32','54c49eff346804d30fc397124edcd3b102a8974f\r'),(850,'tablet','Windows','163.239.138.234','f7bf7f7f3b8df8ac26739bccd9fd49b906ac8e49\r'),(851,'tablet','Windows','155.255.188.250','65d3862a5bf34ce2d884b05d1cad0dbf41b54648\r'),(852,'tablet','Android','7.108.30.88','4f4ae6d7266213820e1847c37509abda8fe6b71b\r'),(853,'mobile','Windows','188.79.82.63','a2b19a33d32400e44415a600b8b58d55d0c34e3b\r'),(854,'tablet','macOS','19.188.138.197','2849de2e28a90177cdec9a151bca4afd0af243c3\r'),(855,'tablet','macOS','15.17.224.45','f8241afec2cfdddf5ff3bf402c3ca65cf7b32ec8\r'),(856,'desktop','iOS','120.232.212.245','a48261e8f5f57604720f892a74ea24dd9add0a17\r'),(857,'tablet','iOS','63.97.191.153','c7ab272644e5951c275c0ccb1d5718d228bde8b2\r'),(858,'tablet','macOS','207.40.191.186','5bd78de1d7101a6d197f7ad654bdb5cc03a29d5e\r'),(859,'mobile','Linux','211.60.156.100','f0bbe0cfd10ae23d468f63772893243a0b3161fc\r'),(860,'mobile','Windows','8.2.105.162','b5fe909c532e3361cd29e49ce319719a9dd06735\r'),(861,'tablet','Android','110.123.52.12','1cb1b51481768d1db271a0d555d850026c058a1e\r'),(862,'desktop','macOS','34.34.191.244','0b7b7c8d3caf380ea219bbf79027d9c7de47a610\r'),(863,'mobile','macOS','74.39.52.95','3f098b6cf4073c920826ba281f0093d5d0daf20a\r'),(864,'mobile','macOS','61.67.141.233','ab33951301355a9ed89ffd9ea1f8d8ac73f7882a\r'),(865,'tablet','Linux','62.233.164.28','03cb84f563cbdbd5ad80bfd96afe692abdea28e6\r'),(866,'tablet','macOS','148.3.230.69','db2cfce81dea9da0151fdac6a1bea985bce7d1ce\r'),(867,'mobile','Android','179.61.12.174','02acfd0683be15ce6c1e92bf0f715579365b926d\r'),(868,'mobile','Windows','43.23.210.25','cebb835770ee4dbf55eefa2a62ad1d206991f4a4\r'),(869,'desktop','macOS','30.166.103.183','62710fd044adefe6c1aa06b799660196739b532f\r'),(870,'desktop','Android','164.73.44.193','e036b5f28f0ea2b79b6a64b48f729484b9a8be3a\r'),(871,'mobile','Linux','32.115.225.13','d972c7bd22ae1f2fcf4b2d111fa6ece0846e8c54\r'),(872,'mobile','Linux','39.100.84.69','089d7fb5ddd839f83a6de40d7d43b98a132abb9f\r'),(873,'tablet','iOS','103.136.76.235','96f8fdb594c3b247e3d4b13e50a20636a3a3c268\r'),(874,'desktop','iOS','168.87.45.161','d78a045509f808ee64ac85ba0cc1de0d5693e017\r'),(875,'tablet','Windows','87.219.142.93','e0eca4b17792802e9988453ce448846601428bcc\r'),(876,'mobile','iOS','139.100.148.203','cc047b88e6f812e78aad87e6fb4776cd9ae11dc5\r'),(877,'desktop','Linux','154.5.103.117','c641028e1fd794026139e7275ab45e47e9ba048a\r'),(878,'tablet','Linux','49.32.158.74','1ee8a25ad93f99561419c90517fde680bba8b7be\r'),(879,'tablet','Linux','52.0.60.158','c9a051bfd7a9c56ba7a5dc96bb12092082b3541f\r'),(880,'desktop','macOS','58.211.153.33','8fefb493105437563c124129fb20b9603390bb2b\r'),(881,'tablet','Android','179.157.138.116','3da8bec2f522893fdb9e74f12a38f189d5df3239\r'),(882,'desktop','Linux','45.33.140.74','558388865cb6115e911fd02287d477381f5b68c6\r'),(883,'desktop','iOS','77.88.39.202','f196fa03a884f97bda52a5e162cf63f672675625\r'),(884,'mobile','Android','26.203.23.29','75c5aa11824654c5107f8500323040abe56e6570\r'),(885,'tablet','Linux','11.254.230.39','70943342d6c44d8b701dfeaa8e2ae11165355e8e\r'),(886,'mobile','Android','193.244.23.182','f088386dbf0ca788be65ee84209567e16c88c987\r'),(887,'tablet','Android','202.56.28.169','5f47f871a4cdc0e71d8f37d8cc910e0bce797e88\r'),(888,'tablet','macOS','81.93.242.38','2444ad9a9f478d850f8bb3d082ec94851183b854\r'),(889,'mobile','macOS','186.37.31.18','c51dff0de36b2cbaa28554fa0d9f20fa21aa8600\r'),(890,'tablet','macOS','66.174.168.176','5411f9a0248c6c31e03a503fa720245ebfdb21cf\r'),(891,'mobile','macOS','193.192.50.152','54fa88066bd15b09cc8b9e6e9e114c53dc33296a\r'),(892,'mobile','macOS','111.110.231.61','619341fb364dc2871d121efcf92d4d9f61b24390\r'),(893,'desktop','Linux','209.74.16.98','122bfc3c71ede0e276656b8b3ab611b4708347cb\r'),(894,'tablet','Windows','122.243.51.96','e47ed2a68ef88dc4f8534df06ae689f8eb1fd69c\r'),(895,'tablet','Linux','152.250.23.247','161e0607954baaba8ff6bc4719502db0459a16d3\r'),(896,'tablet','macOS','221.212.0.77','72161ab81a4ed643972c1833f68f73f1fd55160a\r'),(897,'desktop','macOS','14.182.227.3','139f350408be06efb652f7d3dc9ad35adc508301\r'),(898,'tablet','iOS','25.188.234.204','018dea1deb4c870210d342e42a11c21886b9303b\r'),(899,'tablet','Linux','118.168.92.90','9192ccfa6484701857f3ca85e01b82509410ec89\r'),(900,'tablet','Windows','60.165.139.78','5f47c7457418786a2fe67dd973b7c3f637b10bc3\r'),(901,'tablet','Linux','198.251.130.95','e4c55c258d4b06f3273bf1eba0ff871e30d51c22\r'),(902,'tablet','Linux','197.83.180.57','e2368bcf9050a786e30d1001d58925de889dcf41\r'),(903,'desktop','macOS','180.20.69.98','e5adb95d215435297d5af55b68baf5c4f98b5741\r'),(904,'desktop','macOS','61.126.167.112','fd0d5bb1b62411252b94900af452e208fd6bc6a2\r'),(905,'mobile','Android','77.28.35.0','6cacfcaca8b0cc15feba4671ea539a2bd21471b3\r'),(906,'mobile','Windows','61.71.13.160','47eaf6dd784d4822e17b1991eb9c378c26454cdc\r'),(907,'tablet','Android','71.118.113.184','05899692869b6b66c8a126931f6cd59465ee001c\r'),(908,'mobile','Android','111.163.130.165','46d08a4d49e0b595ea8ccf8c84f3c91428189217\r'),(909,'tablet','iOS','209.76.206.39','6edac16bb828081d58c6e16a2ef91873cdc92eb3\r'),(910,'desktop','Linux','196.188.50.192','2cfcc7fc6373e50a9bec16590c477af3a689f441\r'),(911,'mobile','Windows','195.173.106.56','c580a1543f7666e80dd4a21646175f6c32428664\r'),(912,'tablet','Windows','145.42.193.123','310958903857ff365cc204c8f0a6cfdb68d6185d\r'),(913,'tablet','iOS','86.110.237.55','a05140910e32784f86d0a1b3688101c965c8e739\r'),(914,'mobile','Android','84.102.119.252','a96f6acc9c56bccdd8f7bc69924e9aad4ecefef6\r'),(915,'tablet','Windows','211.41.146.171','6f005887ce81a0416f7890c19a0fbabedf07f9eb\r'),(916,'tablet','Windows','133.193.56.81','5f884755ccfd7a2bf905b0fa595a701c9c147b68\r'),(917,'desktop','Android','4.85.187.45','310f40c86d8047b611103d60e59d77708386a6f3\r'),(918,'mobile','macOS','206.76.244.245','bae65e8c59a76f01c554d33c61b721bbfb3a0e55\r'),(919,'mobile','Windows','113.150.13.180','edc0ad6df32f9c7638f7c543d228a680cb4d4835\r'),(920,'desktop','iOS','45.103.190.192','77f536551b3b5234a3f74e195261148198daa655\r'),(921,'desktop','macOS','140.30.8.161','f1a51b8d501802eae28f2189cef2da9fba848ca8\r'),(922,'desktop','Windows','154.96.52.7','4b85e2574dd8bb64da5425edba1b402ba6e1cefc\r'),(923,'mobile','iOS','173.75.209.125','3eae8d7965874fdb5f30de0049fa5dfab2cc3890\r'),(924,'mobile','Windows','16.159.18.219','8b2d513613e019848faafe098c7c7922cd79a061\r'),(925,'mobile','Android','124.87.79.38','3edebf16c96ad9914a77f7adecd0d0f7efd69fea\r'),(926,'tablet','Windows','82.224.207.136','75d91af763a6dd02df1b7fd6167a4fbb4ca192df\r'),(927,'desktop','macOS','125.119.62.187','f0b422994ba1c0f23c3f07ec46032f32bd56431c\r'),(928,'mobile','Windows','66.21.242.175','7bcb86e56bd08b6474d66225af4ec3f80b56bbea\r'),(929,'tablet','Android','140.159.64.116','5eac65eb7f3c6b8abfb60402ee7b131f6dbc23de\r'),(930,'mobile','Android','137.70.145.108','a4d49ca00d1d649db87bd4096016158046dc579b\r'),(931,'desktop','Windows','89.79.75.116','093100351ee6f396e5eb8100aa224e14a68a5115\r'),(932,'tablet','Android','218.27.92.7','b95f44cb8530e502dea9d3770474d992454141bb\r'),(933,'desktop','iOS','79.123.217.111','b3582d907dff9fa921c6d53bf10f4c974f5eb828\r'),(934,'mobile','Windows','43.123.84.146','af62bf7d7ce889c3819b1ef7f39686bb5453e933\r'),(935,'tablet','iOS','107.196.67.154','8d562d8d54125eac823dde4964900f0fe3d1154e\r'),(936,'desktop','macOS','133.254.190.232','2c54ca1afe9279313b457677347deefbe78cac66\r'),(937,'desktop','Linux','23.105.194.105','cb61909159bd49c1720e6faaeb96cc08c39707c6\r'),(938,'tablet','iOS','13.90.123.27','f7c25e5a3008bd314192be50b81cede55ea8f4c2\r'),(939,'mobile','Linux','220.56.5.233','0e93fb7a5e2210c349a2f8b85fa3040f9a08059a\r'),(940,'desktop','iOS','16.1.88.16','2018d524346f6be579f968dccfd583bc6bcd741e\r'),(941,'mobile','macOS','154.42.184.148','1cda6fd84aabbf3c930fd67c19e048f7e42f2899\r'),(942,'mobile','Android','219.7.63.74','6f50a400d7f445081e9c8fe30de4cf6a882547c9\r'),(943,'tablet','Linux','160.236.23.138','7d5654f21b3dca0a6dd49ca338c16aeadfd07a5a\r'),(944,'tablet','iOS','209.128.169.10','e114925b521500a609e3a878713e9f91d81f687b\r'),(945,'mobile','Windows','38.83.51.187','170d3c23e2a5eb9a30e3b3e5a0d75ac28a1937da\r'),(946,'mobile','Windows','112.142.90.248','e030b22e4ccef7bfcd618665ac1972896b0a4dcc\r'),(947,'desktop','Linux','183.142.61.247','3148081ded55a6ab5bc4979e8981f9967adc50dc\r'),(948,'desktop','macOS','148.72.31.231','4b5f9e7ecff134b6410f4f3c71d3faa1de677f21\r'),(949,'mobile','Android','69.42.213.45','8e4169729a40f5de7bae31bb80d4ec68b2c4d4a3\r'),(950,'desktop','Linux','84.143.39.189','b430f8f0d7506353b7c056dbc211d56a2fc9dc8e\r'),(951,'tablet','Windows','14.118.119.51','f75e2dbe44029c1abf1ee9f4a654ef02fe067784\r'),(952,'mobile','macOS','27.125.59.35','60f28d726d721318bdbd741606edaf8d389fe35b\r'),(953,'desktop','Windows','136.113.247.247','3f6461334f6e0249a603a31f689ef1b97fa01d29\r'),(954,'desktop','macOS','26.236.65.217','a6e5e96db729571e93b65989f833afadfd14acd8\r'),(955,'tablet','Windows','85.229.193.43','9c707c22a0ad792ae515671c2dc4c9fa904b95bc\r'),(956,'mobile','macOS','90.15.57.167','7d4ed002839c09b80fa460168a92961f4108f96f\r'),(957,'tablet','iOS','150.208.211.128','7244ef44a79d615151966d7252e98b7c1c9a557d\r'),(958,'desktop','macOS','30.226.13.162','737f1c06318de7363c6cb2cafbd2321ec789337e\r'),(959,'mobile','Windows','112.53.16.154','9aef3cbac75e689646642ebea7e676537437c91e\r'),(960,'desktop','iOS','142.19.6.211','e047c7c87c1b9f940bd783d4479646c447ab1355\r'),(961,'mobile','Android','178.111.110.166','a13f01af1b53eec31b72361a7b6ca29014c834ec\r'),(962,'tablet','Windows','113.111.181.136','c2228a2bec32597fa326f6ae839b14af32ec361d\r'),(963,'tablet','Windows','154.171.117.123','11491b4a4e4d40f241501b9a0631c8dbbf858a3b\r'),(964,'tablet','Android','196.246.42.225','a05318725369e3e1cbf8949e33dc46c7fce4c200\r'),(965,'mobile','Linux','217.163.84.15','5578d852b164449e1e4c71f0473df04454494e9a\r'),(966,'tablet','Android','196.110.83.45','888ded632b0e6d5ded372f804b5367dfa5ae84bd\r'),(967,'mobile','iOS','67.191.186.183','7e04e9ffa0359d160cc953d6b34860faea2af9de\r'),(968,'tablet','macOS','73.247.31.103','c51b95e89781e48a71b7ef89a900e65ade943b1e\r'),(969,'tablet','Linux','131.87.96.91','8a33457657f32a0320481b8aaee85ae6681874b8\r'),(970,'mobile','iOS','167.168.230.246','2416652238641eb022bda9f34c4d1ca8eb634005\r'),(971,'tablet','Windows','91.198.30.1','ce8767dc7b2f72aa87cc3898067683baf4862cbc\r'),(972,'tablet','macOS','104.162.64.118','ad22bafa26835546f69ea9b9ff4cb075ec8f8bca\r'),(973,'tablet','Windows','102.22.169.139','4b46cb76caeabbc7e22d3538fd79547869dc4c13\r'),(974,'mobile','iOS','101.34.105.213','8abf47e90c44d429fcdfe489442e3a7948ac2dfb\r'),(975,'desktop','macOS','202.2.91.15','81a55f2cff8e8b730cc07fcd32ff80f4c1db6056\r'),(976,'tablet','Android','103.232.246.181','6be33abf330ad6cc3ef401a2187cd022e70dc05e\r'),(977,'tablet','Windows','128.152.6.124','8939a054eb617c09cc7150237c81d170038f8619\r'),(978,'tablet','macOS','153.159.191.37','7ec9fbc7914a34668ec9f19047f16a56a4419445\r'),(979,'tablet','Windows','124.22.223.134','4fc1ca67ff1694d629f5d20a6effe9144a35afae\r'),(980,'tablet','Android','190.15.25.62','3f04dc6810939424bb3308f3bce6c5b2c5e60095\r'),(981,'mobile','macOS','139.45.223.91','bd2e227b5bc75dc246be274bdadb5a42987a984e\r'),(982,'tablet','iOS','22.86.154.141','e1073d8500c659436a8f55e35eb590cc5b539f43\r'),(983,'desktop','Windows','93.184.165.49','716c63365f2596fcc3cb6a9390e7190934d5f987\r'),(984,'mobile','Android','88.187.65.91','1e2b79597d343e582ccccd88341b07596c7c7010\r'),(985,'mobile','iOS','168.203.209.91','9486f89ed33c1c77a8eadb9846037fdc03e3a8ef\r'),(986,'desktop','Android','99.98.67.21','ea0eb8f43263b71fd21d1ff379a3fd053eed1c01\r'),(987,'tablet','Linux','58.107.89.151','c434d32eb97f81df1d46fa66a09282b7e3d17927\r'),(988,'mobile','Linux','4.246.141.94','96a7c890c1f9412b64e3273f43470917808e50a6\r'),(989,'desktop','iOS','207.83.120.84','a4d7a50ca4a272c0345f763b9c36c302d872b828\r'),(990,'mobile','iOS','170.89.255.198','ba2cfe2ae2711fe9131b6b4889e59acca0051aa5\r'),(991,'mobile','Android','32.150.213.237','082434570a3ef16bb9b27c3c63f3e5a39728ccb8\r'),(992,'mobile','Android','191.102.170.173','96f283c8060db7bdf73f7209e5ed8ef8058e88ad\r'),(993,'mobile','macOS','56.247.242.184','ecd593bb1aa7ed4f09cea39f6281d644839e0fbf\r'),(994,'desktop','macOS','159.191.22.195','8b0637a66e8ee1bec5e85a63067051a9a7f94f6b\r'),(995,'tablet','Android','62.129.164.232','0172d591e419db5367047e3d8e27e175cc64900c\r'),(996,'tablet','Windows','11.232.106.138','31b2dc35f8a79c464bf99ff2e1f1fb9835ca91f9\r'),(997,'mobile','Linux','87.53.66.104','6a3365f7b3f19bdd427dea97833232fa7fb73416\r'),(998,'desktop','iOS','115.246.237.62','6eddd88bbfebd1dd3fd6a5acacfb2e8fc299a168\r'),(999,'mobile','iOS','48.58.155.11','359641371a2caad57ed9df4b125b3eb0c96d9ce4\r'),(1000,'tablet','macOS','24.227.167.200','12295ce750211141c70134bd5fcf1166286839a6\r');
/*!40000 ALTER TABLE `device` ENABLE KEYS */;
UNLOCK TABLES;

--
-- Table structure for table `device_data`
--

DROP TABLE IF EXISTS `device_data`;
/*!40101 SET @saved_cs_client     = @@character_set_client */;
/*!50503 SET character_set_client = utf8mb4 */;
CREATE TABLE `device_data` (
  `device_id` int NOT NULL,
  `device_type` varchar(50) DEFAULT NULL,
  `os` varchar(50) DEFAULT NULL,
  `ip_address` varchar(45) DEFAULT NULL,
  `browser_fingerprint` varchar(100) DEFAULT NULL,
  PRIMARY KEY (`device_id`)
) ENGINE=InnoDB DEFAULT CHARSET=utf8mb4 COLLATE=utf8mb4_0900_ai_ci;
/*!40101 SET character_set_client = @saved_cs_client */;

--
-- Dumping data for table `device_data`
--

LOCK TABLES `device_data` WRITE;
/*!40000 ALTER TABLE `device_data` DISABLE KEYS */;
INSERT INTO `device_data` VALUES (1,'tablet','iOS','43.5.76.142','ffef4a4ee8d960565057a5c6fb836bbfc42284e8'),(2,'tablet','iOS','208.146.108.9','9c18bfe30080c0feacfc2194bc777158d95d90eb'),(3,'mobile','iOS','15.124.105.22','442c933bc7f374bdaec52764c61c40ecbe38cccd'),(4,'mobile','Android','187.13.137.208','918b7d627fb9d7839152c838c37ed4b0b8ab6b7e'),(5,'mobile','macOS','142.127.146.4','55a90387d1dbd6a7da9972c280caf7eb83df6b06'),(6,'desktop','iOS','40.235.10.225','5d22edb203724e9c64230663750ce718b8d60858'),(7,'tablet','Android','138.64.114.206','d466250f766796a65f345e5cace031509611a7f8'),(8,'mobile','Windows','22.168.53.183','436fef7313532a9a2ae73b76369edfd98e4f3d47'),(9,'desktop','macOS','31.25.219.136','872f543c3d4af16b1be2cb4f96082cf3b3f751a6'),(10,'mobile','Linux','189.89.139.61','140a30dc8f4a3774688f5b5bf2a36197db168386'),(11,'desktop','Android','120.7.74.167','38f993614689ece639a60018102c3dfb19b4c446'),(12,'mobile','Windows','207.234.9.9','0b141c9762a9e7d5296dd7090d450052fe4e0760'),(13,'mobile','Linux','120.82.247.40','7600560173d2dfe4ad7d0dfab0664c17f35ea96e'),(14,'tablet','macOS','66.14.54.20','3e44e90f9f9d08757b2b59e1bac27d30fbbaa5ba'),(15,'desktop','Windows','167.186.64.211','6674a68385850f2be75ec01f0b3d7a7d33dc630a'),(16,'desktop','macOS','168.249.33.56','814b559db4eca5bff707e531b06ea4a7618b2d95'),(17,'tablet','macOS','182.115.26.6','76a49a68ee3b39383ec27b0811385864ba35db57'),(18,'desktop','Android','209.148.46.87','021de561f4371ca1c9e35f0dc0647be75c11afe8'),(19,'tablet','Android','48.160.212.255','4e8969aedfd1c39117682ede5bba8aa2dc1bf63f'),(20,'desktop','iOS','53.182.12.40','a99ea83766e90418cfe39ef51ec4491b52b8fd1c'),(21,'mobile','iOS','174.161.127.235','2fc3b2585431d07eb8d060980b4af0c6bb308c1c'),(22,'desktop','Linux','109.181.177.116','89f688cbbe8c9cc7824b5e8fead06dc32960bcf8'),(23,'tablet','iOS','86.119.160.168','69c73f4f58919a7686490293a2bc41b5cf797379'),(24,'tablet','macOS','38.168.107.99','ce804b5eddb3b4779728ea6b4bedc7bd202a047c'),(25,'tablet','Android','212.135.120.253','cddae0de56238a381976f0196333bedd9b576ef5'),(26,'tablet','Linux','171.33.186.245','4af3cfeca41092eb1a7e2e8d0dc69c4efa02c4c7'),(27,'tablet','Linux','206.6.167.26','e48fbb79d592dbfdd0c04190dffa7868bbbc1d99'),(28,'tablet','Linux','42.98.238.206','96ca2ccdb54803af13b26c506d5182d615f296d2'),(29,'mobile','Android','1.56.204.29','1364f7d7d154316df045ebfad8f03bb272041ab9'),(30,'tablet','macOS','96.189.213.196','6825f68664c38ca67629d8f2e3b48fdd66c0949c'),(31,'mobile','Android','46.43.231.249','9d6fef59738223c40dd85d76fcea3dbea8b3fbb2'),(32,'tablet','Windows','123.139.53.20','bb9e5aaadf7a0570f096a99160a68ef90c69525d'),(33,'desktop','Windows','107.65.182.173','9d96908f3990368117a5405bd9651c66c392ecd4'),(34,'mobile','Windows','7.163.67.25','892f745296dfedd59c69fe4739bd81e9a9735eaa'),(35,'mobile','Linux','97.11.170.53','6dcf2ab126abbb47a608695d312f7acf75c140ae'),(36,'tablet','iOS','27.131.48.191','b9c0b5904ea60e5190f35de4a4f58fc4c248756f'),(37,'desktop','Linux','199.16.244.147','1bfefc04de05dbd470c513a88ab213f46d0c160f'),(38,'mobile','iOS','101.33.132.113','f9536d4e777ac6231596ded6d131bad823361319'),(39,'mobile','Linux','148.30.71.80','d5a352736415a18142248f109c9c22259b3f490e'),(40,'mobile','Windows','57.105.174.38','e73f5b6e6079555380afb45ee95c9a234e3de600'),(41,'tablet','Android','153.207.11.5','8e515405b99b6b747eb0531fabf6fa7256e6da0e'),(42,'tablet','iOS','84.87.52.89','51fe6737241f54fb826b723811a15df1fe82dff2'),(43,'mobile','macOS','80.200.37.48','c8424d5543598a637fe2a77ed28fff2f231f5773'),(44,'mobile','Windows','138.111.102.162','7aeae5eec06ae812a80217b1aa0d1c46e98189e5'),(45,'desktop','Linux','157.138.133.46','a05ecabbb787919ed7469409e07d59275bab0a41'),(46,'desktop','Linux','179.50.53.71','3b0a364527977b9316a8ea70bb91bbd471964fa5'),(47,'mobile','Android','150.123.73.18','b0c2ace1a0e03d023940991703dfc1fb2609adfa'),(48,'desktop','macOS','173.202.234.116','c81119da8691e4fe95c512ce99cb87219b44d098'),(49,'tablet','Linux','7.59.245.27','bae194b0258bfcef2e9fec80d06433565418cc87'),(50,'mobile','Android','60.115.125.151','0c6c8a34c31d9e198c2bc4801f4f4fb855c3edbd'),(51,'tablet','Linux','14.93.176.216','7d1fdfcd8c056487d824fbb19ef0e0643fde95d0'),(52,'desktop','Linux','171.43.124.55','f48067dc060a61a00b6cec2249f5d6b6f8c65fb3'),(53,'desktop','macOS','52.106.233.45','cf4bbac8848c01213b68d4371af12ed82dd6ce7d'),(54,'mobile','macOS','38.205.191.111','956f621412e38d5fea675f9ab07dcab6fa38da53'),(55,'mobile','iOS','169.144.28.92','405ad21f9e1a8823740b80bac2dbe1d89f44d532'),(56,'mobile','macOS','30.34.190.190','99587ef650a907c34d4c3b19ce39748d0ee29d46'),(57,'desktop','Windows','107.109.164.215','29fb73bc526020821bb9994c2649945fe1675a25'),(58,'mobile','Linux','179.152.126.13','1a3ad017faff190453d2d7f306adf592756976c5'),(59,'mobile','Android','192.175.108.145','b31958e7b84c0f9482085c53e42bceb49e4fd2e7'),(60,'mobile','iOS','75.171.172.215','85cb64ace9c3be8499468dfd40983f013d85ca56'),(61,'tablet','Linux','156.82.148.78','13015a1d13e5664f8115b6fcd551e5bab82809af'),(62,'mobile','Linux','118.135.200.23','da9e94821b0f29bcf610da0ac47d9e6830761f43'),(63,'desktop','macOS','21.193.125.13','c283b3f53b96a69f01e833fc136b7822986c9bba'),(64,'mobile','macOS','206.34.9.251','506ed5f85ad86f114a1bd5fdf888db1d062978e9'),(65,'desktop','Android','38.11.20.230','51f42a830f45723bbb8eb274a8523a081f413fe3'),(66,'mobile','iOS','167.221.130.186','c5cfe7f0e2a87d2e67e9342363620e348fbe4d23'),(67,'tablet','iOS','124.40.123.164','85397d1e9a59c82b8b4eb5fc1a62d1ba9813bd0c'),(68,'mobile','Android','216.8.231.243','39c678cf7489c7672f3f41a19fc8fc19aed738ac'),(69,'mobile','Windows','31.32.32.172','00e5008a48563e39cc8ef6d73332458b5cb28889'),(70,'desktop','iOS','186.196.135.236','68d2f0040b08de356d85fe9b5cab8bd255bfd1b0'),(71,'desktop','Windows','158.117.248.22','6ceb8c68f7d727a5e1d388259d99d75843531271'),(72,'mobile','Windows','49.162.246.220','ffaee5470e11a4d6108c9ff63f5ea37b84b1a279'),(73,'mobile','macOS','132.154.239.117','97077e4576a74cc7c6378f0869ece922b353287b'),(74,'mobile','iOS','76.8.220.239','01c9e74e7da495e0cd9826d0b952560f62662ee1'),(75,'desktop','Linux','117.15.11.245','890c052560368ff5103445f0611c9ea44d7f4838'),(76,'desktop','Linux','196.179.20.136','08f6e55002b5944dc000e068773140a20b957239'),(77,'mobile','Linux','5.211.24.15','5eb92e63a82e06ff6405411c0cf95fa9fe560e6f'),(78,'tablet','iOS','113.105.143.14','e883c77fc3b6b4c318694b4587caa6d8b087e947'),(79,'tablet','Linux','87.110.242.128','9499f56fc99998c0d0679944927fa46c6ef8b128'),(80,'mobile','Android','83.186.110.196','30c89a118baba45747d7e7f19db662fe35f18fa6'),(81,'desktop','iOS','35.216.207.246','85afe01744e86337ec72c0123fc4de5d321fe370'),(82,'tablet','Linux','109.212.99.87','e31ad3e7db3a2a30cd7efdd11d7a1393d214055e'),(83,'mobile','iOS','161.249.44.84','f7cc40f7f3e63a5e13f11b77495f3b06ca0772fd'),(84,'tablet','Windows','56.131.249.21','818e692bf6d3ccb08af176a3962f5f44caf129e9'),(85,'desktop','iOS','197.174.5.33','88cfd57771d5596082ed8f030204358fa8a284d1'),(86,'tablet','Linux','159.49.146.23','e5d3d5d65b298902157c8702dad75200ff105d5c'),(87,'tablet','Windows','21.109.238.228','843bc4760639d8a4e08694e7f4e1a55940112d92'),(88,'mobile','macOS','117.128.60.29','03932846842bf309c5d30e1b1647d4c29dc643c7'),(89,'tablet','macOS','213.127.59.67','4f2a7ecf14c16c758c57194c2210f21a0af903ce'),(90,'tablet','Android','152.118.227.154','dde3759e9ccffd3f77acfa62025001e673ce6c73'),(91,'tablet','macOS','52.232.125.87','92c3172c11f333096b3b9354daba804e2758903c'),(92,'tablet','Linux','171.161.75.22','8ff7b2318e461142c421f24a5448d8f609974764'),(93,'desktop','Windows','69.24.26.42','5d125267d5d7df055850b5c168dc7c05348ad7dd'),(94,'desktop','Windows','147.115.23.114','f99183f63c704443d6e117e58c0360e4a8011c72'),(95,'tablet','Android','33.155.142.73','063208f78253b360e434739d087aecd76c64c6cf'),(96,'tablet','Linux','201.193.188.53','52b9276718db4a931c916fefdf60635e4624d7f7'),(97,'tablet','iOS','112.43.188.99','477d790f15c08c16d465ca072ee7b84a1ed3b7bf'),(98,'tablet','macOS','128.146.12.132','bc646d9dfc0bf92a66143f6e5a39fe64f8db536d'),(99,'mobile','iOS','164.173.158.242','056cf58b8dcb0b0ae4938821f74d827f1ee7c77e'),(100,'desktop','Android','128.10.21.29','a9a97c975e043889fa2e70d84fd13b47805fb76e'),(101,'desktop','macOS','169.158.202.246','f73cb95504486b8fe740e0571da2065da6d1a584'),(102,'desktop','Windows','13.202.135.136','e58bdc293d31cd3f5d267def1a1551f05438f7df'),(103,'desktop','Windows','210.177.234.69','655b73957b8a8996214f47837bfd49da4263de6f'),(104,'desktop','Linux','12.123.225.110','f47d4532acb5691ad65f8460f46b6f5dd229debb'),(105,'mobile','macOS','72.183.119.202','aaa9fa2ef6b76a5d8b1919df23859b8b520b83c3'),(106,'desktop','Android','68.106.10.98','f6d84e690188163e13c160e4bc29b45144638af0'),(107,'mobile','Linux','201.85.249.199','4b600f9b566a0b02388b352a34a626995a9bf849'),(108,'desktop','Android','216.152.1.134','2bdc73ae07df7ae900ac9e7a9cec4abacf1ff01a'),(109,'desktop','Android','202.176.109.32','25a15644942b3e52a84a78a1a0e27c7453cfc290'),(110,'mobile','macOS','163.239.138.234','df46a5426e50ccba899bdbb43a0dbf66e9fa15c3'),(111,'desktop','Linux','155.255.188.250','1a8bdd3867b72994911fbda375f638a18e0c9056'),(112,'tablet','Linux','7.108.30.88','898c853d988f57c4d36b1b946dfeaadaae4279d6'),(113,'desktop','macOS','188.79.82.63','5d0085d4ca42dc108fcdad6c7617896707a1ba14'),(114,'tablet','macOS','19.188.138.197','c61dfdb40edca63af96aeeb8c472288f45fa2422'),(115,'desktop','Android','15.17.224.45','650b9bba99ebeb8e0a089917bbe4737dca2186f9'),(116,'tablet','Linux','120.232.212.245','6cab855639c56a081c054b8fe7430f018aebe048'),(117,'tablet','Linux','63.97.191.153','a325bdc5473cdc1b1d4757603372935c2a1572f7'),(118,'mobile','macOS','207.40.191.186','f2a62f72b4459d9bdae0fcc704706f7c09c1f9bb'),(119,'tablet','iOS','211.60.156.100','faa37cdeaf24881084df6389adc3396b64ff80f0'),(120,'tablet','iOS','8.2.105.162','508171a40baf9767862bae8704cc673c3359e320'),(121,'tablet','Windows','110.123.52.12','dc25b402c6c487b7ee50455aba2e13fa8c29a7bf'),(122,'tablet','iOS','34.34.191.244','26e8544f4f8a84d9427c0c280b3d567d1c601b35'),(123,'desktop','iOS','74.39.52.95','7f3ecdcd8d7f497cf07b0534b79b17f9dc3113aa'),(124,'desktop','Linux','61.67.141.233','a811a1943d5d7050b882422b45d595d2e14a8a8a'),(125,'tablet','macOS','62.233.164.28','476ed868c359201508befcc9c6f7f41ff6892d57'),(126,'mobile','iOS','148.3.230.69','ac1b563d60bb6f661d0df84a49e37317f1e84201'),(127,'tablet','Android','179.61.12.174','bc08ca2411ed54024df7e7aa314f4621d3817bcf'),(128,'mobile','macOS','43.23.210.25','0264c4690a018fd8cb23027ebf8586150149b49d'),(129,'mobile','iOS','30.166.103.183','ae12baddcba35dc2a56e27d0f9ec3f3f40a00765'),(130,'desktop','Android','164.73.44.193','bc8133eeea9eda02802bfda95477c55ca63dc689'),(131,'desktop','Linux','32.115.225.13','fa9925c3cecd3f5023fc4ded011a5863be24e3ea'),(132,'mobile','Linux','39.100.84.69','c9dd8f2dfd2fa7a7954f747a97ef3c8e87419389'),(133,'tablet','Linux','103.136.76.235','3f02bdc7ad0ecd9a8fe299d27fe4240366607bfe'),(134,'tablet','Linux','168.87.45.161','cdcf9bb81f72ce1eb59a6fad9d8f8ad2fc49037c'),(135,'tablet','Windows','87.219.142.93','e93beced38506527cc4397709521936a600ee822'),(136,'mobile','Linux','139.100.148.203','976505d0061c4433507b28278feab297edec497c'),(137,'desktop','Linux','154.5.103.117','909e33b62f40e1c420922148862a1e174a66e6d7'),(138,'desktop','macOS','49.32.158.74','80fd477cb6d42be4a4ba7531e82341dcf57db369'),(139,'tablet','iOS','52.0.60.158','ec305ad50559927bf6c020609d7675c9873172a8'),(140,'mobile','Android','58.211.153.33','f10a5efcc6349c764cb9b5f59ffc3a11b7be39de'),(141,'mobile','Windows','179.157.138.116','af5d132540b0371ed69c8dbd5a8b922279a93ee1'),(142,'mobile','macOS','45.33.140.74','8604fa2618c46f431e97ceae179cb395cf39d1d8'),(143,'tablet','Windows','77.88.39.202','c545b5b84846204a0b069849326326688debe713'),(144,'mobile','iOS','26.203.23.29','cf9df371fe9fe9287352c09c4381dc6d418416b6'),(145,'tablet','Android','11.254.230.39','a9d883569cd21d2cf51bf1b176d98afc65f3c244'),(146,'tablet','Linux','193.244.23.182','1875bd5531fc2ee8bc6e0f9f501e7c8e2d5dad4d'),(147,'desktop','iOS','202.56.28.169','46dc05d03487255dc15706f9285430e6315b65e4'),(148,'tablet','macOS','81.93.242.38','b01424bcc1d10d207e1d14c285bdeb3897f7a887'),(149,'mobile','Linux','186.37.31.18','565014dd823793dd488a1e895de221efbfcabd79'),(150,'desktop','Windows','66.174.168.176','ee55c0c241807d139ce77ee4a416ff0dcc392f21'),(151,'desktop','iOS','193.192.50.152','a7716933bd3a0e8328522325504656faf94bc54f'),(152,'mobile','macOS','111.110.231.61','c88eafc92a68049a363c009a51a9585147c6dd16'),(153,'desktop','Android','209.74.16.98','bb7cfe09f108f4001890ad2de1a5523c244850a8'),(154,'tablet','macOS','122.243.51.96','16a2cb5a937a7277b86ca0f3afde3209ac11680e'),(155,'tablet','macOS','152.250.23.247','8026d5b1a5bf2465e0c2397a88f2f1411275cac5'),(156,'mobile','macOS','221.212.0.77','7acf9c863cae65e580ec6ee826bcf0c96de7153b'),(157,'tablet','Linux','14.182.227.3','a3bbb27e19023c6a72d7f55c414efa6e58432ff6'),(158,'mobile','Android','25.188.234.204','46f63777c8c266bca97967d681ad66db0c014170'),(159,'mobile','Linux','118.168.92.90','f3c2b8c63541fd6bea0094bead11fbe5ef5b5d89'),(160,'mobile','Linux','60.165.139.78','7dff8595d3788e3517f2f2c148e0d2b232484c7f'),(161,'mobile','iOS','198.251.130.95','63d60478a344b764280ca89f5f18834bea459052'),(162,'tablet','iOS','197.83.180.57','2eea1d46fc5d7a5fa34478129881d6961cfd6a0f'),(163,'tablet','Linux','180.20.69.98','da48a7dc8be602259bea1ecb39a47316307cac9d'),(164,'mobile','Android','61.126.167.112','b41ca4328d82ec4d6595e0566b29f82b6df67fe5'),(165,'mobile','Windows','77.28.35.0','1a648e10ce3fe09e7a197c85c7cd12d1d230452f'),(166,'desktop','Windows','61.71.13.160','4c39f506feca7a40c5c663097a955ca992d86aae'),(167,'tablet','iOS','71.118.113.184','51bc3de3033d217cd76397aeece74adcf70da1fb'),(168,'tablet','Android','111.163.130.165','7fe06dfa0bd666c98cb3d3ea29322418f657ed51'),(169,'mobile','Linux','209.76.206.39','44dbcaa63550aec174f59ea647128f853f0d516a'),(170,'mobile','iOS','196.188.50.192','fa02869a39a6c7e05c276188d49b9952ca75b9bd'),(171,'mobile','macOS','195.173.106.56','68e5b6754cb91232e1c5188772c958e8221045a5'),(172,'mobile','iOS','145.42.193.123','b6deb626d70178123214e2e48e7087e20cc49297'),(173,'mobile','Android','86.110.237.55','adb3c66ce6372abfdceecc073632312669e6fcd4'),(174,'mobile','Linux','84.102.119.252','ee6cc6acd8256b98de203d80891f62b7542f31e0'),(175,'desktop','macOS','211.41.146.171','b441bf7afa33b03b19f86a291ccb210df4a33a17'),(176,'desktop','Android','133.193.56.81','02010489a4660c726c74d888c3cf790f3e214b81'),(177,'tablet','iOS','4.85.187.45','bce16757067ce2e4b5250ea78b129261e09518a7'),(178,'desktop','Android','206.76.244.245','64fb43e16c0bea5935be17113e1f146aa66b22cb'),(179,'tablet','iOS','113.150.13.180','41918ec646ecaf11cfe61f0a2a00392f290f9dbf'),(180,'mobile','iOS','45.103.190.192','7ab33c395300cea9cf0372b6a433b09133172d1f'),(181,'tablet','macOS','140.30.8.161','1b24c14695a9fcdcc6bec3f14c927f075672de26'),(182,'tablet','Windows','154.96.52.7','31823319e4f711b42ccf7cf0e6c290fbe85ba842'),(183,'mobile','Android','173.75.209.125','7de197fb87db03dada000fdacc73a38101d35c0f'),(184,'desktop','Android','16.159.18.219','a4b975bb08fa2e6514fa43635645c5fd260ab801'),(185,'desktop','Linux','124.87.79.38','91e44b4e8612bfcce248b01de3e7d0624e68ecb0'),(186,'tablet','Android','82.224.207.136','5f2670cfbefa36299dc84c7d04b4449c7c566080'),(187,'tablet','Windows','125.119.62.187','acec0007ed9842676b4da382c5743305a1ccedd9'),(188,'desktop','Linux','66.21.242.175','63f26c2e767d5a9d4a74b72af36eab0da9ebf3bb'),(189,'desktop','Windows','140.159.64.116','62ddd2792e6fc9424ea183b7b9b80b64f510cc9a'),(190,'tablet','macOS','137.70.145.108','72807e05a003748791a65c4364093daff8a652da'),(191,'tablet','iOS','89.79.75.116','aaf150a670afdffb58a6027c3ed781c3ef34b1e9'),(192,'desktop','Windows','218.27.92.7','9809de1deb401ee6873ffa32dee21ca60185aa9d'),(193,'desktop','Windows','79.123.217.111','351d302835af5645cfbced9a026a7376370c5629'),(194,'mobile','iOS','43.123.84.146','20a6f2349ed48230e9b1390627eec2c5f569135a'),(195,'mobile','Android','107.196.67.154','0d5d561cf62eadd1799baf580763345a4c6a67e2'),(196,'tablet','macOS','133.254.190.232','98c4fcd2406ad49398b9e1582554b45a0550a6c2'),(197,'tablet','macOS','23.105.194.105','d4268003ce7a39100fc048395685b2fca4859fa7'),(198,'mobile','Windows','13.90.123.27','1932a0e18fb1d184b34fe30ee0945b53528e051d'),(199,'tablet','macOS','220.56.5.233','af2313fd4d58c6f87b24f21869bd8c7b1570ac98'),(200,'desktop','Windows','16.1.88.16','89d73fde8eb3169077b9fda5a2c226df3ccc1c20'),(201,'desktop','Linux','154.42.184.148','54909c1d88dddd4a1221a16dc82442ae15412fb6'),(202,'mobile','Linux','219.7.63.74','e7c70a18a84cfd2d59fd6237ddb2bc553c14df29'),(203,'tablet','Windows','160.236.23.138','071398ed32f67a3574ea3a625b4c5c48d770ab3f'),(204,'tablet','Windows','209.128.169.10','9b31fbfca13bdafff7760f8463689a9381267c98'),(205,'mobile','Linux','38.83.51.187','5e32605e46b9f4ba76f04e61962b9347e041674b'),(206,'mobile','macOS','112.142.90.248','67604d138cc64c5c346a4051712679204bc31fb1'),(207,'mobile','Linux','183.142.61.247','ba4e93fd05444e7321b51f03594ff6e8be90ccb1'),(208,'tablet','iOS','148.72.31.231','c000b802bc5f284d82e2be816d26b5b5b03acb6b'),(209,'tablet','iOS','69.42.213.45','b5eae24d8c7c20634fd439f17624a4e7e256e625'),(210,'mobile','Android','84.143.39.189','7b82fc2ce91279cab0a033d59efe13b671e11998'),(211,'tablet','Linux','14.118.119.51','fd857bc1c763e816d744ae72ba7e43a567aff43c'),(212,'tablet','Linux','27.125.59.35','4b4d03b9a8027f2c8f46b8caa1acbcf4a96582aa'),(213,'tablet','Windows','136.113.247.247','3b3693705166b32a5d1d8bfa0ab584ccfdce83d8'),(214,'mobile','Android','26.236.65.217','c1fb9285fffd2d2afe676cfaefb1434e0f63dd76'),(215,'tablet','Linux','85.229.193.43','9b64f7ca3687ebc110d64f77849b9d4fff63042f'),(216,'mobile','iOS','90.15.57.167','25581b88f7ebacdd80d8a0ab7a10d4de7510f91d'),(217,'tablet','macOS','150.208.211.128','f75c70d78561e2b3069ba5daa9278605a7d1f11b'),(218,'mobile','iOS','30.226.13.162','737f76e30c411cef2f3732bb08bd23089eba88cb'),(219,'tablet','iOS','112.53.16.154','bf31789fcf09200da851bcef9a01939f8e8b45a9'),(220,'tablet','Linux','142.19.6.211','562124e74b2edc1c98da9f66bd2915327c1161db'),(221,'mobile','macOS','178.111.110.166','da04be46b232099b5953486d94304f7a9dfd9105'),(222,'mobile','Windows','113.111.181.136','9ef4debc82e27deefa0e086322a8ee6197b9607d'),(223,'tablet','Windows','154.171.117.123','0b19d4b63ad3cfcb0154117902f2650382c8232e'),(224,'desktop','macOS','196.246.42.225','d453e73895cd46a833595a7385e8819ac9cd6b6e'),(225,'mobile','Windows','217.163.84.15','2a7c101ef177a06f254648a3799a23dc58a1e78e'),(226,'mobile','Linux','196.110.83.45','400dbf6be7dd2090c89aa558e878cbe2db8a0ea9'),(227,'desktop','Android','67.191.186.183','6bee681c5d8266a07d405418c64cd751f74fa941'),(228,'tablet','Windows','73.247.31.103','068aad3e31b306d382b4cd45f10a81706806a651'),(229,'tablet','Android','131.87.96.91','480db9f538ea552fc34622caf7022276a4284052'),(230,'tablet','iOS','167.168.230.246','cbb5f138d1db30ab356b723f614d53978f96ce40'),(231,'desktop','Linux','91.198.30.1','651428daab533b944c92b0e8305e77d464d5f013'),(232,'tablet','Windows','104.162.64.118','8f2599e11198b5b337aef85d4acfb592d532d7d5'),(233,'mobile','Linux','102.22.169.139','07aa0b11dc2617a567fe9a1925760429d6aafdc2'),(234,'mobile','Windows','101.34.105.213','6ba4c3fbacb8cda23617f9593a3ddd5190601cd0'),(235,'desktop','Windows','202.2.91.15','db6e45d8c93c070a99ad0c197a157b6723c22e59'),(236,'mobile','Linux','103.232.246.181','e4b6e1b27eba0fd7b94b84962eb9999f519689d7'),(237,'tablet','macOS','128.152.6.124','27fd1fa84300fb84097fb9030734cd0cdd97831f'),(238,'desktop','Linux','153.159.191.37','579086b86cad21d820088acb028fc40c3217cad3'),(239,'desktop','iOS','124.22.223.134','a1ba0223e1cf102593c552e0a1744de436ea008d'),(240,'tablet','Windows','190.15.25.62','3025cebeb17fbfcb61b3f609b254af3dcc443005'),(241,'tablet','macOS','139.45.223.91','03c24877e4423fd9166a82037f63949e1dea5a93'),(242,'mobile','Android','22.86.154.141','97c67c1b5392ebff83652d80a0ff613d8c99fc0a'),(243,'desktop','Windows','93.184.165.49','79cc558bf2055c367e1074a8375c173f5ffc7fc2'),(244,'desktop','Windows','88.187.65.91','1ca9efe1560b07e3d7899e884ea2932a8fac9932'),(245,'tablet','Windows','168.203.209.91','7d0b6e72f71611545a611f97f9e114d6cd8140d8'),(246,'tablet','Android','99.98.67.21','89607bb1a193f73bd955ca6a0fa4203ab086c8db'),(247,'desktop','Android','58.107.89.151','a26a998bd50bd51a363177834d1ba21294e4394b'),(248,'tablet','Windows','4.246.141.94','ee660fcca94023824cf20d34cfa95e539fcd4f40'),(249,'tablet','Linux','207.83.120.84','e6c69258e1fd0d3474db3792af5853c215f1aa0d'),(250,'desktop','Windows','170.89.255.198','51bc0f5fa4135aeb568bd5703d2c4f992ffb195a'),(251,'desktop','Windows','32.150.213.237','1df0f3b9d55dbfd667a7a7ef860b94abcbf18de5'),(252,'mobile','Linux','191.102.170.173','51b070355072439da961583e4701130d156b2cfb'),(253,'desktop','Linux','56.247.242.184','7025c8499d3aa0dafd8692c421729a1476ac8c04'),(254,'desktop','Linux','159.191.22.195','ac73b0d411d6eb0460839ff885235d512fafa353'),(255,'desktop','Linux','62.129.164.232','2c9de53081620d3e72db573b664a558e8006248e'),(256,'mobile','macOS','11.232.106.138','f7b14a561a20e3fa3db4418ff2e7e72b309157ee'),(257,'desktop','Linux','87.53.66.104','ea7b12f36f07cf55842a235f79cffef0ca212431'),(258,'desktop','macOS','115.246.237.62','76d47fe22fe72705e1fc920e70fb59d73da7db04'),(259,'mobile','Android','48.58.155.11','50e5b2c3bd0827975a7d31466768a1a731ab20d8'),(260,'tablet','Windows','24.227.167.200','3b8d7ba03ca62fa5a38321e30d2830da2f81d22a'),(261,'mobile','iOS','126.12.152.31','32b950da43db1dc74bbeabdcf929e0e879bce4df'),(262,'desktop','iOS','119.245.136.83','d0b6a51700fdcb8470959cbbae6cb1236bed4f55'),(263,'desktop','iOS','103.250.225.206','13e131f6d9e14b146c45b6924938cd10e9e3906f'),(264,'tablet','iOS','223.255.218.111','512c267aeb524d61d09319fceb068d4c28140547'),(265,'mobile','Windows','94.48.43.191','8a3a5b031981084d2e6ad6479a3b0d6c76133132'),(266,'mobile','Windows','208.144.90.246','3abcba255970351f6ec69b6a863a3e6e49a12789'),(267,'mobile','Android','134.112.140.223','f33d33a8ff6d2e384adb700d644e3658698dc59b'),(268,'tablet','Windows','142.154.89.24','2d4b1b49e227da5cd07e59c393802e3b33551646'),(269,'tablet','macOS','143.116.129.198','5afb91ec82fe10737a723aa2a2cd498de180b9c2'),(270,'mobile','macOS','108.222.47.132','7ea25884a6c857880cc57596fa978390d9b3177c'),(271,'mobile','iOS','162.68.140.35','900b0161f3de8fc1cef8aed66c5a8fe7be6138d8'),(272,'tablet','iOS','141.178.95.5','fd2dfb79afefbe7b9fc775a6b4bc880e97049983'),(273,'desktop','Linux','123.172.139.196','432b086dc850c5d9e136497da9dec034430782c1'),(274,'mobile','Linux','41.109.181.105','9440e46fd108718fcdf034fc2b3f46fd73a7e6d1'),(275,'tablet','Windows','142.126.96.237','3718292a953319b9f631ea83042ebb9118ac0062'),(276,'mobile','iOS','7.85.179.106','61baf4b679daad6a38b9b01b9a044a5b7b145136'),(277,'desktop','macOS','102.40.199.219','d495dffe1550c523f18825bc763f775e5f3dcb3d'),(278,'mobile','macOS','10.44.181.171','2c21d5561ed1594fcd019df9384e69320a9e5ba0'),(279,'tablet','macOS','219.133.125.210','255eb7ce9d5ab0029748cff390039714b70ac0e7'),(280,'tablet','Windows','115.128.211.11','e640c120d99261834294fca0d74d3bf0ae9f5e3d'),(281,'tablet','Android','168.9.85.30','eb72652c7c67075ad29559f345cef74bc02c669a'),(282,'tablet','Windows','9.51.223.110','ca1ee416f26b9912364d862cbd3e44be4c19695c'),(283,'tablet','macOS','22.240.189.141','483fb34963868fe60e54271c9d8d09a1a6592cba'),(284,'desktop','Linux','88.62.204.190','dd46cecfc9374182685d6e81abe1f7b5c90a575f'),(285,'tablet','Android','55.250.189.42','855dc5f45f90e593d986d802b7704a5ae3bf9fec'),(286,'desktop','macOS','24.85.146.13','97922aa027440ae38f53a50ca1a646ba5a2dbaca'),(287,'desktop','iOS','126.148.208.180','931a56918299eca3478380c133884deae2f203cb'),(288,'tablet','Android','168.173.170.37','7d5ff46338191377100ef61a893a8d768331f656'),(289,'mobile','macOS','128.60.84.101','725e9072596af53cc9d69ce575d5f0a3fb1b0837'),(290,'desktop','iOS','176.27.32.213','b0706f05caeaaf4727bd05d8b8e973a0156fc23c'),(291,'desktop','Linux','39.246.246.254','0683441943ea2c08be28c59181410e7425af8964'),(292,'tablet','Android','54.170.78.201','db2346426ab9ed7f4353afb3f37accae1b5c9d95'),(293,'tablet','macOS','223.243.76.127','c6af5290e48834a6c3fda7318222372accd315a4'),(294,'mobile','Windows','187.182.183.199','4373c632f15879f0e16c49c0ac144b690983354e'),(295,'desktop','macOS','2.159.200.43','2dc5bf22b9e272aee09e43fff1a25cd1684c65ca'),(296,'desktop','Windows','110.81.117.248','f76c3047de48ba9f29e90940930e948e023fd057'),(297,'desktop','Android','134.201.37.249','998abf774e8d7763bc2059cf087cf022fc910bc3'),(298,'desktop','iOS','199.71.180.222','0cb62a9fd0a9ef599acbaf3e2f27d512676d8c78'),(299,'tablet','iOS','214.108.244.20','220f817a3e47243ae9584896feb29f491b1c4bd3'),(300,'desktop','macOS','61.194.233.133','96f8b2e571df9a0cbb9125631ebffab10491f57a'),(301,'tablet','iOS','144.134.57.92','66f2e86879740143664ae2c347d0ed78434a7ea4'),(302,'tablet','iOS','112.251.235.114','467b01f0941734e55a0e48564f927103180d308f'),(303,'tablet','Linux','11.168.211.14','5ba571485a1468e007cabadc018737d9d26a4980'),(304,'tablet','Linux','149.105.172.115','8f1d66529ee11cbf5a3f69fb7d577bfbad410e14'),(305,'tablet','Android','173.154.178.162','2694b88952c7abf6a37af85ef94704e64f552150'),(306,'desktop','macOS','31.238.117.34','001a30973682401c517769b675f58538b931c96d'),(307,'desktop','Android','123.39.153.250','df057c25a28715effc5a8d264162a682bc2ac5c7'),(308,'desktop','iOS','59.207.210.125','50dcf021a941b5e40423b07f0912386273bd67d4'),(309,'desktop','iOS','68.134.2.77','c9b42be874617812b9140acc0f5c6133094d2a8d'),(310,'tablet','iOS','22.161.76.16','fbab9a4b830d2a504590f66a8bba76f30c7b0971'),(311,'mobile','Linux','148.238.45.159','de3d557802c22216405317e4b6938de6e700a26e'),(312,'desktop','Android','193.72.227.173','083e7555824c04e0339a737632aa06cad789113f'),(313,'desktop','Windows','30.178.247.26','e4102b7ff07ee271d3245f5e24ccb41912a927ec'),(314,'tablet','macOS','130.74.136.136','347e6759612a302ed464603c57a106120ab51cff'),(315,'desktop','Windows','78.33.177.139','ad1bf2a3b67e9a6d5fd095c6900565f555889623'),(316,'mobile','Linux','18.89.200.20','073921b1c4e843fa1bba447756b6dcd2de82c4d1'),(317,'desktop','macOS','209.118.148.144','dc73ad22be53e21522042f75ba0fdacd9f5f51e0'),(318,'tablet','Linux','65.211.125.132','d53cf889c019c9b8f75b9a872dc7240f42173876'),(319,'desktop','iOS','206.153.17.15','8bb189d543652a1f49cf8c7621e943e6996dcac2'),(320,'desktop','Android','151.41.65.11','75013c1cc4a6574205df034eca10e80ae1e0c5fc'),(321,'tablet','Android','94.23.216.41','d4e52470ad2b8dedab18a8484dc54a0c527cb4c6'),(322,'tablet','Linux','5.153.58.69','77680f36a3af435b88114f97b795a5e0c47c85cc'),(323,'mobile','iOS','164.242.93.164','329611db7f4c0b7009dc9b5bd284fe40f3c91b77'),(324,'tablet','Linux','46.55.157.92','a6732e7ab757fd79d01a4feea7d3abbe0d33aa67'),(325,'desktop','Android','202.248.76.54','0313a9dd85fff5fd080bbd30ecc6b530bdd0a240'),(326,'desktop','Linux','143.52.64.26','faddd2a3d2b47957f618aa88e41d4a12872602f0'),(327,'tablet','Android','219.0.62.33','c249766fca14af060daa8aaf0f5565eeeac6bedf'),(328,'desktop','iOS','194.54.237.125','7149b9e2a8369a84e4e94371bef3895a0013fe6c'),(329,'tablet','Android','92.239.97.75','bef524de7f1b90def515ff3282b9a8b1f697fc48'),(330,'desktop','macOS','56.26.184.202','a774e4242be805a2e2a99d53381ad1d9ad76b860'),(331,'mobile','Linux','65.2.106.101','49bbdfc6fd84c0dd6b1a1e56de6fc3982368498d'),(332,'tablet','Windows','204.146.122.123','dc8edb564cfe360f5739612653b09732225e36c7'),(333,'mobile','iOS','115.210.193.99','8dfaf86d22bb336af83c2b7d8a844c412240a942'),(334,'tablet','Android','92.80.254.63','dce6e4e7af1ae800f7ba6d7014951f8e8f39c405'),(335,'desktop','Linux','66.204.244.228','6b6fa8e6accf31bc44e51c91d7573818eacfbd6c'),(336,'mobile','macOS','222.125.115.9','e04b3172f8d5c97988f408832559f1bf6152e94b'),(337,'mobile','iOS','223.33.76.233','aa3e5c7a39a361f1f07ef8d846519f08c6aff07d'),(338,'mobile','Windows','84.117.58.32','2ca2842ad54feb3c217c87c630096e431b670a86'),(339,'mobile','Linux','155.128.86.235','56402d996a9485742e629fad49b9e5dcdb4d1a81'),(340,'desktop','iOS','156.99.19.78','d277e5d17e85a389043b944546fcdca5d550fe0e'),(341,'mobile','macOS','183.174.16.94','a07d559e2e66359983a5463898a41f6dd6b0470c'),(342,'tablet','Windows','116.71.166.36','75a9bcfc429d2857a799cc7ac8cf5d4d5e6be07d'),(343,'desktop','Linux','191.120.216.229','085cc904f125448d1b621cd0184fa42ba2d326d1'),(344,'tablet','macOS','43.138.31.111','21e1ba2e67ee5e9cb49af4282739fab79e7092cb'),(345,'mobile','macOS','50.187.215.53','7409ba965c473393e9132c66ed9d3c2f4b1c1adc'),(346,'desktop','Android','216.97.10.53','9c260cf31f1defd2e6b31e7ef6a89b6b60692e05'),(347,'mobile','macOS','78.98.140.26','cd6e0b014d3333f5471a45256828b3b10ed175ee'),(348,'desktop','Linux','112.28.59.168','53c2c69885fc5d3c04acfef71e079177a9a83864'),(349,'desktop','Linux','89.99.124.99','34c452a9c96c9355663cf5b643e62f4bcf7becf1'),(350,'mobile','iOS','36.91.87.77','fd3402dd16455a4aba37198ae30e2fb069cf7c52'),(351,'mobile','Windows','27.183.34.157','669a1bda7f23dd7acf2f484bc1251e5af812765b'),(352,'tablet','Android','31.217.41.223','846aa80d464509dec95028245599381fe76e0d60'),(353,'mobile','macOS','81.97.197.157','42f610f7c45bf2b7c71652e3a18da6c6e2ea9545'),(354,'mobile','macOS','103.3.117.206','b2fd00b53b3c5982108384a88708087a8afb2d76'),(355,'tablet','Android','120.181.24.147','0adbfb7a014b784a59aeaeb15f42092ed3b35753'),(356,'mobile','macOS','200.108.17.79','5568323df9ef1a67a7c974c51419d4b915c6d89c'),(357,'mobile','macOS','199.193.21.0','07b9e20c43d430aa8737088ec22bac94e3bc56b2'),(358,'tablet','macOS','9.3.47.184','a554d874a8565f127ab705a38e51eb90ae85545f'),(359,'tablet','Linux','184.124.213.179','51682acd163c104ebed05a28edc613d69cbe7081'),(360,'desktop','Android','169.109.254.222','c78d29a9b3d6fa04f17cd143029a58b9db8d90d0'),(361,'mobile','Android','29.20.18.82','cf695492fcc6eb98aae925e9c306aa978724a311'),(362,'desktop','Android','58.190.203.10','19868aa97003c3f3eb189dcc69289f7cd7ae3497'),(363,'tablet','Windows','120.209.161.196','ed720046836ffae2b60073654c9d67ded7917317'),(364,'tablet','iOS','221.104.82.40','56fb28aaf54602d75ab816b0bdd89a5a7809abd0'),(365,'tablet','Windows','160.76.55.67','f3e3d82eb358d541e407bc9123dfb9d5c00ad1d7'),(366,'mobile','Linux','57.153.85.142','ccc5db5246f2732157c5d2afa0b54bee2dfdc04f'),(367,'tablet','Android','217.155.193.181','55d2a74610b1cc4d4200948968778f9fc7e2e0c1'),(368,'tablet','Android','84.181.2.5','619493ed2e4d41a89c53e7b88d954d005953471b'),(369,'tablet','Android','128.204.54.242','6df197089c69716dd49b5f5d6ff2c465d894d7fc'),(370,'mobile','Linux','79.223.79.149','ee98452c22040a0e9f66075530c24fdbac80272b'),(371,'tablet','Windows','36.195.106.123','141675fdfe8afc0baf1c495e53aae09742778e94'),(372,'desktop','Linux','102.43.38.143','90c0114358b4d148ab6575a7cf6dcf4fc99d3e68'),(373,'tablet','Windows','114.248.192.255','b9c44f4b1cd834dbf56f5555d8df4e1040b0d1dd'),(374,'desktop','Linux','49.221.20.230','f0e2fb356f245a47b73628a73090d6b29dfded9a'),(375,'tablet','Windows','38.158.55.240','4c645808916dfccfc2b225250d75d4c24cca1c8a'),(376,'mobile','Windows','159.146.40.114','957a1ee88dbdd45983110208a7f2a7e307ac43c8'),(377,'mobile','Android','212.215.125.134','be02fb4e35d0fc3c2046a2024676938d3e799192'),(378,'mobile','Android','208.59.220.52','6e233d21f83af5571cb9ca444f3bccef9ddcfe6c'),(379,'mobile','iOS','43.69.168.66','1d3a1d83a3ef7e689057874f9e8d63bf79a6857c'),(380,'desktop','macOS','149.87.31.167','1b28fc2a0db96adf84f88415a06aeb2164f0ace5'),(381,'tablet','Windows','81.8.16.114','182a6085731c645652ddaabf54882723f3473bc6'),(382,'mobile','Linux','101.90.109.112','43ba07d021cddc3908b99f355b5c6a25614613e0'),(383,'mobile','Windows','191.46.212.31','b174091c83c771acf45c206bf3877f3352cc4194'),(384,'mobile','macOS','1.251.86.220','858e2b7a7259d7b4fc55f104d2f4f2f3442c0574'),(385,'desktop','macOS','103.120.94.129','2f383747f5800ea98eb05c6d4d3159ad4de39b62'),(386,'mobile','Linux','27.153.178.171','02280448df2e516fcde756f7aafbb8143696f717'),(387,'desktop','Android','221.201.23.78','8a563bb398b761eb81c6903cf067bb4225f2d408'),(388,'tablet','iOS','14.249.194.208','be1e80ca3e5d1174706379bd632ba4cc487ffcd4'),(389,'mobile','Android','201.34.158.30','a5dc5b782573ee3baf769aa8f43fa22bfde078a9'),(390,'mobile','Android','19.0.80.253','6b96eecd9508ac4e7c3f9ae218cf8c0bad5a335c'),(391,'mobile','Linux','177.128.159.58','ab9f0e8a2717100634ac59b87de549351bc214b1'),(392,'mobile','iOS','81.35.155.72','0689ea7f4204aea5b8eb2c5d2ba3f291e3a44cc3'),(393,'desktop','macOS','57.47.59.114','8d0c80c171c88c017a9fca357e054e9bd157d2a8'),(394,'desktop','iOS','199.29.107.179','0d386db624dc8fe17eeea33001a0138f1af4e82f'),(395,'tablet','iOS','33.98.170.214','dd7fc775c303ef8a07ec999c627b0df6604f28d7'),(396,'mobile','Android','148.204.239.92','2e874d17f64b86f8908e702e4a03afae9df6b8f1'),(397,'mobile','macOS','23.227.241.91','c12f92870815bafb38fc8538e6ae923b83cd156c'),(398,'tablet','Windows','53.42.90.127','3f41ab541be1b36f0e3ca6c40aecf7d0e63a71bc'),(399,'mobile','Linux','131.244.63.12','4e60cdc617b6665cef0d5958e4a01541942bf818'),(400,'desktop','Windows','142.61.0.124','0e815141172f48ec00e3e178422f0dea585bd36b'),(401,'tablet','iOS','29.24.71.5','c7deb3745490be1d838d7ebf757a3682a4193cda'),(402,'tablet','Windows','24.219.160.216','dced1ad5135389227c4c7092d9ba2ba0a892565e'),(403,'tablet','macOS','126.44.190.227','0e8054ec2ac77df58f9f3aa26d813fd4d3075d54'),(404,'desktop','macOS','216.42.135.34','a6201d0b1694035c14bc479deaeb340c460eb0bd'),(405,'mobile','Windows','70.195.173.115','af5f7b1f1eb3256625625e58fb17c3f458992a52'),(406,'tablet','Android','117.46.78.130','47741d2e9077ee0d864636d351004767eea4efbf'),(407,'mobile','Android','119.218.65.228','bedb966373807dbd8344637b9de44f984b2b0358'),(408,'desktop','macOS','161.229.16.0','758d66c8c18924570660c8ed8607ad90810c70cb'),(409,'desktop','Linux','209.129.58.219','3790045845b1121a2baead673f49e2638fcd3721'),(410,'mobile','Windows','71.246.200.95','bc44849809b965dadce234a47f4bb8df5579a213'),(411,'mobile','Linux','169.141.252.136','fdf1e3a758a4244e724e731c40947f3dbbbd29cc'),(412,'tablet','macOS','202.196.99.33','7567edbd8ed38fe866efb8be7e7d375b9f9e2240'),(413,'desktop','Android','21.148.60.129','566951ce40718344f485cb64009e45cf99cbf0f5'),(414,'tablet','Windows','33.147.150.224','dd4cec33c62462b81f8a0f0dc943793b035a7b3b'),(415,'mobile','Windows','11.22.227.40','a57e21df57cfceaaf9b77e26b45c5552ac48c0bd'),(416,'tablet','Linux','47.78.50.22','67148975df032b9216ddc86af52f5b9fce4f874c'),(417,'tablet','Linux','108.188.112.81','3271c487b66ba2955bee28551cb192c35dc4b393'),(418,'tablet','iOS','123.30.138.35','9f49f46db5282207e49c17fa1af0fdb7326a6e82'),(419,'desktop','macOS','13.133.35.188','301109a3f4e7bd71394f0ad145fb7611577528c7'),(420,'tablet','Linux','80.232.246.131','671e0abb7ed2eecccfca701d0c2cb445b0841eac'),(421,'tablet','iOS','59.152.118.44','6e0bd39f5dd047e7072f3c4a18c191d344fbc28b'),(422,'tablet','iOS','150.44.239.238','f8e26b91f0a1abdbb42904359e2d188da201c26d'),(423,'mobile','Android','94.158.127.60','a2fda245092c9acd4fc5396e12afac3fc6648ada'),(424,'desktop','macOS','129.163.40.101','abb560ec23d4d0dff176fd9253fccaf21eb9789d'),(425,'tablet','Android','116.175.195.227','129984682766101cff2b7165675973e10270651f'),(426,'desktop','Linux','199.57.204.158','c1979c2ec9a5831142630f10fdbb3242ae36ae86'),(427,'tablet','Linux','1.221.204.78','4bc7d60c5dda17a37e6fca95a4a8d7abe3038bed'),(428,'tablet','Windows','70.208.43.218','4bb20ab83e48238ba22e6271579c4840d0535411'),(429,'desktop','Windows','152.31.42.233','6edc98b7be3fe2c4f2261d21edb863e79fb9e708'),(430,'tablet','Linux','101.191.111.13','4ad5218e2f44f6c9908b63b8ed539bc61542bd9f'),(431,'desktop','macOS','212.223.138.233','830f07eff83855bc85f0a1edbdae7d182e5ffc2f'),(432,'mobile','iOS','168.35.161.250','f15bd111217131780bd2147cb68c6e0e3b89d41b'),(433,'tablet','macOS','4.249.87.19','fa4315e8b2e965c0e66e5a511ac4cfa5cebe3564'),(434,'mobile','Windows','9.206.6.251','1b9e58aefb72beeb67561a77d3f25b1dcfa20ffa'),(435,'mobile','macOS','21.147.219.2','a2b2f38b2979ef756c3af8c2a18e64ee73ddbfeb'),(436,'desktop','Windows','186.2.44.91','8c889574e66302e80a1bc1155cb9f83e85ccf7fe'),(437,'desktop','Linux','213.7.170.122','fb3f9d23d79b2d456745e0e4a8dab5a105b8c49d'),(438,'tablet','Windows','147.44.63.198','e0478e4bd0fc54ee2e3b3433dc49724e7f5daa4d'),(439,'mobile','Linux','17.120.194.233','3f681a18b8b41cbc7c46cdda973e5a3cbf35ae30'),(440,'tablet','Windows','96.150.236.230','ed37d18a1360a9d1a97d65803dd0eec26b01de39'),(441,'mobile','Android','169.191.122.65','5690275c5be64b14a2baa4211728c188c65d44b5'),(442,'desktop','Linux','213.188.156.43','184bbafcff7d5c230ade448a3674be30092038ed'),(443,'mobile','macOS','215.91.133.18','ad3fb83461265d3ae4f37b80de5d8ebf99acb694'),(444,'mobile','iOS','30.199.101.61','afb958f6c7ac427a5bc814a9cdbae5c9b41f0929'),(445,'mobile','macOS','71.41.238.1','a8969a58ba23433bbba3cb20a059016c95edaadb'),(446,'desktop','Linux','214.222.144.163','4b121dcf512b14ee32a24a8b728f6aa4712e812a'),(447,'tablet','Windows','220.95.209.173','d9e138cddc67184eb37d70c278e4e414150be9f5'),(448,'tablet','Android','96.181.201.138','84dd22408bc43b2e7d6445d984953ed3d321525b'),(449,'mobile','iOS','89.217.187.14','288d5aae7e0a0e16b418738f44b87de815bb05c5'),(450,'tablet','macOS','214.165.144.145','b4d284410bfdeb074e549bcb13ff79a52dc275d1'),(451,'mobile','macOS','204.30.107.62','8f2b229aa5e2b4230cf89df71d4bf44e16c2a615'),(452,'desktop','iOS','78.17.243.71','7fc7127f91f5bf08221869ab99cd572cf0fb9fe0'),(453,'desktop','Android','1.15.2.131','4118200398d47c7e283851c8da3d5e02f9d61ecf'),(454,'desktop','Windows','34.108.253.126','7ca13afae9e5a98981fc39cc5ab9e2b751afe04e'),(455,'mobile','macOS','72.205.242.228','65ec6357dda1b8375e7fc79fe7a26ab7795c500c'),(456,'desktop','Linux','156.138.59.196','7dc7d4b75b67c007106271c31377a42b8f10771e'),(457,'desktop','Android','214.232.220.160','227ea939fdff98cddd6c590a92adbca6f73c9c2f'),(458,'tablet','iOS','194.168.219.101','975f835201843dee40edf25eb5484de05fd35105'),(459,'desktop','macOS','145.34.98.193','331d51a7807226a84a774a85d97211531096b082'),(460,'mobile','Linux','161.77.15.121','c1b37a3763b9fec84e06b460742d4eb87196cfa8'),(461,'desktop','iOS','169.181.81.156','aacc9d194787aeee2511cad3128b530f359351a5'),(462,'tablet','Windows','50.155.184.116','a68b9d81711fed9a017d5f631ed6b310823da76a'),(463,'mobile','macOS','148.24.104.2','0cd2a1b16ecf12b6fddf412c1a12a061794669b7'),(464,'mobile','Linux','200.117.154.47','a3bbca8e4284cca3f5f00c8cc6f1c5bd443d6dea'),(465,'mobile','Linux','215.172.14.118','b34b712d7e67e778b14fe09113153958f28f1ca0'),(466,'tablet','Linux','99.63.150.108','4bf222341993ac6a37ee4b513b7ead0497f427de'),(467,'mobile','macOS','41.15.224.138','dedf7cb931188caa14b8a00ea6bc0ed7a7132460'),(468,'tablet','iOS','132.237.230.92','54a9842a49c8f8de52980a2312b935cd8a8be1e9'),(469,'mobile','iOS','183.33.134.216','e8da28ee29aa483508926d3cd3993833cc8a216a'),(470,'desktop','macOS','59.222.122.11','5145ab151a4b8425129625b782324ab58b621800'),(471,'mobile','Android','35.44.114.214','523b625d3155c371b3cafd6673080a86bf3ae4b0'),(472,'desktop','Android','160.255.185.181','5160c5d0767e8d8a584dc085656a6edfe34062c2'),(473,'desktop','iOS','49.242.41.51','8b25834c35c9b99fa0c1b80b2e12fbac8f367d21'),(474,'mobile','Android','196.26.168.228','8b8b614cd284745824fa7025bde541a9862c1a05'),(475,'tablet','macOS','161.161.183.222','a06b827c3496392ee5cd716c2f322258a81949a6'),(476,'desktop','Linux','65.76.43.184','3881700f6aa21a82703cf7789d67f4862e39a106'),(477,'desktop','Android','33.58.77.164','020f5c82529045703b9c564332957a9de89ad241'),(478,'mobile','Linux','203.82.83.36','0243a34a5637b485f50f8dc33528ca1c8bf6c8fb'),(479,'tablet','macOS','18.232.184.46','a417defc988824165a72d0743dadcdf48a226f03'),(480,'mobile','iOS','154.34.247.54','dfa2bc10d25971b84ad4ca4b8e1c6e5678039d46'),(481,'desktop','iOS','102.241.227.26','3f018d1a2975a08d3ecce84c0650ddb55c36dab2'),(482,'mobile','Linux','160.0.115.204','4e6d9147229634f6295de380470a7a9c71a2c658'),(483,'desktop','Windows','77.241.177.9','43062fafed6ae136010c4ec1b16ed38ef14e75ff'),(484,'tablet','Windows','182.182.212.150','ef9ff3824945cea7f6083a9b36f322ddc2e5f287'),(485,'tablet','Windows','219.228.77.196','4dde53fe5d374d400b5668d7d234e01863fc700d'),(486,'tablet','Android','6.201.190.158','ec1ca0975c6400a17d22ee80ee2b016ef599175a'),(487,'mobile','Windows','176.85.207.14','00dad32f65f53de7f47d948ea0907bb3e969505f'),(488,'desktop','macOS','28.33.57.205','68dab65b1f08faec0389679abe550e4293e7a7b4'),(489,'mobile','Linux','154.163.63.156','03a00f933feff08ed92e0ca1bbd66e6a467d97f2'),(490,'mobile','Android','205.55.188.63','d087edcee43dd279df69fe7093cd29c09fbd93e8'),(491,'tablet','iOS','77.100.247.25','2e652e74fdc4378690e185f336aa989906e0116a'),(492,'mobile','Linux','40.87.28.9','7af73e19a679e5377bc3828a6bb6ecc9a9803c6d'),(493,'tablet','Windows','191.175.53.104','dfffc855ab0ccef0bf138400a5dc87d9dab34fc2'),(494,'mobile','iOS','177.109.153.148','496a4898dd920e305a11f8a2a4381287a3ad4b84'),(495,'mobile','macOS','52.197.2.238','4ce8df0a7424f1a66e0cd78e96acc8ac1c6f8e43'),(496,'mobile','Linux','96.35.45.54','4f77f52e3ee5e864ddff01bd771e1fe4c6f4200e'),(497,'tablet','Windows','43.97.115.172','23b488956e5ef044e89776a424c7a82a537dcc53'),(498,'desktop','Linux','79.113.69.192','b36a0b2d30f160b4e0f8be0c16d00fe89ba4047a'),(499,'desktop','macOS','188.163.255.229','6e8ec8ec3cb5f6c537486a9b32b0ac84241bbc3d'),(500,'tablet','Windows','148.67.47.206','efe3e0a26781b9eb0bdaa83ca0f52578ec80de05'),(501,'desktop','Android','97.252.203.151','335983f709c2043abefcd0fe586c887398558fc5'),(502,'desktop','Windows','172.223.32.161','3f9ea5abfeec031c6bbdd4dd4e5b21be2b03ecb4'),(503,'mobile','iOS','47.218.127.142','c77445113755af1c5cc434c11d6580adff3983b8'),(504,'mobile','Linux','185.150.155.52','78b8e67d3a061d19c48a9d12e259be758d114106'),(505,'desktop','Windows','75.184.176.8','0a119bbf89274babd14e32536aaabd9f990f1f58'),(506,'tablet','Android','151.43.244.82','52eee7a807c22038569e3e1cd78b96bccb019cd7'),(507,'mobile','macOS','53.136.60.183','3ce94c57774d595474757010c8894202e1dd20a6'),(508,'tablet','Windows','192.45.23.66','120c0dbbc92d9d455c2f4a3dfe5cd56c09585e2c'),(509,'desktop','Android','195.196.124.10','776ac9a78c7f2e8631b72d1b704cd4956be4dabd'),(510,'desktop','Android','201.101.35.216','f20d6d40db7100cd05db85567ad6d03fb529438b'),(511,'mobile','macOS','87.98.186.97','5ae5973dcdcadf7830ed8fa82788098470cfc473'),(512,'desktop','Linux','140.204.115.1','973909cb3c5ec53988961a8f6676ddec244159bc'),(513,'desktop','macOS','160.159.160.131','d3397b2626450e70067cb585258ac68c0544079a'),(514,'mobile','Android','38.7.104.126','60c087aa50195ae7ef19590066357aec2c0b5b41'),(515,'tablet','Linux','48.22.113.242','f21b6167469a507922caf85d70d05283384fed32'),(516,'desktop','Android','1.12.71.9','43a1e30754a623266e550fbf01d1e0a9e6d66dc3'),(517,'mobile','Android','81.169.145.75','893f39ca8f11c50269d55368e3ee05fda3a37194'),(518,'tablet','Linux','81.169.84.145','f22d4aab9dd0d213189903357b26f2aa8c0ab867'),(519,'tablet','iOS','217.111.178.66','99a4eeae700f7c23e3778cf1a91a75c776cab3df'),(520,'desktop','iOS','170.79.18.105','bbb3bcaed079ba39c45957275aa7b55a7f5e4257'),(521,'tablet','Android','135.171.41.117','49258af02dfc74223de3ed384021e9ffec7123c8'),(522,'tablet','Android','196.250.105.220','f3f2ab4cff60e0507d2cb23a70335c2295050bf3'),(523,'mobile','macOS','136.80.141.207','4d83430a1f57f905fc1c36fc980e96864fbecd9d'),(524,'mobile','Linux','3.88.125.249','fa5e8ed90c25bfc7ba7ba23a7b330977e02a4c39'),(525,'desktop','macOS','134.39.3.255','827eb8eb84c1896b7d406b45dfeef4c53077f913'),(526,'desktop','Windows','72.253.148.58','d5ba8150536ed97e81a20f25af6f498fa5e6cd1f'),(527,'tablet','Windows','181.153.165.88','c5557c3c82f4719357e1f3a925e5ca6614f199da'),(528,'tablet','iOS','174.204.106.229','49414fc044502cf4686d700b19d5b0fa169f85ce'),(529,'tablet','Linux','94.91.157.190','b98050ed011191687c07cd994c5a7c8bc0acfeb0'),(530,'tablet','iOS','145.197.168.156','bdc7c0afca6fc202c39ab4d16605ca3e2fdec500'),(531,'tablet','macOS','112.13.208.16','5753d654469aa6d61643e370a6636a97a52f133d'),(532,'mobile','Windows','54.88.192.246','f10e7ca1fc6297274146305e9c297e0aa4bbfdc3'),(533,'tablet','iOS','99.242.112.193','1df0f7ab20fca36bfaf3b1052210b24dbf8240a2'),(534,'tablet','Windows','32.209.56.145','491bd2125f6632fd9e8a40861ee5d33febbe4981'),(535,'tablet','iOS','137.72.145.154','f994b59f4d857544674be4e7aa67f230e8b0e949'),(536,'desktop','macOS','122.110.206.203','dc5240b0b334a941e0581df8d72a68cb34b10a30'),(537,'mobile','Android','217.152.160.92','d92be6f994bb4803b5d7329a58bd202e982f21cf'),(538,'tablet','macOS','84.201.56.160','5313f6329afa29354686a503ded4b51533a3cad1'),(539,'mobile','macOS','105.98.34.121','988d59e804fa90c767b00496badbae6e033986b5'),(540,'tablet','Linux','211.111.73.212','fe526528122714c625dd4c75f560a26db13f56f7'),(541,'mobile','Windows','9.94.46.181','1ce7d01fe19b3ddaafd07ed5880d4f9c0725b438'),(542,'tablet','Android','164.180.207.64','da6d6b019759bfaea6bf9184599ae721ea58242f'),(543,'mobile','iOS','108.105.109.176','939c48c353303303919ed60dc11c1180449a3ebd'),(544,'tablet','Android','69.11.208.164','ec652b550d0910649ef12e48992c65492fc368a6'),(545,'tablet','Linux','52.89.240.149','7bf6ab718016b81b5566142736e4c0d9c58c8266'),(546,'tablet','Windows','58.210.24.136','20678e025067b34f3c027baccfd3df2b477df2e4'),(547,'tablet','Windows','71.65.62.137','7e3258cd8fc13a4b0559d5a04bd010db02373b56'),(548,'tablet','macOS','154.157.176.167','cce93b2ff25fae19a62d03edf1e3c1aa2ef8f9fb'),(549,'tablet','Android','25.164.219.45','2ad2bc65edd82771c98d956f49338ef377b5070f'),(550,'mobile','Windows','134.141.70.31','8716e24e7d16ef7dafd1dcf92eca4f72e110d4ad'),(551,'tablet','macOS','221.164.0.69','86a108559cfda86a5cc35d4dbf6b98c39606311d'),(552,'tablet','macOS','221.253.176.157','9946b38069d1961301975e925611441f7a34b2ac'),(553,'desktop','iOS','92.129.66.140','b6468bba4cdedb1d6f52b70ff41bf123bbc85627'),(554,'mobile','Windows','123.32.20.168','3bae5ae72bf6ca1f1900482ee0afe2aed70228c5'),(555,'desktop','iOS','154.29.160.155','a6f722ed9221faae52d29ad5060d72c43250aca7'),(556,'mobile','Linux','97.74.177.51','23cab80f303b2b1da65018f1589d5df273a65714'),(557,'desktop','Android','9.124.217.161','512a58a61bad8f5fc1789d588e8bc4a025454421'),(558,'mobile','Windows','115.31.44.144','d2aa3996389708d9c7465b9642f444bb941ef0d1'),(559,'mobile','macOS','50.250.71.47','7113d9f293e426f8a353678f64441f7b8a0fdef9'),(560,'desktop','Android','167.221.242.14','71c43befc880c0e480555e213dc5c08ec742076a'),(561,'tablet','macOS','209.83.50.16','44a65550fc5e099b519cfddf3dc2f963e9805333'),(562,'tablet','iOS','50.209.17.45','bfd2fcf374a00f972c58f1396d07e8392ab6f584'),(563,'tablet','Windows','31.253.143.178','0989c2fd8f075daf77c5960430bd3f2c934dc4a4'),(564,'desktop','macOS','146.13.46.206','05ea2294a2659152b6d24e802e295720d03f321b'),(565,'desktop','macOS','199.9.166.190','cd08e4bfcd2e7b32bf665499bf4119ca89d576c7'),(566,'tablet','macOS','96.161.52.60','1d84975aaae451a945d9c135ba6ad57c17085214'),(567,'desktop','Windows','115.152.224.183','a6b1b7c1a4a7f1e11b2e2e4a30f2022a7ef65787'),(568,'desktop','Linux','221.77.13.173','5ad19bcb9b0f53db0095b1b86f978e9be848863c'),(569,'mobile','iOS','215.41.53.201','d556517168e510d2969b89766dd5f35d9a47b090'),(570,'mobile','Windows','201.13.212.20','8b247c6ff59245918ec4596decfcbb96a76807ee'),(571,'mobile','Linux','152.106.68.251','9732e5bfddf88870bf279118fe79bf69bb9188d3'),(572,'desktop','iOS','152.33.44.172','fc05a1162f462af0f9575dd2f86837ebaf9063d0'),(573,'tablet','Linux','222.78.64.45','2ea30f2197f26a12ea3d94381da80c3403bf0437'),(574,'mobile','Windows','81.58.45.221','5213c7f5ccf6dc80bab238fbf07c7fb247e50eb4'),(575,'mobile','Android','162.155.189.134','74226ddad4109fad566c44e8a3876765a8a1fd3b'),(576,'desktop','Windows','47.27.3.106','344414cc4de0786d3bd239bc3e0a25a303232136'),(577,'tablet','Android','100.218.36.231','20435346d752e78a1e16e7fd710dc996c582f4b6'),(578,'mobile','Linux','97.52.238.29','7117e7437693a7c97eedbc3d91940406a3ebd64b'),(579,'desktop','Linux','111.244.173.27','637f1b67db2109c1358e1abf4b73b7e1740f414c'),(580,'desktop','iOS','100.175.52.138','907be444da3afebd248b53cd18b1686561b182d5'),(581,'tablet','Linux','108.97.33.84','136d027fef24a7af69258975a3fdb6c8faa807c8'),(582,'mobile','Windows','137.242.42.26','529662aeb13c5c2959564750de3f39ec773afcf6'),(583,'desktop','Android','120.156.41.186','8c0bb7384977398e399e230b13b3040d006fe79f'),(584,'desktop','Windows','143.125.7.61','3d0983369075d46198e8ab0c0f9c1807c42b8021'),(585,'desktop','Windows','47.82.226.111','a19ff74bdbd3b0a166a4dddbb35f5c7cd4740a9b'),(586,'desktop','Linux','17.213.10.238','dc4d6b60cbe86082f963c142db8a92bd34a7af80'),(587,'tablet','macOS','134.200.46.253','dbcc277b58d505d1eb9480f751e905c5309dd25a'),(588,'tablet','Windows','36.63.108.114','6e52bd9d2a7161a57f55dfad1b8207da538c2fc0'),(589,'desktop','iOS','207.253.89.200','0e791a13e39bf8ae9f3ac77ee4d249361733a31d'),(590,'tablet','Android','37.138.74.193','8429aed08f812c29efdf96874a26c8006e28a4fe'),(591,'desktop','Android','96.63.243.246','ef22d4a6d2f7438588b881d2f4032b9228af307b'),(592,'tablet','iOS','26.237.23.83','8b3169d3f4e54d49538429b7cb746e4c9314b4e1'),(593,'mobile','iOS','135.70.75.187','9e6c6e91554fc53e5e8a8a67c181a675a7b5b3aa'),(594,'mobile','Linux','149.49.108.159','f6a6338e78fa7278c994b1cdde3b3c67ac3416c9'),(595,'tablet','Linux','199.57.187.88','4f12dece919ee59189132a93b7493651075ba9a1'),(596,'mobile','Windows','170.138.123.122','0a9cda1452f5a30a666e1379195ef93310ea682e'),(597,'mobile','Android','43.231.255.7','cb69672acd86a6b8cb58a8c384bebf42a2fe9626'),(598,'desktop','Android','212.166.155.11','3508a32450ef6cc1393a4dfd5dbcfb1e958da028'),(599,'desktop','Windows','83.141.128.85','a9556671f62f4bb821554d1bc448cb831bde211a'),(600,'mobile','iOS','183.253.137.154','bbbaa4747ad58abee2873b1ae7617f1a8979982b'),(601,'tablet','Android','222.4.60.214','1ad5025a7cc02ab9d021df80171877d1a355d90f'),(602,'mobile','Android','80.39.68.35','315ade953622782949c5e2e0fb5eeb0d8a1460d8'),(603,'mobile','Linux','9.241.71.45','b2c69a591a9130c1b45c7774124fc1ebb5386122'),(604,'desktop','Android','128.215.91.183','8210730c57f5b80e1a85caa2d2575152193bb64f'),(605,'mobile','Windows','103.161.154.246','507d5483faca88893bbb1af4b43e1d81f43e35c7'),(606,'desktop','Linux','92.230.104.93','1794eb29f49b703c9f0733bc517fa3cb95187634'),(607,'tablet','macOS','190.41.40.6','7d689bee63c2ca2acc1c05eca84436ea0e34dd23'),(608,'mobile','Android','13.27.10.60','0664861010773eb04891983073a197f9b1a7df21'),(609,'tablet','macOS','190.7.227.218','727b51cf804f9a5f5d417e25c94569227d146bb8'),(610,'desktop','Windows','24.172.91.95','cb6bafc0b59666054b9c6dcbc08bc1887aac22d7'),(611,'tablet','Windows','76.138.76.116','391164a0b696066b57ddd3654ce4334fa4eb91c0'),(612,'tablet','Android','178.138.176.59','c0db60627ee50f00a280e314b5c109aadc9304df'),(613,'tablet','iOS','69.103.58.255','589726e9bbf8ed6692ff7ad93d385c53462884fa'),(614,'tablet','iOS','57.37.83.248','5f4a7d48a32300ca2257913b3651bdcd5e0738f2'),(615,'desktop','Android','221.84.25.105','046803386f09c8eed0694004f2d85209526577c0'),(616,'desktop','Android','99.241.236.69','9611511596b1cf4706f674a5d93edf2fc40d1889'),(617,'desktop','Windows','72.137.68.223','11c3db877ba3c6f84d5dec14ddd862877df67839'),(618,'mobile','macOS','32.155.81.48','ea8c16d37e4cb0187eff2e7e8f23a85dfdda9d63'),(619,'tablet','Android','200.57.172.135','e765addd45fd9a8f37ca7b6c1e71b9152c6b7c9b'),(620,'tablet','Windows','169.70.80.18','003e6d0b9007fa27998bf255ad0050b62cf391fc'),(621,'desktop','Android','48.27.176.230','9c00496842a08311b4787f0ef1a6f2f5f5966913'),(622,'tablet','macOS','46.162.86.71','2d750a561843417f418e19c78c764fea56f96d90'),(623,'desktop','Linux','99.219.183.141','c5fa10688afccb14f90adeca977bc886546a93e6'),(624,'mobile','Android','165.44.40.131','0e19d1ed186bffc7c00e54cbfdeada7e6df85c3d'),(625,'tablet','Android','108.84.68.105','e0cd602a973f6c9f1d2224577715610839826949'),(626,'mobile','Linux','108.95.107.238','6210ebbe6c521f3f915740ec50ce886b0e3f202a'),(627,'desktop','macOS','118.123.97.195','b88593959dd0760d9bbc2a6fdcf66bd5767dbab8'),(628,'mobile','Windows','211.239.101.180','36130a5dace86efb3108c1fef3fcc9318bb10a3e'),(629,'desktop','Linux','61.104.149.21','151fe9e6fb7abbf6abdccdba4c5e17d09ae843f4'),(630,'desktop','Android','29.63.123.219','e2a354e99cb18a7f1561014061dbbab25c7bfe56'),(631,'desktop','iOS','64.131.62.240','c3cfbfb99b509605575d143edce45f1cc764b72e'),(632,'tablet','iOS','101.2.225.114','1c2d766b75408fc9e2fc52ec9f3387f39952740c'),(633,'desktop','Linux','114.28.243.32','16fdf89a5ddb25acfbd3aaa3d133896a430e8010'),(634,'mobile','Linux','99.5.25.102','2298b68187eea4b7704174f66d04ca65894e7eec'),(635,'mobile','Linux','110.201.169.100','b8f87f51374fcb8d61b72befa5c51b54dd962817'),(636,'tablet','Windows','209.73.166.178','559905bdf3728f30686fb51bf78ce7ad6fa1ff06'),(637,'tablet','Android','208.141.80.235','2ebec06795916739288bf27f69029f6949f61a52'),(638,'desktop','iOS','212.66.220.206','8a33afe1055322e0dd5af0a4f9a1fa34a15f048c'),(639,'tablet','macOS','125.19.242.79','486660c9ba4470f5b84bfdbacf68cc2fd079cbfa'),(640,'mobile','Android','189.16.114.126','f1980bdc782bef9d064a04c6913c15516a1230c6'),(641,'desktop','macOS','96.170.234.127','838695fa1a42b9d751b6708da2e517815abcf58e'),(642,'tablet','iOS','77.254.66.233','5d3689e2d08bf703c9275d16f63170379c6d92c5'),(643,'mobile','macOS','4.36.155.193','ebf943e053cb9a5417b7da977fd11d19cf1f9373'),(644,'desktop','Windows','132.7.191.1','6bbb31978e4bc6f10b9c74931070d64f33bed162'),(645,'desktop','macOS','218.85.177.209','f9a33173ae9c264220a5e1f93fe94e9d5601a8f6'),(646,'desktop','iOS','113.38.2.209','75623b17bd00ac9a9266b486cf5816618d32aa0f'),(647,'mobile','Linux','31.87.10.229','1b10c73f5dc6caba7f044cff1c07b21a92823e37'),(648,'mobile','macOS','3.192.140.74','6fac6899e34a1f1919e91dcb4dbb632dfe92e060'),(649,'desktop','macOS','1.237.29.75','b46b13ed1196ca9d5aaccf2cb0d16e84e377fe74'),(650,'desktop','Linux','113.185.147.219','de144083f7c2c19e03bcc36df7d6d57cbd44d04e'),(651,'mobile','Windows','4.98.22.5','cb3e5bdfcaeff3230c1b01adbbf355443cea05ad'),(652,'tablet','Linux','130.118.172.10','00f0a7775ce641d02e831928c842c672473bc22f'),(653,'tablet','Linux','90.49.68.251','f01513ae61fa95c8da66d435c0aebe4f482be356'),(654,'tablet','Android','207.215.29.66','116e0abb864f6bd7e232586791cc1937fd67d7a8'),(655,'desktop','Windows','103.74.58.189','c6165cf40fd21968efcce19794f6c0f802905981'),(656,'mobile','iOS','77.66.216.185','3648c5cd24f54bd0c00e08eba961fe9e4bbfc2e3'),(657,'mobile','Linux','197.250.73.101','314aa8900d3f4597297f91c10013490456d718eb'),(658,'mobile','iOS','133.203.135.216','68e41a2125671e1a1bf25d9a219e88432c0cdede'),(659,'tablet','Android','145.195.105.38','b2a82abf60a5de7c43c38303b80dd8d8d5f94c0b'),(660,'tablet','Linux','221.10.234.145','1d8ea6d6b0a657ffc1c763984daff8c59764fe1f'),(661,'desktop','Linux','82.53.24.68','dc5067bc060c3bb7cc1c3b355b56342da068b90e'),(662,'desktop','iOS','96.62.207.213','887be098ffcd3b8bb20d6fd695fc39583b0d1c54'),(663,'mobile','Android','181.205.182.21','9e778737ef3c30ea5775c83da2a023e052ae5a68'),(664,'desktop','macOS','198.59.129.48','4950122c4ed9a9142beacb7f4cd7b468afa93922'),(665,'mobile','Linux','151.250.187.117','ac6b12c2b443b1cf1213c1f8dac47ace18ebd8cb'),(666,'desktop','macOS','137.45.42.171','adccd4d78e003fa01394bb3d682319b4132cd8a2'),(667,'tablet','Windows','61.50.177.206','61028a6f7467e5a8b13372273b6109b8715dacaf'),(668,'tablet','Linux','56.140.195.105','7be30f52f9189c25cf7e6153611c0157d757a0fe'),(669,'mobile','iOS','160.246.0.15','87a872aeba47e0ecf8ba04e310fb993c93c3364b'),(670,'tablet','iOS','124.144.240.207','69e1908f836860c9a65b1d33ff599571cf1a1eac'),(671,'mobile','iOS','43.12.223.59','f53f6a833dfe71cbe7098bb2f686a306c33ab559'),(672,'mobile','Android','46.12.23.146','987b8e19fd335e07d084a10f60c4cd5992a3f5c5'),(673,'tablet','Windows','13.216.140.88','2890e34d9feed1da22c0a2b57c6fbdd2cd2aa72c'),(674,'mobile','Android','58.113.20.92','260663aa353f0899dee7353d4c4bc4e0a5e5060e'),(675,'tablet','macOS','68.181.73.232','077b886baef55ecf3bd71d14b9701945d4d5163a'),(676,'mobile','Linux','42.97.114.5','7c045582d9fe1b8b697e36e1f461a7066563b52e'),(677,'desktop','iOS','19.47.198.27','aef4b9cfbb7fb5e763d8c26fab43847db802e733'),(678,'tablet','iOS','179.36.182.168','b0559f5fc6296ae317bfbadfe90c7d2733717959'),(679,'tablet','Windows','219.157.133.44','38176510d8197782ec10971a45c73ffc0cdcbe17'),(680,'desktop','Linux','16.166.148.74','995a3154b82adceac1ee028549526a22acfe68c7'),(681,'tablet','Linux','106.218.86.44','85f0b7dbf7ffe5d80878aa4125486531c2df022c'),(682,'desktop','macOS','214.158.234.76','9ef75b6d75c361bdf9b9f543cae25335078ba714'),(683,'mobile','iOS','136.125.142.15','6c3041cf3f05da36cb352a6841f043a672d0a013'),(684,'desktop','Android','35.240.156.201','7a3b1448e594191f47a9b970be2545187baf093a'),(685,'tablet','Linux','162.160.241.45','463e97b77add68bf046cc57e982d5a321017316d'),(686,'tablet','macOS','199.248.132.195','bb261d265747a720e232cf24e328a8251c6fa5fb'),(687,'mobile','Android','198.161.129.31','3292c561070c668c2b087f0d2f9154c1a0fd4154'),(688,'desktop','Android','38.239.16.15','aee76f9dcc31c9481dbb96dae42f3de00dd513cd'),(689,'mobile','iOS','118.137.138.102','6af6ea0995694eb091e9813628280d00b516541b'),(690,'desktop','Windows','185.150.217.248','7522247cc47d0b18f3af82161539edf88975ab35'),(691,'mobile','Android','135.197.109.219','3a3d62eabd9abb0d318a79a1ef755cc442462c25'),(692,'mobile','iOS','92.6.231.169','109c94f1d766baaa75a60ded64c90f19f6589655'),(693,'tablet','Linux','56.78.51.228','2ddf7ab87a2b7ff1323cdec69831490d0976cf0d'),(694,'mobile','macOS','98.206.3.218','72f293b87cb1fd3fc20d7dab0ae973674fe6dc95'),(695,'mobile','Windows','196.76.156.158','fefbc001fa25d24a983a0c6f8ebb726a9bc0e49c'),(696,'tablet','Linux','216.92.110.36','f332aacc7272be4957d0d2e010e89879149ff0f0'),(697,'tablet','Windows','142.136.248.52','b992de11b3419ca60f9ce0ce69a86268b49a72b8'),(698,'desktop','iOS','41.76.112.23','423ee05fb9828edd1ce184b055c1fb86176f5e65'),(699,'tablet','Windows','205.193.87.151','21454b5cb957f0f553693afdd42884d141148fb7'),(700,'mobile','Android','8.219.197.134','60198167d3e505a97a6d5130b06226edab07efc8'),(701,'desktop','iOS','204.15.172.216','22cb74352f0c3bbe10ab518d3ef42e09a2398c1b'),(702,'tablet','Windows','178.90.13.156','8af2b523edbb7482ca24d11dc314e1679b32cb86'),(703,'tablet','Windows','189.159.19.182','96a7f8a6009de11907b4c2b0fc3a1bdf54b4ef42'),(704,'tablet','macOS','210.42.59.210','b120eb93fab4ff6750de5fd41e6ec5934e2901b6'),(705,'mobile','Linux','34.223.240.88','fb056349cabbea4b852c29162fe71557672ed872'),(706,'desktop','macOS','161.18.162.23','4ece051060c4c103b6a51fc623a75a158ab89e4b'),(707,'mobile','iOS','161.214.101.163','d2f9226a859ac7b6e440860ae802c43187877c56'),(708,'desktop','iOS','99.80.237.216','4f8be87700341a7146991aae6477238e6027720a'),(709,'desktop','iOS','177.61.76.10','bb3a004932119af26abb13d5c1228d19cca334ec'),(710,'mobile','Linux','218.45.220.125','92186ae0bd9c612ae0ac3770b9077b576a3f85c3'),(711,'tablet','Android','152.249.86.34','7f0bb3a1bb17c313c608eda22982c6501212f41e'),(712,'mobile','macOS','159.111.244.223','83ecf2a848d6df4b79bd9e93a0af920e9010fb81'),(713,'tablet','Android','6.252.17.65','ab1c19c5505beec1f52bbf4694dd134c55290619'),(714,'mobile','Windows','17.198.164.93','0474ed10e48c3bd0d8e7b1f56499876de4f3e6b3'),(715,'mobile','Android','200.3.176.166','cd3b78fa9c3683b476d65bc9315b60f395a95797'),(716,'tablet','Windows','47.227.90.75','0d5d3027645da01c206d4b500280f232bfb1e255'),(717,'desktop','macOS','108.198.191.91','3c0cbc376e85536482564304080d48bbb9b58570'),(718,'desktop','Linux','194.224.12.131','95e75408c52e8d54ef5083ec18700154ef4267f7'),(719,'tablet','macOS','2.97.206.224','56eece3872d6267a21c82fd1c4329c3c2f5a6e7b'),(720,'desktop','Android','199.97.106.225','4d456ab87f0284ff9a73b4586f642104ef323b58'),(721,'mobile','macOS','142.251.219.187','05b10b1e2865533a228462c6e30e3b30d1e8c83a'),(722,'desktop','Linux','29.78.127.136','6eac55384180ef7bd4eda7f7e260d3f98139a6f2'),(723,'mobile','Linux','172.15.153.248','3fb9e2a6a2536defaf3f7236efe93be185b5a202'),(724,'tablet','Android','10.187.235.16','97ee3251731e297e490123a29aff684506f0a5c3'),(725,'mobile','Windows','75.202.86.196','bc5ff627a0c2d62399fb93e28a69a35bf46fef12'),(726,'desktop','macOS','44.152.36.215','66589a554aa0112aedf3a12f4e7c568adfa356bd'),(727,'desktop','iOS','31.73.16.121','e4379357fabd5094212d202859b01f73283beda0'),(728,'desktop','Android','96.135.23.3','f744a357e0945719ced6db5aa996e9dc72c43c80'),(729,'mobile','Linux','35.150.51.88','f5dc75f6accdaefc6ba74eb7678ad71920130dbd'),(730,'tablet','iOS','50.170.143.50','bba8945049faf6d5a1f2602f75cd77828a2b1ca9'),(731,'desktop','Linux','12.82.219.91','d5a6cedd5eae76ac8d08bd05b4bedb894ed46d8e'),(732,'tablet','iOS','7.197.156.241','d144d80443a261c41ae3037932bb52b2b44fb648'),(733,'tablet','Android','48.70.221.61','3dbcbca20122b31526aedbe3619de52a847922c0'),(734,'mobile','iOS','7.5.70.220','8cc400135493d64d061d60e76d890430ecbbf4da'),(735,'desktop','Windows','132.222.133.163','09105b72d669e0d9a5c17b2cbfdf46d0c93c0a4c'),(736,'desktop','Windows','179.25.20.196','3fb44ef934241d9bb50680f062f56d8eb6c4c735'),(737,'desktop','macOS','171.228.59.190','2dc9a006f3762878625208b4cb077cfcf9f026f7'),(738,'tablet','Android','85.127.219.200','abb5688040181006c86d81e3341ff90d2d35eb5c'),(739,'tablet','Windows','58.116.108.96','917f11a012bb85f53c5604d98b22b1e127d8d9ee'),(740,'tablet','Linux','153.137.199.191','877487d6920b7fa290fc1b47996c9dd294ebefd5'),(741,'desktop','Android','108.222.122.193','e17509b27b7c86a566ef36a23e2a09f2f08cf60d'),(742,'tablet','Linux','131.170.201.125','bf17ce4c45274268a0f9ebf7c0d244e300b8bf0c'),(743,'tablet','macOS','10.107.25.223','e51765d079493826d465b1dbf122e9ba3ed7141b'),(744,'desktop','Linux','29.230.138.156','12ae4526266cf557f2d7eaa3ab9d98be7bf69a7d'),(745,'mobile','macOS','130.165.237.190','a1c927bbd2ed40cf008391d2ab0b6bb6f45f9dfd'),(746,'desktop','Linux','214.175.40.9','6eae9c022ece6d7abc5d183a5fb996fe7f5adac0'),(747,'mobile','iOS','49.172.206.105','550fe4f65008da350600347e179454c712e2954e'),(748,'mobile','iOS','207.159.219.225','f958627539e7fa9d4d7f06686bc70e98f05474d2'),(749,'tablet','Android','184.209.121.43','85b459d0a312f9965ab15f74753e8550b4b01861'),(750,'mobile','iOS','67.176.221.24','343da36f610820a9920c89a32925ec6840835876'),(751,'mobile','macOS','110.215.232.198','0a5aec2589248746430eb2b19ce5288c8fefef6a'),(752,'desktop','Linux','53.101.153.2','d072e7a4b44518f3fc0bb29d41493d1b75d19f4c'),(753,'tablet','Linux','73.112.213.119','5f6ce5fb2ee995eea96e545e79c0c56ccfad3d7a'),(754,'mobile','Android','151.125.56.58','38a85fd307b4b2a429fd05a54242f30020aec8d6'),(755,'tablet','Android','187.72.211.160','dce56a7912f067c26f7fd9b03207f0f6df2d23c2'),(756,'desktop','Linux','208.207.141.208','11f2bdeb064fd14e068c7728f748be932df767d8'),(757,'mobile','iOS','36.7.3.83','2d7c2fa71ea578551adf0d8ea681d96d9098832a'),(758,'mobile','Linux','174.205.61.38','e7160abeb15ef7f149f4ca464dd27d7d08d7089d'),(759,'desktop','Linux','149.228.90.204','845c2d851d553f602b9d149faee095a786579231'),(760,'desktop','macOS','105.185.12.37','aa56b43f5f375556bc073320d80fb68903ec0344'),(761,'mobile','Linux','197.202.92.194','d8b974c691ee734d6866abead4d1bf00fa2cf461'),(762,'tablet','macOS','92.144.132.72','e8fe70a155f9747f88999a94ef9b33db0ccf5883'),(763,'mobile','macOS','51.193.208.236','a77e9b697fc00ec26341954650611edb87d298a4'),(764,'desktop','iOS','223.140.110.143','5e81eef5cf35e2e7c914af79e6e051d4bc90a851'),(765,'mobile','Windows','202.216.116.220','02f6bd4a07a9651dfd1ffd34a6a811a820472e13'),(766,'desktop','Android','63.43.106.197','0033cf1142be12c9fd7c794df765762ac2193aa8'),(767,'tablet','macOS','203.232.140.210','e7a4d8f0faf22d792089b2dcff08e8a8f44307b0'),(768,'mobile','Windows','108.180.39.0','f2cfd414cc1ca0e64c27dfb2afa098351be159c8'),(769,'desktop','Windows','174.131.111.96','53fe592d5a03442a76c93b61af76b966024865de'),(770,'mobile','Android','100.178.78.4','f345349f11ce0c927bc35e9f2ae69efb04b7c9db'),(771,'desktop','Linux','90.113.22.57','70a44261d3c4ffb6188d2a695f5c1ba455156b51'),(772,'mobile','Android','95.122.228.4','d62ecd535a3c850881c52322b67264cbb226a221'),(773,'tablet','iOS','145.58.10.122','4ac57a42c5e673a71afd86f310793d4c37c622ce'),(774,'desktop','iOS','62.247.243.226','7311d9a3c8f2656476c5a41272649798a2e1857a'),(775,'desktop','iOS','202.1.1.144','c5ef1854259b645e00ecd548a0787736ebf588b5'),(776,'mobile','Android','176.246.197.149','6df46afde533eeff455f18d914e8a410cc720cb1'),(777,'desktop','iOS','49.204.251.223','032158c003704744f2594e5b623d1457462d31f3'),(778,'desktop','Android','46.218.0.251','2efa1f16b627d6215de44580d064d701242c0c39'),(779,'desktop','macOS','36.85.240.28','a8e4e4b8ed99060713af853bc174601bafd54bd7'),(780,'desktop','iOS','145.100.211.57','d3c2e75c8efa440c94abb985456beff43ae78788'),(781,'tablet','Windows','208.138.53.176','f5bfbf216b392a9c88d5fd6310c1747073ca790c'),(782,'tablet','iOS','174.87.173.111','aa412d9b1d80059ebca65912571ab98b631e3964'),(783,'tablet','Windows','151.251.254.106','481c6cd28833da22b5825887e0997c6fe19a88e5'),(784,'desktop','Windows','55.27.221.178','0023f0b6055e284521569c6cbdc4fb0a4971ea0e'),(785,'desktop','Linux','39.235.206.123','b1cdc1aae5d55b9c9cec81fac45693dd77bac64a'),(786,'desktop','iOS','166.206.56.218','7129786127a8132b663f6bd96abab551ff9c1e9e'),(787,'mobile','Linux','53.104.63.44','8c727e10a0b3fbc7d8a93a629ac68fa2455dee5d'),(788,'desktop','Windows','193.91.69.227','3507ed26d71a3034ee03b52d2f5f67b2f5ceb1fa'),(789,'desktop','iOS','23.162.43.36','a15a020376b8baf35a0060048636dedb74d0ede0'),(790,'tablet','Android','99.149.110.175','c94dab8e24ad5eae7649c580dcea816da7d72841'),(791,'mobile','iOS','128.63.226.196','77e82a0949ecec06b61753ee509252351867b4c7'),(792,'mobile','macOS','139.222.179.203','2449684e33807a4c4df89fd44780292ecf8f5426'),(793,'desktop','Linux','35.133.114.125','87519fbfb220514a73b9cc6b19e4032c9657c5b5'),(794,'desktop','Linux','183.143.59.115','ea2e7b93baafe888150a38d2eb0025a2b3a2d57e'),(795,'mobile','macOS','109.58.52.190','33d2e6cb62b18fe10940cbb744c6aad28dec97f9'),(796,'tablet','iOS','18.155.255.250','39fd299fba3e45c3a652a916d7115212c272f7d9'),(797,'desktop','Windows','148.223.123.24','88db3aaad537386120566f97295aa15a8af3d8d0'),(798,'mobile','macOS','84.173.70.183','20ba69cb6e2f4a506638dee1c33ce8ee4fa29c5a'),(799,'desktop','Linux','196.104.17.240','655140599f51f3bab41467ce7e819cd1386a5cf0'),(800,'desktop','Linux','197.235.212.114','939b2b09e42054e9d8717df2be72f54b6ae66b50'),(801,'tablet','Android','220.33.13.224','6b39aaab8b321bd1aca29ef18fa15281f3488f61'),(802,'desktop','Windows','145.175.3.96','7f5a5a26398f707eca1af9828fc81f927a4c927d'),(803,'mobile','Android','130.65.234.88','a3214380fc924cbd1433d05858e675af8d56bad0'),(804,'desktop','Linux','116.86.28.14','dfc4921411a0178b73147a19d70d19c8b2486b73'),(805,'mobile','Linux','96.2.156.251','93325a93b448e499be38c7f83e8258f3ce96039d'),(806,'tablet','Windows','191.214.100.141','260d77ca2e0004333dcd1eeb7e383112f4d625f8'),(807,'desktop','Android','192.90.5.72','af6bb7c1b51dd4c023cc83fb72f478ff06f3727d'),(808,'desktop','iOS','176.226.62.12','07317a4897352dc933737993696dd01b0eb3bdd3'),(809,'tablet','Android','210.100.25.157','4efbfc9824ad4cb1786ce925a1059d9f5c1abfa3'),(810,'tablet','Android','109.200.86.51','b3004634bec22d7fba81a3bf97cfcf8aa21c7d1f'),(811,'mobile','Android','19.3.116.147','046babe92d586b244e055df1ee237aeff9a9c68c'),(812,'tablet','Linux','188.236.228.241','9e9f5c81fbbbb98b7143858dcf5e54895a4d6990'),(813,'mobile','iOS','111.101.213.93','4791ca71cb0066d97650421157ee07a781122f9a'),(814,'tablet','iOS','98.243.194.227','356a6a4cbc21274c4fd139aad9fad79365229969'),(815,'desktop','Windows','18.29.9.1','63241934cbae677edd916e2d1021d14febf0c6c5'),(816,'desktop','Windows','222.199.236.228','793ad07bf223bc412ecff9685ddff6d866911525'),(817,'desktop','Windows','160.112.205.14','e476968c8025f6011624bed6241f869da58d7782'),(818,'desktop','Android','18.128.215.84','8f66f739b97336c8379e8eebfbf854dcc210ace4'),(819,'mobile','Android','201.217.201.14','502e47abae67157f6c6f5f1b3e7b3a97bf1f6d07'),(820,'mobile','iOS','210.164.13.221','383ccb1436549068c424103ec251d6f671cff08a'),(821,'desktop','Android','73.203.133.128','4ce2e1e0bc3c8e8608b75613f10161c15781a0bd'),(822,'mobile','iOS','169.112.129.174','98c641d98af7dd22ed3ec58a1fe5de171a6f5c5a'),(823,'desktop','Linux','104.141.177.227','5bb58ea2ef6d522975628f33c56214ac7127b5bc'),(824,'mobile','Linux','91.167.202.73','9f490928538aa787fef8e010f696e175ad637090'),(825,'desktop','macOS','39.210.0.121','052ae3e292ec932804029939877439eddc75b1a1'),(826,'desktop','Linux','63.208.126.82','0720463f2a85421c9cd9934156dd3b2393e6c049'),(827,'tablet','Android','134.141.57.28','42e65e4cc8aed6198e393c2bac0326f8e87f589c'),(828,'mobile','Windows','71.254.103.6','b07e4b5b134184abd45266ce65a83db72b426a7f'),(829,'mobile','Linux','213.171.88.81','2b295f4ff08b1a114eef2bce9b14d1a77d3f6709'),(830,'desktop','Windows','31.206.207.19','5dc164c0c601c202225615e83a92b3f0625a38c2'),(831,'mobile','macOS','40.187.239.216','e45803084b8f4266e000429d1f5221736dde0d94'),(832,'mobile','macOS','129.10.213.150','d8cff3a6d11e6ec7611b67f45bf7aac4a77e0518'),(833,'desktop','iOS','180.122.244.159','3c2fdef7d5c0d77fbfe9d2d211f19fa78dcd80f1'),(834,'desktop','macOS','153.203.219.174','121b742fc60d6f06097884c8836ce33668e6d34a'),(835,'tablet','Windows','78.185.214.77','6e5d943a3b6c3fc8c9c07c4d9ae104bc73cfa7a0'),(836,'desktop','iOS','129.152.132.239','a531a17b3774263fb80899d6cb61b030c9024550'),(837,'desktop','iOS','69.73.28.204','9218279ff080a4805dc51a4d5a56baec9c2c25da'),(838,'mobile','macOS','218.119.86.119','47fd1b50bb87059ae238567ffae314f2dcbe0470'),(839,'mobile','macOS','206.235.59.168','373149f0b5c39d2338708ecf27bbc17ed2143028'),(840,'desktop','Linux','72.53.51.26','5b8f00a55326aab49338bfc835b8aee21427bd94'),(841,'tablet','iOS','35.46.193.151','5f408078f379589d66ddc4c7b55da322b85ff0cc'),(842,'desktop','macOS','159.92.158.226','11dcbb04fa9161a5e490c5c66527bab2e43e7958'),(843,'desktop','Linux','72.96.75.132','22a03319fe0a30592a577e8ffc108bd767868216'),(844,'mobile','Windows','206.159.133.151','ed71e9078db6723a8cc1831aeb26fbdffe5754ed'),(845,'tablet','Linux','173.57.186.48','d33dab5328204aac9be088bec69dac0b923eba7c'),(846,'mobile','Windows','15.206.27.60','a4c103c628fc1334b28953d65eb4dc3099adf56e'),(847,'desktop','Android','150.60.215.46','9926f77c760551fdcc3aab93fd8c71ff6ecc9d22'),(848,'tablet','Windows','66.212.133.210','a0c5b8bb5b7aaa722f05717b85ac832298330f3a'),(849,'tablet','macOS','145.213.251.155','97c78eaf52e1d657e4b2e4cfe8f4a1b5142e28c9'),(850,'tablet','Windows','53.185.170.48','44fb1f705394a2af97450f2ca0d42f77d3d6e320'),(851,'tablet','Windows','118.156.199.26','8f65042f31e274149d652fbd4f65fb1868beabb5'),(852,'tablet','Android','52.93.70.99','aa51e9b0a6722a0450b0cd000ef88d00c64db7b0'),(853,'mobile','Windows','158.127.255.54','ed2581dc81ef58cb9db3764764a4e1db6af74fb3'),(854,'tablet','macOS','162.108.71.48','834b02ea4991d5657371743c2a8ab15ca23337d9'),(855,'tablet','macOS','140.126.160.93','9a68869ff8c4839630dea4f547d47714b1fb323f'),(856,'desktop','iOS','223.171.67.96','a6cc8223b463129a84bead1880bc732216124349'),(857,'tablet','iOS','191.52.26.1','1adfb707b3ed6e223feb92ec564f7cb9737de7c1'),(858,'tablet','macOS','87.174.164.138','9173eb661bbed12f94945fe5d11942b51a12823a'),(859,'mobile','Linux','183.230.214.249','06051be8c4e97bc6e142d9de3d72fb6c21f5ca3d'),(860,'mobile','Windows','215.173.40.197','1e4f6bbfd0af5a12ad6ad9e1d29c21ea7c44cbab'),(861,'tablet','Android','56.170.172.147','8289ed1f2950aad53d516c03f3e60d87b583e7b6'),(862,'desktop','macOS','205.105.124.236','bcf8f28cd296ffb179a7e595afc7dbd08eaf43e4'),(863,'mobile','macOS','211.48.27.71','3d267089598f0cc564ae49b2aa595836d96782ce'),(864,'mobile','macOS','126.68.223.154','002b440c03bb791fd40ddaae4aa79871a3416c2f'),(865,'tablet','Linux','157.35.200.145','02fad90614c00c66dec09a97036fec0a03cae997'),(866,'tablet','macOS','58.130.3.198','394966bae1e1fa338e5e6a68b44549d139856ed0'),(867,'mobile','Android','204.164.174.185','61d0170b4163da09bd19770140620916a7b4bff0'),(868,'mobile','Windows','189.180.89.83','9c8d2d8c59b8076d07d48f9cc9313bea42c5809c'),(869,'desktop','macOS','63.227.147.41','a45c083ac71d4a6e2d6968c7e1ee6bb77e5e14aa'),(870,'desktop','Android','58.88.206.28','5b2d9ccc9a2692d44d358765320257a37785511c'),(871,'mobile','Linux','62.39.110.153','9f50170751ce8105a674848026e8559547396dbd'),(872,'mobile','Linux','34.18.100.254','1aec59cf6f46b50d1bb4f4447375382722e8e92b'),(873,'tablet','iOS','84.130.109.5','52f00abcc00717d5579fd964396c0a989d30c007'),(874,'desktop','iOS','13.0.128.94','233ffb03b7000926e0724a6237433f8bc9285fcf'),(875,'tablet','Windows','63.95.87.2','05b7546703810892442d6c67c18035cdf4b7ca25'),(876,'mobile','iOS','72.30.81.120','96115744a3558e3a520b5d314cc764f86babdd3a'),(877,'desktop','Linux','170.107.6.129','24ed0271eca9618be3b7b23420fa2ac0f52763cc'),(878,'tablet','Linux','32.38.76.103','f56f08fc2fc9cdc16f96c2a4fb3088ee4330b295'),(879,'tablet','Linux','51.250.95.222','243f2cccf275f72ad0d4d0d831ccd14748d2b1e3'),(880,'desktop','macOS','88.187.112.222','7d8b208f24a6f95222e5c2824475ecab5668d942'),(881,'tablet','Android','36.20.50.88','e2f8d358b9676ce9654bca6289c8ef6f55c0c91a'),(882,'desktop','Linux','176.123.132.185','04b458458480b05bede578386f20b636e7be4389'),(883,'desktop','iOS','112.95.79.132','d0928846213544cb027a2e60e4229088b4596a57'),(884,'mobile','Android','81.6.235.102','ad8d736124ed41aa0aac9163e59652cd44883f7f'),(885,'tablet','Linux','173.205.122.16','a06e21053caa685cc7c74664da28e5266434972b'),(886,'mobile','Android','103.37.12.40','40fa6c5928c7a826c4ac4e0eb488c4502ce41f9b'),(887,'tablet','Android','178.175.172.65','b6bea9024dcfbc8c47db591e42678b6529b3db2f'),(888,'tablet','macOS','215.26.22.228','d3edbca94fc862f1148b50904b6eb666aee32976'),(889,'mobile','macOS','16.189.92.234','e027f24770f4c113e4ec59dd40583aeff351c9ca'),(890,'tablet','macOS','20.41.147.153','8cbda129411cc02627dce07bb70f9cb1e805fe4c'),(891,'mobile','macOS','189.155.29.246','e716b1ec87967d489ee09b0aed3e2b67e05011ae'),(892,'mobile','macOS','201.85.5.42','6d3d8d3be5d56c4211702261470c4c5dbc511a40'),(893,'desktop','Linux','222.221.119.101','440135a3bfdbe5fb0cf9e30945696dcb9db8afde'),(894,'tablet','Windows','64.123.142.22','63788660d4f7610aa14aec913c65d02db0853bb3'),(895,'tablet','Linux','203.89.31.218','1ccdfb0e0f476b92ed3769bf7314ba1fe84b8ec8'),(896,'tablet','macOS','197.189.176.14','352379f39e36866092340b36a46446f4ff57245a'),(897,'desktop','macOS','113.46.143.76','b7e24eaeb8fdcd7be61c45e3632b3d03e9958b0f'),(898,'tablet','iOS','199.59.114.64','b994c218bbb7af23571ab1d89fddee691a8dee24'),(899,'tablet','Linux','157.234.129.2','3f73d1465dfe6ba1631e80c6b8e200d222004992'),(900,'tablet','Windows','140.114.122.236','a821feb24e3d30bb99ad4fcf09533e92546c7db6'),(901,'tablet','Linux','38.138.184.20','f4c8e5ddeee957f5d02983c2c49390ffec7579c1'),(902,'tablet','Linux','160.218.206.123','b75227f16a7966010565a7ab6a7124b53daff4d0'),(903,'desktop','macOS','84.112.51.44','f7293296a40a204e75042b67f75bbf466b5c3d76'),(904,'desktop','macOS','42.147.197.230','7b2fa16469fce4915806214c5950e1d7314bdebe'),(905,'mobile','Android','172.58.56.151','9a4fe8e7a673b8a5435684be6437e40c2fa45691'),(906,'mobile','Windows','113.114.203.84','e380834fb7f7bef174d5e7f8865ee5a4595dc29a'),(907,'tablet','Android','34.73.6.88','0716e5da0dae6cd672bd09455217dcc5225ddbfb'),(908,'mobile','Android','118.249.205.8','b5ae0c2c609cfdcaaab1e543cf949a9cefb2773a'),(909,'tablet','iOS','195.171.70.136','fd99dbda11ac4cfb0f724c96028b0921e6ad4ae2'),(910,'desktop','Linux','168.170.111.160','23cb70edb12d64f235b2654b24318e887a6d3735'),(911,'mobile','Windows','158.68.57.182','bf271dcef8c368b0ceace56822d28364b1a6fe7d'),(912,'tablet','Windows','132.218.46.82','31835978e972e3e4644c711f0fc174c6332cfdd3'),(913,'tablet','iOS','158.38.190.213','eb3a13804733a58ac0047147eb625d726da741a1'),(914,'mobile','Android','177.141.190.55','18ac9b7f40b92c2a699a49dd5e923488d85ba9f1'),(915,'tablet','Windows','200.110.55.216','41a9ef5fecb5ea269186c85f7f67b85f12bd7092'),(916,'tablet','Windows','195.228.139.164','42d2f04b04fdfad93868c0e5ed857814660bd416'),(917,'desktop','Android','144.199.36.75','510de1c1104300e6a0c1fd56c62bfb7bfa154fbd'),(918,'mobile','macOS','118.160.122.59','3a8e6202041dcfa193b4a77c4eb511ed9b2640f6'),(919,'mobile','Windows','37.121.150.32','d1c4c974ddefd8f4bf8517613cd12c0431f7c9a2'),(920,'desktop','iOS','65.29.117.203','c6805f27aa645a5c9791e5784f8934e498b3d381'),(921,'desktop','macOS','42.126.110.13','73d34d34b101ae215f98390ce3a5278ce5baf62f'),(922,'desktop','Windows','162.6.108.174','c67628d4daf171187cbaff8343aff2cde9d46e81'),(923,'mobile','iOS','46.253.37.236','733c1670e167ccfe6a7db1667a27dd1cef2cc35f'),(924,'mobile','Windows','152.218.41.132','705f06695399996ea3657a94c6f90d0a7ff91774'),(925,'mobile','Android','106.158.193.130','8b8f2019f7b41435ef7a0941139befec5afd09c1'),(926,'tablet','Windows','19.89.85.46','38058f6a7eb78c4545ca2771175278a265066cc4'),(927,'desktop','macOS','88.174.87.153','714ca6d149b9c3ac6dbc61f07b03c3d0f7f65dcb'),(928,'mobile','Windows','90.30.218.195','32e50cdd0f443ed9ea034c286386b9d58e1c661d'),(929,'tablet','Android','169.65.6.160','ae7b46f12ffebde5b2d5170d57437fe1eb245be4'),(930,'mobile','Android','202.45.112.76','949027a953d3743820ce52bd54213abcd6efc10c'),(931,'desktop','Windows','102.68.122.121','edc9f375ed39801b29c521d7afffdbb56e83d598'),(932,'tablet','Android','192.196.40.193','66e3584ea3cf7a278e4bf7e85849d0cf9d7fa906'),(933,'desktop','iOS','166.126.48.85','50c6e13b268dba38d229dd2411565871f64eedfd'),(934,'mobile','Windows','178.28.209.241','965539f7544f1435097cb311626cab280ea5b778'),(935,'tablet','iOS','12.225.138.223','05aeffafa99a649a64315030910aeb272acfe395'),(936,'desktop','macOS','65.198.94.252','c3d9678d6f26287dcce88f92fdf8f514d3843c97'),(937,'desktop','Linux','153.65.229.15','4a0d820848e5e43e88703b46b0be56ae83de8de8'),(938,'tablet','iOS','38.66.59.49','1f2091ddc9694150e6d15817c51a6d7d6c9ffdfc'),(939,'mobile','Linux','45.183.247.228','88c0a0c8120debf514aca1a8ff58e5c3b19fd566'),(940,'desktop','iOS','159.167.102.63','9fc94ad5d42d062ae7e130adfcacca8faba0014f'),(941,'mobile','macOS','181.148.68.95','8de9e4f5e3547d9f5e5df6a095f8f73b855e8def'),(942,'mobile','Android','76.14.63.75','af9167a0ccee15e82552468395fa637db30c1e08'),(943,'tablet','Linux','6.38.170.70','4ed97f193cf530a7cf48150a2030e3b0ba9ca81d'),(944,'tablet','iOS','142.189.72.156','ae294aeab86df464b58fcc9dd3024382c54ca795'),(945,'mobile','Windows','99.210.8.16','47a83c977c38e45cb07edba53650d00990899e2d'),(946,'mobile','Windows','81.40.189.204','ca966b8a4da465179d54d41a9c8678e1858db568'),(947,'desktop','Linux','168.212.0.72','42a3959c4524ef953161551b361d4334a3fdca7d'),(948,'desktop','macOS','195.133.136.127','69bc4ab9f5c613c4f6c36ba8d9b13c4758188832'),(949,'mobile','Android','38.0.8.6','aa54e5f5c31f067e32b4cff68bda51934a4bdccd'),(950,'desktop','Linux','82.170.92.60','c8828bd158b41d1fe418d5b132d9ac16ac846d8b'),(951,'tablet','Windows','167.17.51.190','0903f103729419e55a8497edbc72151e3d477f66'),(952,'mobile','macOS','214.40.129.17','dc4f0a7ca91e1560cd16b31888e7a755ef42e311'),(953,'desktop','Windows','102.193.147.195','aed71cb31894092b846605eb390dd93b778ceb4b'),(954,'desktop','macOS','140.150.176.87','49f90076c4e991e97c2167eef8c58c4159d84f8f'),(955,'tablet','Windows','122.4.143.45','6de4661aef66182096048a57fecff94621c84b1e'),(956,'mobile','macOS','5.230.229.193','ef79b6cbb5611880bd287a4a5831e7318027cbf3'),(957,'tablet','iOS','123.212.14.218','610abfea7f8be2c70277105628190dfb0df98d1a'),(958,'desktop','macOS','136.223.228.114','c46f9f458886e8eeb449a5b94246a0948fd3acbf'),(959,'mobile','Windows','159.36.155.17','d7c7f2dc22476254a8bba73ca4424d6c9a04e47f'),(960,'desktop','iOS','117.76.248.253','5413769377785237636e0e102ceab8fb7b7e8a1b'),(961,'mobile','Android','94.196.85.163','43becf063b86374ff0984ca4d437b0b9f2da7806'),(962,'tablet','Windows','192.29.159.12','56b79a16e943bdef3de38b64a7a232d004e95d01'),(963,'tablet','Windows','96.64.161.165','5f48ae157a183fb1f81364d24bf6ed4f2762d9d2'),(964,'tablet','Android','78.50.58.95','48901cac298c88230692c781d06cb56da3fca7d2'),(965,'mobile','Linux','115.188.52.17','8667f8e57f3a673b97392327e7c0f6c6ab284e5f'),(966,'tablet','Android','128.89.64.212','cc78e119de6b93f9f3fb16fa7815d9a550cf19b9'),(967,'mobile','iOS','170.247.202.160','646a4511f0ea42feef8c8a65ed820bd563cdf344'),(968,'tablet','macOS','22.235.51.110','2d4942dd49ddd32b5be0191ae78da2f02501e9be'),(969,'tablet','Linux','14.37.134.47','366c113ff45f56e3a83db3d09b06c223558bb4c1'),(970,'mobile','iOS','150.145.150.62','beee7d63394d25d9e07878a402b507b5a5df73df'),(971,'tablet','Windows','9.82.34.64','3b6079e589c8931c36ed4b4bd9fa4a59ed3ea78e'),(972,'tablet','macOS','95.220.237.195','bcb915ba3ca09f66953e94bc3074cfe9b5619b69'),(973,'tablet','Windows','211.203.80.125','8e9b9da5455d2017cd7a0cf2b478f64bdc574d51'),(974,'mobile','iOS','103.223.142.99','033b9399be90b6a7049e533d21d81a4597c6ed67'),(975,'desktop','macOS','71.85.234.172','0a6a1292102c2b4efaac0ef44cc72ae91c0ab2e7'),(976,'tablet','Android','131.229.51.165','e5c8d67769cbbcb77ecd6f44472bf0e252c94f23'),(977,'tablet','Windows','201.83.54.73','24e79195d0cf964b419f0e6418d43569cab04021'),(978,'tablet','macOS','72.202.170.236','834c0155b1bd4724ec488c58bf8a00a09ac637c6'),(979,'tablet','Windows','210.39.36.100','43e81188d9e4a25778d9c335afcbb61da8b82627'),(980,'tablet','Android','14.18.29.248','f88ce8e76cd68405bdd7c5516252507b636710bc'),(981,'mobile','macOS','12.157.29.66','6fa673c7f7021c6559f3bd7fa8d292b68219d22e'),(982,'tablet','iOS','94.65.116.120','d853ad5a6042c43b1842ca4ba82a27298636fb77'),(983,'desktop','Windows','45.167.205.182','c91a35aaa5d4c1dac88a14d6e947d92050f761bd'),(984,'mobile','Android','160.81.18.160','c958bcf201522cb8cf785e631b757a3412c3e074'),(985,'mobile','iOS','88.53.122.8','b05e30693b64bd0349d25f3b42cdafcafc083368'),(986,'desktop','Android','11.10.2.146','73acac7569f3af199846dd06d052a0e12c4ddba8'),(987,'tablet','Linux','171.84.168.103','709158ae0ca926b25582fa90f17aab73504f8f50'),(988,'mobile','Linux','222.153.34.49','51b63ee6fdefd2cec0baf76a13eaaae5e789b400'),(989,'desktop','iOS','216.135.234.16','55406f18d73d2b8f51dfba6d0424267bec59cc2d'),(990,'mobile','iOS','62.247.80.76','357c2a0f0b100965778d299a65e839dfee74c3bb'),(991,'mobile','Android','178.137.8.154','ba84771668207fa8f364eb27a252bb5e107d50d9'),(992,'mobile','Android','24.44.145.24','b4b6fac6bec7f91af6a97ca169a5cdd91faca9ce'),(993,'mobile','macOS','182.25.217.231','dfe8c908db95e2bc317dc613dc17a64e07ddee85'),(994,'desktop','macOS','194.157.43.138','9adb0f175cbbbd2486c005bc938801931ce1d95f'),(995,'tablet','Android','159.32.190.134','cbcb09c89274148258e19d2c63a9d0b686521080'),(996,'tablet','Windows','206.222.38.66','936ef7b60eb20912cf852e240a53193238295e4d'),(997,'mobile','Linux','184.22.251.120','ddb9def02458cc873a0122238ae19b64e7860894'),(998,'desktop','iOS','35.18.218.165','8d858e1cbc5afe551149c7d7646cd5a3c64a387e'),(999,'mobile','iOS','199.167.228.122','e9a7eccd1f110f88f7ad0a7a4a9ffb9444c07e19'),(1000,'tablet','macOS','47.158.142.43','9a31bfe8b75f018884d20bee54f6f5d25e867d72');
/*!40000 ALTER TABLE `device_data` ENABLE KEYS */;
UNLOCK TABLES;

--
-- Table structure for table `fraud_alert_data`
--

DROP TABLE IF EXISTS `fraud_alert_data`;
/*!40101 SET @saved_cs_client     = @@character_set_client */;
/*!50503 SET character_set_client = utf8mb4 */;
CREATE TABLE `fraud_alert_data` (
  `alert_id` int NOT NULL,
  `transaction_id` int DEFAULT NULL,
  `generated_by` varchar(50) DEFAULT NULL,
  `alert_level` varchar(20) DEFAULT NULL,
  `status` varchar(20) DEFAULT NULL,
  `created_at` datetime DEFAULT NULL,
  PRIMARY KEY (`alert_id`),
  KEY `transaction_id` (`transaction_id`),
  CONSTRAINT `fraud_alert_data_ibfk_1` FOREIGN KEY (`transaction_id`) REFERENCES `transaction_data` (`transaction_id`)
) ENGINE=InnoDB DEFAULT CHARSET=utf8mb4 COLLATE=utf8mb4_0900_ai_ci;
/*!40101 SET character_set_client = @saved_cs_client */;

--
-- Dumping data for table `fraud_alert_data`
--

LOCK TABLES `fraud_alert_data` WRITE;
/*!40000 ALTER TABLE `fraud_alert_data` DISABLE KEYS */;
INSERT INTO `fraud_alert_data` VALUES (1,728,'analyst','medium','investigated','2025-04-29 17:01:43'),(2,886,'system','medium','dismissed','2025-07-17 09:19:58'),(3,985,'model','medium','open','2025-03-28 17:45:58'),(4,1427,'analyst','low','open','2025-02-13 10:11:34'),(5,1749,'system','high','dismissed','2024-12-21 16:57:15'),(6,1707,'model','high','dismissed','2025-03-08 02:05:16'),(7,1534,'model','low','dismissed','2024-12-17 06:52:38'),(8,1498,'system','low','open','2025-04-14 09:33:15'),(9,985,'analyst','high','investigated','2024-10-30 12:34:13'),(10,1878,'model','low','dismissed','2024-11-24 20:52:30'),(11,1519,'system','high','open','2025-03-23 15:23:59'),(12,1540,'system','high','dismissed','2025-02-23 00:29:40'),(13,383,'system','medium','investigated','2025-03-17 05:44:40'),(14,1901,'model','low','investigated','2025-06-13 06:30:09'),(15,1963,'model','low','investigated','2025-06-06 00:32:02'),(16,1957,'analyst','high','dismissed','2025-05-23 14:03:14'),(17,1005,'analyst','medium','open','2024-11-28 22:16:59'),(18,1473,'analyst','low','open','2025-02-13 21:13:31'),(19,1313,'system','high','open','2024-12-24 13:11:41'),(20,785,'model','high','open','2025-03-10 02:00:24'),(21,1485,'system','medium','investigated','2024-12-19 11:47:30'),(22,1878,'analyst','medium','open','2025-05-03 17:48:53'),(23,1807,'analyst','low','open','2025-04-09 19:21:21'),(24,1053,'analyst','high','dismissed','2025-04-11 07:38:08'),(25,1519,'system','medium','open','2025-06-29 22:24:51'),(26,712,'system','medium','open','2025-04-18 11:15:39'),(27,1356,'system','medium','investigated','2025-02-03 02:13:51'),(28,772,'system','high','open','2024-11-16 21:06:40'),(29,1417,'system','low','dismissed','2024-08-19 02:47:07'),(30,1513,'system','low','open','2025-01-23 03:30:16'),(31,871,'analyst','medium','dismissed','2025-04-14 21:25:25'),(32,1257,'system','high','open','2025-07-24 14:13:49'),(33,1707,'analyst','medium','open','2024-08-01 16:39:14'),(34,871,'analyst','low','open','2025-02-05 18:45:17'),(35,1485,'system','low','investigated','2025-07-04 23:25:05'),(36,489,'system','medium','open','2024-09-02 22:18:40'),(37,1519,'model','medium','investigated','2024-12-19 18:45:43'),(38,636,'analyst','medium','open','2025-03-03 07:02:16'),(39,1233,'analyst','high','dismissed','2025-04-08 04:39:01'),(40,1957,'model','medium','dismissed','2024-12-08 08:24:33'),(41,1846,'model','high','open','2024-12-20 01:11:27'),(42,825,'system','high','investigated','2025-01-27 21:58:43'),(43,873,'model','low','dismissed','2024-08-10 20:28:30'),(44,737,'model','high','investigated','2024-12-05 12:59:35'),(45,42,'analyst','low','investigated','2024-10-02 02:22:07'),(46,1369,'system','low','open','2025-03-27 14:05:09'),(47,86,'analyst','medium','investigated','2025-03-25 10:11:03'),(48,1123,'analyst','high','open','2024-11-01 18:51:17'),(49,899,'model','high','dismissed','2024-07-28 01:34:33'),(50,715,'analyst','medium','dismissed','2025-05-13 23:03:02'),(51,1053,'model','medium','dismissed','2024-08-07 00:32:24'),(52,1963,'model','medium','open','2025-07-17 20:17:03'),(53,646,'system','medium','dismissed','2024-07-27 13:36:54'),(54,1559,'system','low','dismissed','2025-06-09 23:29:01'),(55,751,'analyst','low','open','2025-02-04 01:37:46'),(56,1985,'system','medium','open','2024-10-06 11:07:30'),(57,1233,'analyst','medium','dismissed','2024-10-23 19:16:27'),(58,489,'model','high','dismissed','2025-07-07 08:35:15'),(59,646,'analyst','high','dismissed','2024-09-05 01:13:38'),(60,939,'system','low','dismissed','2024-12-07 11:22:15'),(61,1215,'system','high','investigated','2025-02-04 09:27:00'),(62,263,'analyst','low','dismissed','2024-11-30 02:21:03'),(63,1182,'system','medium','investigated','2024-11-07 14:29:27'),(64,1807,'analyst','high','investigated','2024-12-12 10:13:01'),(65,1082,'analyst','low','dismissed','2025-01-11 21:13:29'),(66,1659,'analyst','low','dismissed','2024-11-19 08:35:11'),(67,1067,'model','medium','investigated','2024-09-10 20:38:31'),(68,1878,'system','high','dismissed','2025-04-12 20:48:07'),(69,646,'analyst','high','investigated','2025-06-11 22:27:51'),(70,728,'analyst','high','dismissed','2025-06-26 06:03:53'),(71,1067,'system','low','investigated','2025-03-25 09:41:56'),(72,985,'system','medium','open','2025-03-12 01:20:32'),(73,1067,'system','low','investigated','2025-04-14 17:10:48'),(74,1659,'model','high','open','2024-07-27 10:26:56'),(75,1957,'analyst','medium','dismissed','2024-11-13 22:13:15'),(76,1534,'analyst','low','dismissed','2025-03-15 05:52:34'),(77,985,'analyst','high','open','2025-05-10 07:14:06'),(78,1895,'analyst','high','investigated','2024-10-01 23:29:56'),(79,469,'model','medium','dismissed','2024-09-08 22:29:51'),(80,296,'model','medium','open','2025-03-03 21:55:35'),(81,1858,'model','low','dismissed','2025-02-02 16:47:17'),(82,926,'system','low','investigated','2025-02-07 16:11:05'),(83,1698,'model','medium','open','2025-01-17 19:07:26'),(84,601,'model','high','dismissed','2025-05-27 08:12:22'),(85,1534,'system','low','open','2024-09-05 00:38:46'),(86,1865,'analyst','medium','dismissed','2024-10-20 18:28:22'),(87,14,'system','low','dismissed','2025-02-26 20:01:21'),(88,1485,'analyst','high','dismissed','2025-05-23 22:55:54'),(89,1852,'system','high','dismissed','2025-02-20 12:31:33'),(90,1707,'model','high','investigated','2024-12-13 23:38:06'),(91,868,'system','high','investigated','2024-11-30 07:03:40'),(92,1473,'system','low','dismissed','2024-12-01 20:59:27'),(93,1126,'system','low','open','2024-10-11 18:18:51'),(94,535,'system','medium','investigated','2025-07-03 08:13:07'),(95,1895,'system','low','investigated','2025-05-05 14:23:15'),(96,724,'system','high','investigated','2025-06-15 00:19:04'),(97,1895,'model','high','investigated','2024-12-01 20:48:33'),(98,1846,'model','medium','open','2024-12-20 20:05:48'),(99,1538,'analyst','medium','dismissed','2024-10-11 11:55:22'),(100,489,'system','medium','investigated','2024-08-03 02:42:43'),(101,1325,'analyst','low','investigated','2025-01-13 07:25:29'),(102,1838,'analyst','medium','investigated','2025-03-15 10:02:52'),(103,296,'model','low','dismissed','2025-07-08 14:26:35'),(104,1743,'model','medium','dismissed','2025-07-17 05:19:27'),(105,271,'system','medium','investigated','2024-10-24 01:57:27'),(106,868,'system','low','open','2025-05-03 14:25:57'),(107,1559,'analyst','high','dismissed','2024-09-27 02:44:55'),(108,319,'analyst','high','open','2024-09-22 13:28:29'),(109,1853,'system','medium','investigated','2025-02-18 21:20:12'),(110,478,'model','low','open','2025-06-11 10:39:06'),(111,1540,'system','medium','dismissed','2024-11-26 10:19:44'),(112,1963,'system','medium','investigated','2025-03-01 02:05:49'),(113,1313,'analyst','low','open','2025-04-06 03:45:31'),(114,489,'system','medium','open','2024-11-16 22:18:30'),(115,1534,'system','medium','dismissed','2024-08-12 00:47:23'),(116,1067,'analyst','medium','open','2025-02-22 22:12:07'),(117,1846,'model','low','investigated','2025-03-13 13:49:05'),(118,707,'model','medium','open','2025-02-20 21:14:54'),(119,1648,'model','low','dismissed','2025-04-15 02:19:57'),(120,646,'analyst','low','open','2025-01-29 01:39:45'),(121,1707,'system','high','dismissed','2024-09-18 12:36:46'),(122,939,'analyst','high','investigated','2025-02-14 06:50:54'),(123,1519,'analyst','medium','investigated','2024-10-07 19:00:37'),(124,632,'system','high','dismissed','2025-04-03 18:23:39'),(125,144,'analyst','high','investigated','2025-03-06 09:51:37'),(126,1060,'model','high','open','2024-12-23 03:34:27'),(127,1698,'system','low','open','2025-06-12 06:53:43'),(128,1215,'analyst','medium','open','2024-11-17 20:27:35'),(129,1707,'system','medium','investigated','2025-07-24 08:08:22'),(130,1473,'model','high','dismissed','2025-02-26 04:16:35'),(131,42,'model','low','investigated','2025-06-21 20:30:44'),(132,1417,'analyst','medium','dismissed','2025-02-11 04:33:04'),(133,1005,'system','high','investigated','2025-03-01 22:18:03'),(134,52,'analyst','medium','open','2025-05-02 17:17:36'),(135,1540,'analyst','low','investigated','2024-11-18 22:04:48'),(136,263,'system','medium','dismissed','2025-07-01 16:11:34'),(137,1215,'model','high','investigated','2025-07-21 06:19:20'),(138,1126,'model','low','investigated','2024-09-27 20:44:33'),(139,1852,'analyst','low','dismissed','2024-08-29 18:03:39'),(140,1325,'system','medium','open','2025-07-14 00:11:09'),(141,1325,'analyst','high','investigated','2024-10-20 18:07:17'),(142,1853,'system','high','investigated','2024-07-31 03:07:10'),(143,724,'model','high','open','2025-03-05 19:48:19'),(144,1005,'analyst','medium','investigated','2025-04-16 01:46:55'),(145,535,'analyst','low','dismissed','2025-04-26 17:10:48'),(146,1853,'model','low','dismissed','2025-05-08 01:59:59'),(147,404,'model','low','open','2024-08-22 06:51:25'),(148,732,'system','high','open','2025-01-19 10:07:59'),(149,868,'model','high','dismissed','2024-11-15 04:33:55'),(150,1985,'analyst','low','dismissed','2025-06-06 11:34:46'),(151,1257,'analyst','low','dismissed','2025-03-20 12:03:22'),(152,14,'model','medium','dismissed','2025-01-12 09:20:33'),(153,404,'analyst','low','open','2024-12-23 11:23:59'),(154,1749,'analyst','medium','investigated','2024-12-03 04:47:47'),(155,1103,'system','medium','dismissed','2024-11-28 02:56:28'),(156,1895,'model','medium','open','2025-03-11 18:17:16'),(157,635,'system','low','open','2025-02-03 04:12:28'),(158,1233,'analyst','low','dismissed','2025-01-27 02:48:59'),(159,1119,'system','low','dismissed','2025-01-04 23:51:52'),(160,608,'analyst','high','open','2024-08-11 14:18:37'),(161,86,'analyst','high','dismissed','2024-07-30 06:17:14'),(162,1865,'model','high','open','2025-07-12 15:13:16'),(163,480,'system','low','open','2025-05-08 20:59:00'),(164,1485,'model','low','investigated','2025-05-29 20:07:17'),(165,868,'analyst','high','dismissed','2024-08-20 05:08:44'),(166,1369,'analyst','high','investigated','2024-10-31 11:08:22'),(167,496,'system','high','investigated','2024-11-06 01:41:23'),(168,496,'analyst','medium','dismissed','2024-11-05 15:17:30'),(169,1985,'analyst','high','dismissed','2025-01-21 17:17:47'),(170,1356,'system','medium','open','2025-06-02 08:46:55'),(171,948,'model','low','investigated','2025-01-04 01:54:26'),(172,724,'analyst','high','investigated','2025-05-17 06:12:33'),(173,1485,'analyst','high','investigated','2025-02-18 22:34:51'),(174,1407,'system','high','dismissed','2024-12-02 08:38:49'),(175,1963,'system','medium','investigated','2024-09-21 20:37:16'),(176,1103,'system','low','open','2024-08-23 00:38:53'),(177,1609,'model','low','open','2025-01-27 00:31:37'),(178,1721,'analyst','medium','dismissed','2025-04-30 03:27:44'),(179,1385,'analyst','high','dismissed','2025-06-07 05:21:43'),(180,1054,'model','low','investigated','2025-01-17 15:58:11'),(181,1963,'system','high','dismissed','2025-03-18 04:33:08'),(182,608,'system','low','open','2024-10-20 14:50:12'),(183,1400,'analyst','high','investigated','2024-08-20 14:17:06'),(184,1123,'analyst','high','dismissed','2024-12-03 05:58:08'),(185,732,'model','high','dismissed','2025-06-25 12:50:03'),(186,825,'system','medium','dismissed','2025-06-11 05:18:49'),(187,1126,'model','high','investigated','2025-02-16 21:25:30'),(188,535,'analyst','medium','investigated','2025-03-21 01:11:21'),(189,1194,'system','medium','open','2025-06-10 06:44:22'),(190,1233,'system','low','open','2025-04-03 02:55:03'),(191,1053,'system','high','open','2024-08-23 06:11:18'),(192,1865,'analyst','medium','dismissed','2025-07-09 10:06:06'),(193,1779,'model','medium','open','2025-03-04 19:02:34'),(194,489,'analyst','high','dismissed','2024-12-11 20:00:28'),(195,985,'system','low','investigated','2024-07-31 12:28:34'),(196,1838,'system','high','open','2024-11-21 20:20:58'),(197,772,'model','medium','investigated','2025-04-07 01:11:55'),(198,1743,'analyst','low','open','2024-08-17 08:57:00'),(199,1473,'analyst','high','open','2025-04-19 23:09:16'),(200,871,'analyst','high','dismissed','2024-08-29 10:38:23'),(201,1227,'analyst','low','investigated','2024-12-17 22:25:56'),(202,1513,'model','medium','dismissed','2025-01-31 16:33:04'),(203,1540,'analyst','low','open','2024-08-11 01:17:39'),(204,1779,'model','high','dismissed','2024-08-24 02:10:33'),(205,1810,'analyst','low','open','2025-06-03 15:45:30'),(206,1559,'model','high','dismissed','2025-07-12 15:28:55'),(207,1985,'analyst','medium','open','2024-09-22 13:50:20'),(208,1901,'system','high','dismissed','2025-05-21 03:50:27'),(209,646,'analyst','medium','open','2025-03-05 04:03:40'),(210,1779,'system','high','dismissed','2025-06-30 22:07:26'),(211,886,'analyst','low','open','2025-07-16 04:13:59'),(212,1079,'system','low','investigated','2025-02-03 15:01:27'),(213,213,'model','low','open','2025-06-18 09:34:20'),(214,868,'model','low','dismissed','2024-09-24 21:47:01'),(215,383,'model','high','investigated','2025-03-19 22:01:45'),(216,899,'model','medium','open','2025-07-01 00:55:06'),(217,1082,'system','medium','investigated','2024-10-11 19:55:03'),(218,1054,'model','low','open','2025-07-21 22:39:09'),(219,939,'model','high','open','2025-03-27 21:57:12'),(220,646,'system','high','dismissed','2024-09-25 22:23:12'),(221,404,'model','high','open','2024-12-01 03:45:19'),(222,14,'model','high','investigated','2024-08-10 17:03:38'),(223,1534,'system','medium','open','2025-04-25 02:36:01'),(224,1743,'system','high','investigated','2024-12-19 22:03:29'),(225,715,'model','medium','open','2025-06-08 13:27:36'),(226,871,'system','medium','open','2025-04-04 00:52:54'),(227,938,'system','low','open','2024-08-31 08:38:53'),(228,948,'system','medium','dismissed','2024-12-10 08:18:21'),(229,724,'system','low','open','2025-02-22 18:17:49'),(230,948,'system','high','dismissed','2025-05-23 06:48:40'),(231,1078,'system','high','investigated','2024-09-03 16:11:55'),(232,480,'system','high','dismissed','2025-02-03 20:46:20'),(233,1407,'model','low','open','2025-02-05 03:22:54'),(234,636,'model','medium','dismissed','2025-04-04 05:57:05'),(235,646,'system','medium','dismissed','2024-08-24 13:22:55'),(236,1257,'analyst','medium','investigated','2024-10-18 08:02:15'),(237,1922,'system','low','investigated','2025-04-20 17:02:07'),(238,737,'model','low','investigated','2025-04-15 17:26:17'),(239,1227,'analyst','medium','open','2025-01-29 16:13:32'),(240,86,'system','medium','dismissed','2024-08-12 02:23:36'),(241,732,'model','high','investigated','2024-08-02 00:12:49'),(242,1922,'analyst','low','dismissed','2024-12-11 15:19:41'),(243,868,'analyst','low','dismissed','2024-10-12 21:55:49'),(244,868,'model','high','open','2025-04-01 14:35:08'),(245,636,'system','low','open','2025-06-20 08:43:16'),(246,535,'analyst','medium','open','2025-03-11 21:12:55'),(247,601,'model','low','open','2025-03-12 05:06:04'),(248,595,'analyst','medium','open','2024-11-21 06:00:33'),(249,86,'system','medium','dismissed','2024-11-14 08:05:57'),(250,1082,'analyst','medium','open','2025-06-08 07:43:20'),(251,772,'analyst','low','investigated','2024-08-01 02:18:24'),(252,1257,'analyst','low','investigated','2024-10-18 03:35:55'),(253,1053,'model','low','open','2025-01-30 07:01:39'),(254,1852,'analyst','high','open','2025-07-21 17:45:56'),(255,14,'model','high','open','2024-08-17 17:29:08'),(256,724,'system','medium','dismissed','2024-09-03 11:40:58'),(257,707,'analyst','high','open','2024-11-04 21:03:41'),(258,1743,'system','medium','open','2025-01-12 17:43:00'),(259,1182,'analyst','high','dismissed','2024-08-03 09:44:15'),(260,1858,'analyst','medium','investigated','2024-10-27 12:39:00'),(261,793,'model','medium','dismissed','2025-02-27 03:12:19'),(262,271,'system','medium','open','2025-01-25 15:00:28'),(263,938,'model','high','open','2024-11-27 14:29:39'),(264,1313,'analyst','low','investigated','2025-03-08 18:04:36'),(265,1609,'model','medium','open','2024-09-12 15:49:12'),(266,263,'analyst','medium','open','2024-09-19 06:39:16'),(267,1461,'analyst','high','open','2024-11-05 08:25:24'),(268,1053,'model','low','dismissed','2025-07-08 10:55:30'),(269,42,'model','high','dismissed','2024-12-26 20:24:15'),(270,271,'system','medium','dismissed','2024-11-18 16:34:45'),(271,1538,'analyst','low','investigated','2025-04-23 11:42:55'),(272,1067,'system','low','investigated','2025-05-29 22:39:53'),(273,296,'model','high','investigated','2024-09-20 00:34:23'),(274,1865,'model','high','open','2025-06-23 12:15:05'),(275,724,'system','low','dismissed','2025-05-19 19:22:00'),(276,751,'model','low','open','2024-12-08 16:46:35'),(277,1985,'model','high','open','2024-10-06 05:55:21'),(278,715,'model','low','open','2025-01-22 11:22:06'),(279,1846,'model','high','investigated','2025-05-28 01:00:27'),(280,751,'system','medium','investigated','2024-10-10 10:02:29'),(281,732,'model','medium','dismissed','2024-09-26 01:18:08'),(282,737,'model','medium','dismissed','2025-05-13 06:13:54'),(283,1053,'analyst','medium','investigated','2025-03-03 04:53:18'),(284,480,'system','high','investigated','2025-04-18 06:53:42'),(285,825,'system','medium','investigated','2025-01-22 16:33:42'),(286,1743,'analyst','high','investigated','2024-11-16 11:20:10'),(287,213,'system','high','investigated','2025-07-12 23:47:22'),(288,926,'model','low','investigated','2024-10-21 14:22:12'),(289,1082,'model','low','open','2025-03-26 18:30:29'),(290,271,'analyst','high','investigated','2024-11-20 01:32:03'),(291,712,'system','medium','dismissed','2024-07-31 02:23:43'),(292,1055,'analyst','medium','open','2025-02-02 01:09:22'),(293,1807,'analyst','high','open','2025-04-13 00:10:19'),(294,595,'system','low','investigated','2025-05-22 17:59:48'),(295,319,'analyst','high','dismissed','2025-01-29 21:43:32'),(296,1369,'model','low','dismissed','2024-07-30 00:31:05'),(297,1325,'system','medium','dismissed','2024-11-22 16:19:06'),(298,1407,'model','high','investigated','2025-02-22 12:59:57'),(299,717,'analyst','medium','investigated','2025-02-25 22:40:13'),(300,1066,'system','medium','open','2025-06-29 06:21:29');
/*!40000 ALTER TABLE `fraud_alert_data` ENABLE KEYS */;
UNLOCK TABLES;

--
-- Table structure for table `investigation_data`
--

DROP TABLE IF EXISTS `investigation_data`;
/*!40101 SET @saved_cs_client     = @@character_set_client */;
/*!50503 SET character_set_client = utf8mb4 */;
CREATE TABLE `investigation_data` (
  `investigation_id` int NOT NULL,
  `alert_id` int DEFAULT NULL,
  `analyst_id` int DEFAULT NULL,
  `start_date` date DEFAULT NULL,
  `end_date` date DEFAULT NULL,
  `conclusion` varchar(50) DEFAULT NULL,
  PRIMARY KEY (`investigation_id`),
  KEY `alert_id` (`alert_id`),
  KEY `analyst_id` (`analyst_id`),
  CONSTRAINT `investigation_data_ibfk_1` FOREIGN KEY (`alert_id`) REFERENCES `fraud_alert_data` (`alert_id`),
  CONSTRAINT `investigation_data_ibfk_2` FOREIGN KEY (`analyst_id`) REFERENCES `analyst_data` (`analyst_id`)
) ENGINE=InnoDB DEFAULT CHARSET=utf8mb4 COLLATE=utf8mb4_0900_ai_ci;
/*!40101 SET character_set_client = @saved_cs_client */;

--
-- Dumping data for table `investigation_data`
--

LOCK TABLES `investigation_data` WRITE;
/*!40000 ALTER TABLE `investigation_data` DISABLE KEYS */;
INSERT INTO `investigation_data` VALUES (1,190,35,'2025-06-12','2025-06-24','inconclusive'),(2,23,21,'2025-03-21','2025-04-30','fraudulent'),(3,168,38,'2024-09-18','2024-11-11','legitimate'),(4,166,28,'2025-03-31','2025-05-17','fraudulent'),(5,100,8,'2024-09-04','2024-11-01','legitimate'),(6,205,27,'2024-11-14','2024-12-01','fraudulent'),(7,193,46,'2024-08-18','2024-09-23','fraudulent'),(8,154,9,'2025-04-23','2025-05-13','legitimate'),(9,245,33,'2025-01-14','2025-01-24','inconclusive'),(10,28,16,'2025-03-23','2025-04-18','inconclusive'),(11,266,43,'2024-08-06','2024-08-11','fraudulent'),(12,196,34,'2024-09-22','2024-10-24','inconclusive'),(13,296,16,'2024-10-01','2024-11-12','inconclusive'),(14,292,34,'2025-01-06','2025-02-15','fraudulent'),(15,268,34,'2024-09-16','2024-10-12','legitimate'),(16,32,26,'2024-08-27','2024-10-03','legitimate'),(17,158,7,'2025-01-29','2025-02-12','fraudulent'),(18,86,31,'2024-08-30','2024-08-31','legitimate'),(19,153,21,'2025-06-12','2025-07-28','fraudulent'),(20,41,24,'2025-04-12','2025-05-06','inconclusive'),(21,136,38,'2025-06-23','2025-07-13','legitimate'),(22,97,28,'2025-04-08','2025-04-09','inconclusive'),(23,240,16,'2024-11-02','2024-11-17','fraudulent'),(24,145,22,'2025-04-23','2025-05-13','inconclusive'),(25,64,5,'2024-09-30','2024-10-27','inconclusive'),(26,221,27,'2024-09-04','2024-09-07','legitimate'),(27,88,42,'2024-11-08','2024-11-29','inconclusive'),(28,283,36,'2025-03-17','2025-03-25','inconclusive'),(29,91,38,'2024-09-02','2024-10-04','legitimate'),(30,185,8,'2025-05-20','2025-07-15','inconclusive'),(31,179,41,'2024-08-16','2024-09-02','inconclusive'),(32,18,11,'2025-04-11','2025-04-24','inconclusive'),(33,101,27,'2025-03-13','2025-04-30','inconclusive'),(34,77,32,'2025-01-13','2025-01-23','inconclusive'),(35,37,25,'2025-04-07','2025-04-30','legitimate'),(36,241,39,'2025-01-25','2025-02-10','fraudulent'),(37,76,41,'2025-03-15','2025-04-04','fraudulent'),(38,260,10,'2024-09-13','2024-10-24','fraudulent'),(39,176,1,'2024-10-31','2024-12-22','fraudulent'),(40,276,14,'2025-01-23','2025-03-08','legitimate'),(41,84,22,'2025-02-22','2025-03-22','inconclusive'),(42,111,28,'2025-02-07','2025-03-21','inconclusive'),(43,286,17,'2025-03-27','2025-04-03','inconclusive'),(44,125,25,'2025-03-15','2025-04-30','legitimate'),(45,295,5,'2024-11-09','2024-11-30','fraudulent'),(46,273,38,'2025-06-07','2025-06-10','legitimate'),(47,228,16,'2025-06-09','2025-06-27','inconclusive'),(48,65,38,'2024-11-01','2024-11-13','inconclusive'),(49,203,36,'2024-12-26','2025-01-14','inconclusive'),(50,143,37,'2024-12-02','2025-01-05','fraudulent'),(51,48,15,'2024-08-21','2024-10-06','fraudulent'),(52,151,49,'2025-01-25','2025-02-01','fraudulent'),(53,117,10,'2025-04-24','2025-04-29','fraudulent'),(54,293,14,'2024-10-11','2024-12-02','fraudulent'),(55,72,14,'2025-01-19','2025-02-25','legitimate'),(56,223,20,'2025-02-11','2025-03-06','inconclusive'),(57,157,42,'2024-08-31','2024-09-29','inconclusive'),(58,81,27,'2024-12-12','2025-02-06','inconclusive'),(59,11,8,'2024-08-28','2024-09-23','fraudulent'),(60,197,39,'2024-11-20','2024-12-09','inconclusive'),(61,130,10,'2025-02-14','2025-02-26','fraudulent'),(62,94,45,'2025-03-02','2025-04-25','inconclusive'),(63,251,47,'2025-06-23','2025-07-19','fraudulent'),(64,229,46,'2025-03-16','2025-04-05','fraudulent'),(65,124,42,'2025-05-23','2025-06-01','legitimate'),(66,2,19,'2025-03-23','2025-05-12','legitimate'),(67,140,46,'2025-05-07','2025-06-19','fraudulent'),(68,192,23,'2024-12-24','2025-01-20','fraudulent'),(69,33,11,'2024-10-03','2024-11-13','fraudulent'),(70,165,26,'2025-01-07','2025-02-27','inconclusive'),(71,27,20,'2025-04-22','2025-06-09','inconclusive'),(72,224,31,'2024-12-28','2025-01-05','inconclusive'),(73,93,46,'2024-08-05','2024-08-21','inconclusive'),(74,31,26,'2025-06-19','2025-08-11','legitimate'),(75,288,45,'2024-07-31','2024-09-28','fraudulent'),(76,103,3,'2024-10-27','2024-12-20','legitimate'),(77,256,42,'2025-01-12','2025-01-28','legitimate'),(78,264,17,'2025-02-17','2025-03-19','fraudulent'),(79,278,14,'2024-12-14','2025-01-14','fraudulent'),(80,182,41,'2025-06-14','2025-08-03','fraudulent'),(81,85,46,'2025-06-06','2025-06-21','fraudulent'),(82,226,7,'2024-11-01','2024-12-23','fraudulent'),(83,90,41,'2024-10-07','2024-10-27','inconclusive'),(84,13,32,'2024-11-25','2024-12-12','inconclusive'),(85,160,24,'2024-11-20','2024-11-30','inconclusive'),(86,274,2,'2024-12-28','2025-01-14','inconclusive'),(87,148,7,'2024-10-16','2024-11-12','legitimate'),(88,183,1,'2024-09-20','2024-10-02','legitimate'),(89,216,36,'2024-10-31','2024-12-19','fraudulent'),(90,79,25,'2024-12-25','2025-01-02','legitimate'),(91,38,7,'2024-09-13','2024-10-14','inconclusive'),(92,180,39,'2025-03-13','2025-03-29','inconclusive'),(93,51,5,'2025-04-06','2025-05-17','inconclusive'),(94,49,8,'2024-10-26','2024-11-23','legitimate'),(95,106,2,'2024-09-14','2024-09-30','legitimate'),(96,162,7,'2025-02-02','2025-02-17','inconclusive'),(97,45,29,'2024-10-26','2024-11-03','inconclusive'),(98,172,35,'2024-11-16','2024-12-01','legitimate'),(99,44,25,'2024-12-23','2025-01-06','inconclusive'),(100,126,14,'2024-12-23','2025-02-09','fraudulent'),(101,204,21,'2025-05-01','2025-06-07','fraudulent'),(102,120,19,'2024-08-28','2024-10-17','fraudulent'),(103,54,23,'2024-11-14','2024-12-07','legitimate'),(104,277,28,'2024-07-27','2024-08-29','fraudulent'),(105,6,41,'2025-06-21','2025-07-11','legitimate'),(106,113,33,'2025-06-13','2025-07-12','legitimate'),(107,114,6,'2024-12-31','2025-01-01','legitimate'),(108,297,45,'2024-08-11','2024-08-31','fraudulent'),(109,109,29,'2024-12-06','2024-12-29','legitimate'),(110,74,17,'2024-07-29','2024-08-16','inconclusive'),(111,95,37,'2024-08-12','2024-08-15','legitimate'),(112,212,39,'2024-08-25','2024-10-20','fraudulent'),(113,287,43,'2024-10-29','2024-11-23','legitimate'),(114,4,32,'2024-08-10','2024-09-18','legitimate'),(115,107,12,'2024-11-08','2024-12-29','inconclusive'),(116,87,9,'2025-05-08','2025-06-27','inconclusive'),(117,298,43,'2025-06-05','2025-07-15','inconclusive'),(118,71,40,'2024-08-12','2024-08-25','legitimate'),(119,249,17,'2025-03-22','2025-05-15','inconclusive'),(120,207,22,'2024-10-13','2024-11-08','fraudulent'),(121,170,30,'2024-12-02','2024-12-31','inconclusive'),(122,105,29,'2025-05-31','2025-06-22','legitimate'),(123,92,23,'2024-11-23','2025-01-16','fraudulent'),(124,242,10,'2025-01-26','2025-03-01','fraudulent'),(125,300,37,'2025-03-14','2025-04-13','legitimate'),(126,134,38,'2025-04-12','2025-04-24','inconclusive'),(127,149,39,'2025-01-19','2025-01-21','inconclusive'),(128,66,37,'2024-08-11','2024-08-19','legitimate'),(129,235,23,'2024-10-23','2024-11-10','legitimate'),(130,164,20,'2025-03-06','2025-04-14','inconclusive'),(131,15,6,'2024-11-20','2025-01-10','legitimate'),(132,42,19,'2025-01-17','2025-02-14','legitimate'),(133,282,20,'2025-03-19','2025-05-07','fraudulent'),(134,186,6,'2024-12-25','2025-02-04','legitimate'),(135,24,43,'2024-10-11','2024-10-19','inconclusive'),(136,206,22,'2025-03-29','2025-04-21','legitimate'),(137,112,24,'2024-12-13','2025-01-07','legitimate'),(138,70,35,'2025-03-30','2025-05-18','fraudulent'),(139,290,16,'2024-12-06','2025-01-13','fraudulent'),(140,279,16,'2024-10-26','2024-12-10','fraudulent'),(141,262,15,'2025-05-04','2025-06-20','inconclusive'),(142,108,44,'2025-04-23','2025-05-30','inconclusive'),(143,56,13,'2024-12-25','2025-01-25','legitimate'),(144,237,16,'2024-11-26','2024-12-04','fraudulent'),(145,299,26,'2024-12-23','2025-01-16','inconclusive'),(146,177,34,'2025-02-10','2025-02-16','fraudulent'),(147,61,42,'2024-10-12','2024-10-31','inconclusive'),(148,29,15,'2025-02-19','2025-04-20','fraudulent'),(149,198,26,'2024-12-18','2025-01-03','inconclusive'),(150,269,42,'2024-12-25','2025-01-20','inconclusive'),(151,127,32,'2024-12-06','2024-12-12','fraudulent'),(152,220,20,'2024-10-14','2024-11-12','legitimate'),(153,219,49,'2024-07-27','2024-09-22','fraudulent'),(154,96,39,'2024-11-07','2024-12-12','inconclusive'),(155,174,11,'2025-06-12','2025-07-13','inconclusive'),(156,246,25,'2025-02-27','2025-03-17','legitimate'),(157,218,3,'2024-09-14','2024-11-13','inconclusive'),(158,104,48,'2025-03-01','2025-04-01','inconclusive'),(159,261,21,'2024-12-12','2024-12-27','inconclusive'),(160,5,43,'2024-09-26','2024-10-19','inconclusive'),(161,152,44,'2024-12-20','2024-12-28','inconclusive'),(162,58,46,'2025-05-11','2025-07-03','inconclusive'),(163,232,35,'2025-06-13','2025-08-07','fraudulent'),(164,133,19,'2025-01-01','2025-01-09','inconclusive'),(165,275,38,'2025-03-17','2025-03-24','fraudulent'),(166,63,19,'2025-04-04','2025-05-10','inconclusive'),(167,243,24,'2025-03-01','2025-04-18','legitimate'),(168,195,11,'2024-10-02','2024-11-08','inconclusive'),(169,121,9,'2024-08-05','2024-08-20','fraudulent'),(170,14,39,'2025-05-01','2025-05-28','fraudulent'),(171,146,11,'2024-11-03','2024-11-12','fraudulent'),(172,217,2,'2024-09-06','2024-09-30','legitimate'),(173,257,40,'2025-03-04','2025-04-11','inconclusive'),(174,215,8,'2025-01-18','2025-02-16','fraudulent'),(175,47,45,'2025-01-26','2025-02-04','inconclusive'),(176,255,15,'2025-01-12','2025-02-01','fraudulent'),(177,214,33,'2024-10-05','2024-12-01','inconclusive'),(178,171,19,'2025-02-09','2025-04-05','legitimate'),(179,252,45,'2024-08-02','2024-09-26','legitimate'),(180,39,15,'2025-01-01','2025-02-11','legitimate'),(181,231,35,'2024-07-25','2024-09-21','inconclusive'),(182,67,35,'2025-01-28','2025-02-12','inconclusive'),(183,267,43,'2024-10-11','2024-11-28','legitimate'),(184,137,21,'2025-04-25','2025-06-17','fraudulent'),(185,169,17,'2025-05-23','2025-07-14','inconclusive'),(186,201,33,'2024-08-06','2024-09-11','fraudulent'),(187,187,24,'2025-03-03','2025-04-24','legitimate'),(188,163,32,'2025-05-28','2025-06-29','fraudulent'),(189,289,2,'2025-03-11','2025-04-14','fraudulent'),(190,10,49,'2024-08-15','2024-09-18','fraudulent'),(191,99,42,'2025-02-25','2025-03-12','fraudulent'),(192,50,8,'2024-08-15','2024-10-03','fraudulent'),(193,110,19,'2024-09-14','2024-09-24','inconclusive'),(194,17,35,'2025-02-28','2025-04-27','fraudulent'),(195,202,29,'2025-03-11','2025-04-05','legitimate'),(196,294,41,'2024-08-04','2024-08-08','fraudulent'),(197,132,42,'2025-02-04','2025-04-03','fraudulent'),(198,199,24,'2025-05-15','2025-07-13','inconclusive'),(199,8,9,'2025-02-21','2025-03-17','legitimate'),(200,62,1,'2025-02-26','2025-03-09','legitimate');
/*!40000 ALTER TABLE `investigation_data` ENABLE KEYS */;
UNLOCK TABLES;

--
-- Table structure for table `location_data`
--

DROP TABLE IF EXISTS `location_data`;
/*!40101 SET @saved_cs_client     = @@character_set_client */;
/*!50503 SET character_set_client = utf8mb4 */;
CREATE TABLE `location_data` (
  `location_id` int NOT NULL,
  `latitude` double DEFAULT NULL,
  `longitude` double DEFAULT NULL,
  `city` varchar(100) DEFAULT NULL,
  `country` varchar(100) DEFAULT NULL,
  PRIMARY KEY (`location_id`)
) ENGINE=InnoDB DEFAULT CHARSET=utf8mb4 COLLATE=utf8mb4_0900_ai_ci;
/*!40101 SET character_set_client = @saved_cs_client */;

--
-- Dumping data for table `location_data`
--

LOCK TABLES `location_data` WRITE;
/*!40000 ALTER TABLE `location_data` DISABLE KEYS */;
INSERT INTO `location_data` VALUES (1,43.333102,-13.856883,'Wilkinsville','Cayman Islands'),(2,71.765413,137.986066,'Samuelchester','Kazakhstan'),(3,53.279079,-84.856088,'Heidiport','Iceland'),(4,48.724416,-121.724353,'Osborntown','Brunei Darussalam'),(5,-32.379957,22.281987,'Kathleenhaven','Portugal'),(6,41.219151,-12.572551,'New Melissaview','Turkmenistan'),(7,25.265877,-93.592616,'North Jennifer','San Marino'),(8,69.000959,54.580477,'Ayalaland','Kuwait'),(9,10.934062,-39.010988,'Bradleyhaven','Guadeloupe'),(10,-71.399775,11.539518,'East Joel','Norfolk Island'),(11,33.926292,62.388984,'Floresview','Colombia'),(12,-28.163531,63.512596,'East Cherylhaven','Nepal'),(13,-7.05162,55.635195,'Cameronbury','Tunisia'),(14,9.556831,145.697417,'Jacobmouth','Australia'),(15,48.18382,127.437796,'West Deborahmouth','Sierra Leone'),(16,34.327323,-134.365294,'New Markshire','Argentina'),(17,-6.873666,-72.677675,'Denisemouth','Kiribati'),(18,70.825511,-12.015128,'Port Virginiamouth','Eritrea'),(19,39.84747,-157.396108,'Williamsberg','Dominica'),(20,-48.443882,59.271991,'Thompsonville','United Arab Emirates'),(21,-22.665995,-108.232631,'East Randychester','British Virgin Islands'),(22,-31.094215,71.323436,'West Katiehaven','Algeria'),(23,30.359043,-176.507032,'Taylorfort','Netherlands Antilles'),(24,-47.886909,76.553381,'Port Christinefurt','Lebanon'),(25,64.938254,124.991569,'Howardchester','Sweden'),(26,-36.089862,130.135571,'Johnsonmouth','Vanuatu'),(27,71.673918,77.804616,'Besttown','Lithuania'),(28,69.324153,-164.662644,'Karaburgh','Denmark'),(29,28.681627,-132.938936,'Martinmouth','Dominican Republic'),(30,33.650911,1.32402,'Davidfurt','Nicaragua'),(31,6.689403,4.930715,'Beardton','Bulgaria'),(32,41.88598,176.579442,'Floresshire','Yemen'),(33,-11.95715,-120.789133,'Reidmouth','Qatar'),(34,-66.243698,20.225153,'Port Yolanda','Montenegro'),(35,-1.562955,-95.74317,'Port Richard','Panama'),(36,-68.521428,75.069736,'Port Michaelbury','Comoros'),(37,58.037986,33.103764,'West Anthonyhaven','Panama'),(38,-62.202593,-7.896402,'Karenhaven','Finland'),(39,-81.141614,-79.460872,'Bradyside','Russian Federation'),(40,-68.039789,125.419725,'Nelsonchester','Saint Helena'),(41,44.630543,-113.217396,'Lake Clintonburgh','Qatar'),(42,1.801284,123.822372,'Michellestad','Moldova'),(43,-43.30331,-67.664772,'Wilsonville','Australia'),(44,57.0885,-8.773504,'Port Kevinburgh','Iceland'),(45,31.419415,25.831608,'Hernandezbury','Uzbekistan'),(46,-33.8657,-80.829884,'Gregoryhaven','Australia'),(47,-14.897207,-44.964238,'Catherineton','Saint Helena'),(48,-9.867467,-79.497523,'Princeville','Turks and Caicos Islands'),(49,58.031137,-19.772124,'East Michael','Micronesia'),(50,-40.662716,-25.121088,'East Natasha','Pakistan'),(51,3.215149,172.973341,'Kelseymouth','Malta'),(52,27.244795,-52.797879,'Shaunmouth','Norway'),(53,38.84746,146.846075,'North Christopherview','Swaziland'),(54,32.930709,-41.595326,'Ryanland','Turks and Caicos Islands'),(55,84.193362,-115.756694,'Tammybury','Korea'),(56,25.996206,-106.084781,'Mitchellstad','Sierra Leone'),(57,-12.563885,-55.499252,'Brianmouth','Tokelau'),(58,26.542193,32.194848,'West John','Trinidad and Tobago'),(59,18.594959,19.749873,'Meganmouth','Qatar'),(60,-51.783335,75.061567,'Mccoyview','United Arab Emirates'),(61,-51.199524,-54.342329,'Thomasfort','Isle of Man'),(62,-25.449803,145.89389,'Robertville','Dominica'),(63,53.943051,-91.708428,'North Larrybury','Rwanda'),(64,21.160764,-42.810412,'New Anna','Benin'),(65,-18.506737,64.657115,'North Tom','South Africa'),(66,61.011619,-101.320082,'Robertstad','Taiwan'),(67,-86.046743,-167.931588,'Nathanmouth','Saint Martin'),(68,-80.314312,156.675294,'Stephaniestad','Guatemala'),(69,-56.022587,-96.751671,'South Anthonyhaven','Nicaragua'),(70,36.51846,-150.809646,'Jeffhaven','Ghana'),(71,47.121777,7.503648,'South Phillip','Egypt'),(72,88.519637,-110.205042,'South Emily','Netherlands'),(73,85.891767,-86.860092,'Ericborough','Congo'),(74,-67.417909,-113.982739,'New Mary','Mexico'),(75,-41.153165,65.526122,'Howellside','Syrian Arab Republic'),(76,-30.468801,111.236046,'Port Kathleenview','Kuwait'),(77,7.884759,-169.41634,'Ortizport','Belize'),(78,2.099161,-118.103325,'East Douglas','Vanuatu'),(79,-13.763887,-114.682885,'West Nicholasview','Bosnia and Herzegovina'),(80,-59.555293,97.853146,'North Leeton','Azerbaijan'),(81,31.540496,4.76988,'East Stephaniebury','Chad'),(82,82.99795,-81.862667,'Millerview','Moldova'),(83,64.698675,-12.484107,'Port Pamela','Mexico'),(84,50.051029,116.429869,'Port Williamburgh','Ghana'),(85,38.356537,64.974991,'Smithmouth','Mali'),(86,33.493923,-139.165642,'Ginamouth','Liberia'),(87,-63.265226,95.851967,'Navarromouth','Jersey'),(88,-58.697099,-83.843937,'New Brendaborough','Togo'),(89,11.392369,-58.139003,'South George','Sao Tome and Principe'),(90,-78.496217,-113.58437,'Johnsonshire','Kyrgyz Republic'),(91,-0.019332,40.4161,'Kingbury','Rwanda'),(92,-31.127673,-107.037845,'South Robertton','Panama'),(93,-43.092331,170.246767,'Lewischester','Cambodia'),(94,26.682523,63.193486,'South Jeffreyland','Bangladesh'),(95,75.112291,166.70217,'Lake Chadland','French Southern Territories'),(96,11.950958,78.585513,'North Annport','Taiwan'),(97,-7.737495,-111.893934,'South John','Saint Kitts and Nevis'),(98,66.995247,20.513749,'West Catherine','Switzerland'),(99,-59.860869,-105.344085,'Jenniferview','Nigeria'),(100,27.610581,106.539106,'Rodriguezville','Falkland Islands (Malvinas)'),(101,-22.825835,-26.179275,'Wrightport','Saint Barthelemy'),(102,88.697262,115.021696,'West Thomas','Kazakhstan'),(103,-82.455242,-161.06322,'Lake Tyler','Canada'),(104,10.078355,-140.170364,'Jamestown','Mexico'),(105,-45.881781,7.829854,'West Angela','Syrian Arab Republic'),(106,38.186848,-129.560413,'Melissaville','Burkina Faso'),(107,-0.251553,35.199896,'North Johnathan','Netherlands'),(108,-20.6823,161.286066,'Georgestad','Netherlands Antilles'),(109,-61.583676,92.57736,'Rachaelland','Turkey'),(110,29.866859,-138.572634,'Vangton','Guadeloupe'),(111,13.090577,10.834285,'North Kathleentown','Peru'),(112,66.942589,101.610152,'East Teresa','France'),(113,88.04859,-46.21412,'West Dominiqueburgh','Micronesia'),(114,46.196097,158.59288,'North Ashleyville','Iceland'),(115,-10.876564,-134.948604,'Lake Alicia','Madagascar'),(116,36.631249,-93.687063,'Feliciaton','Lesotho'),(117,-27.643052,-103.632902,'West Tracyton','Ghana'),(118,-85.284831,170.819029,'South Stephaniestad','Venezuela'),(119,-55.33426,-74.801833,'Finleyburgh','Serbia'),(120,39.343785,131.137765,'East Aprilfort','Syrian Arab Republic'),(121,-53.016325,88.305641,'Port Amber','Kiribati'),(122,-60.456758,114.030005,'North Nicolemouth','Slovakia (Slovak Republic)'),(123,-9.106743,9.344527,'North Brandi','Mauritius'),(124,-48.800274,115.20743,'East Meredith','Morocco'),(125,-60.392697,-64.347935,'Jeffreyshire','Singapore'),(126,-33.641051,43.726236,'Justinland','United States Virgin Islands'),(127,-21.736862,26.934804,'Changhaven','Korea'),(128,-69.517547,-130.201745,'Hallton','Svalbard & Jan Mayen Islands'),(129,39.623197,133.206152,'Lake Randyshire','China'),(130,55.696728,-68.727518,'Wagnershire','Kiribati'),(131,22.370797,-109.433073,'Brooksborough','Israel'),(132,32.505062,86.032455,'Port Crystalborough','Namibia'),(133,-43.879999,-111.36577,'Katrinabury','Sweden'),(134,54.978568,121.919167,'Morganburgh','Botswana'),(135,51.829023,-169.621247,'Port Brittany','Ireland'),(136,-79.056361,91.103285,'Javierfurt','Nigeria'),(137,87.225037,-170.716949,'Susanstad','Burundi'),(138,-28.621209,-85.238517,'Kendratown','Suriname'),(139,59.835219,-145.80369,'North Whitneyshire','New Caledonia'),(140,70.514543,149.785506,'Wolfehaven','Sao Tome and Principe'),(141,59.479635,-91.760133,'East Joe','North Macedonia'),(142,-47.844179,-120.175107,'Jamesville','Angola'),(143,-14.842154,-168.371683,'South Stevenview','Congo'),(144,2.505681,162.032288,'Bakerchester','Oman'),(145,48.691301,143.99378,'Bellhaven','Costa Rica'),(146,-3.197216,176.563629,'West Josephland','Cambodia'),(147,23.18361,-161.704956,'Montgomerystad','Egypt'),(148,-26.446827,-1.485055,'Annchester','Suriname'),(149,58.742096,-122.688855,'North Thomas','Philippines'),(150,-52.115863,124.395708,'Port Larryburgh','Pitcairn Islands'),(151,-88.289189,22.672216,'West Kelly','North Macedonia'),(152,33.002397,-118.596158,'Maryport','Zimbabwe'),(153,11.840713,139.456915,'East Brittany','Moldova'),(154,-1.550636,125.168681,'East Sabrina','Senegal'),(155,-18.008938,37.497247,'North Glendaland','Kuwait'),(156,-43.438505,-134.324455,'East Travisview','Malaysia'),(157,-83.305744,-117.204348,'Port Carolynchester','Holy See (Vatican City State)'),(158,-40.529828,19.508151,'North Nicole','Colombia'),(159,36.734221,156.459724,'Jonathanshire','Seychelles'),(160,-49.10052,42.823741,'Liborough','Denmark'),(161,-77.639962,64.109089,'Port Annafurt','Nauru'),(162,-47.590737,66.001834,'West Dylanborough','Senegal'),(163,-6.357833,139.004674,'Sanchezshire','Ireland'),(164,89.057277,-138.16656,'Lake Stevenborough','Philippines'),(165,-70.443924,57.197506,'New Cynthia','Hungary'),(166,76.136713,-109.798761,'New Randychester','Gibraltar'),(167,36.22676,-166.296586,'West Allisonland','Comoros'),(168,-20.629097,0.567618,'Johnsonburgh','United Kingdom'),(169,-25.277146,25.295011,'Lake Megan','Malawi'),(170,-75.589,87.617385,'Lake Jenniferfurt','Ireland'),(171,76.861145,26.529463,'Swansonside','Netherlands Antilles'),(172,6.21837,123.239301,'Brandyborough','Bhutan'),(173,2.26944,-84.136971,'New Emilyshire','Congo'),(174,-76.098827,1.440575,'Carpentermouth','Timor-Leste'),(175,11.151472,114.838032,'Martinezshire','Heard Island and McDonald Islands'),(176,-46.136828,-154.730581,'Michaelburgh','El Salvador'),(177,-82.148611,34.971111,'Port Andrewview','Morocco'),(178,-61.672667,20.694396,'Davidside','Northern Mariana Islands'),(179,-66.413605,133.668069,'North Jenna','Mayotte'),(180,88.602435,-178.404542,'Waltersfort','Seychelles'),(181,86.055318,123.952811,'North Lynn','Hungary'),(182,35.552767,-99.736512,'West Matthew','Rwanda'),(183,-81.315903,-146.05431,'West Toni','Afghanistan'),(184,24.583142,-77.455656,'East Garyside','Costa Rica'),(185,-37.74788,114.180839,'Richardschester','Australia'),(186,49.299698,-151.075634,'Johnsontown','Lebanon'),(187,35.58748,-90.338479,'New David','Guadeloupe'),(188,32.255395,160.197709,'Hudsonmouth','Gambia'),(189,-36.894274,10.157401,'Loritown','Guatemala'),(190,-47.177089,78.175003,'New Robert','Turkmenistan'),(191,31.888842,117.488567,'Kellyview','Niue'),(192,34.036503,1.186007,'Pratthaven','Turkmenistan'),(193,-86.585709,-21.429737,'South Ryan','Canada'),(194,73.566579,176.240029,'Jessicafurt','Jersey'),(195,63.300577,154.643593,'Jamesville','Faroe Islands'),(196,-42.639038,16.855585,'South Edward','Isle of Man'),(197,-11.354361,100.2362,'East Kayla','Mexico'),(198,65.481387,-77.908903,'South Calvin','Chad'),(199,87.831128,-108.571451,'South Richardburgh','Cocos (Keeling) Islands'),(200,40.346397,176.608374,'Cooleyberg','Turks and Caicos Islands'),(201,-4.761168,-99.879839,'East Jessica','Venezuela'),(202,78.697594,-21.683211,'North Williamside','Ireland'),(203,-20.60879,-91.350038,'North Kelly','Venezuela'),(204,19.691167,-21.834283,'Sandratown','Nicaragua'),(205,-83.575333,-101.408912,'Emilyburgh','Peru'),(206,51.463227,-58.808186,'Jessicachester','Azerbaijan'),(207,33.197631,76.318002,'Adambury','Lao People\'s Democratic Republic'),(208,8.963386,-59.329021,'Martinmouth','Philippines'),(209,1.643746,60.412495,'South Andreafort','Denmark'),(210,-7.535504,-111.350718,'West Martinfort','Turkey'),(211,-87.840923,178.697221,'Tanyatown','Poland'),(212,-11.663715,119.418988,'North Jamie','Georgia'),(213,63.994788,53.162616,'Port Jasmin','Senegal'),(214,-45.369853,157.637804,'West William','Niger'),(215,-56.054571,-80.382686,'Brownview','Tanzania'),(216,-18.006191,168.464285,'Guerrafort','Paraguay'),(217,-38.067182,46.780831,'Brandtport','French Southern Territories'),(218,74.1719,-34.619061,'New Jonathanstad','Bulgaria'),(219,-47.016774,101.518528,'Port Alejandra','Costa Rica'),(220,-48.454737,-24.38977,'Thompsonmouth','Sweden'),(221,-21.611588,169.410032,'Jessicaside','Bouvet Island (Bouvetoya)'),(222,-12.634197,-143.017841,'Juliastad','Iran'),(223,-25.299661,7.671019,'Crystalberg','Cook Islands'),(224,78.579695,-5.525487,'New Aaronfurt','Barbados'),(225,26.308778,-144.616195,'South Annehaven','Sierra Leone'),(226,-22.959401,-14.932539,'Reyesfurt','Uzbekistan'),(227,65.470309,165.553822,'New Marcus','Jamaica'),(228,-52.640682,36.088697,'Smithmouth','North Macedonia'),(229,-71.232242,-51.376208,'Codymouth','Tuvalu'),(230,18.020325,78.491059,'Ericksonmouth','Fiji'),(231,-52.22075,-3.134062,'Andrewville','Saint Pierre and Miquelon'),(232,-30.494594,48.786594,'Kellymouth','Turks and Caicos Islands'),(233,-85.865999,75.021653,'Mariahaven','Cyprus'),(234,-53.361572,35.822982,'West Ashleyside','French Southern Territories'),(235,-69.709147,-168.318956,'Johnsonside','Mauritius'),(236,-64.073975,-27.865898,'East Michael','Tajikistan'),(237,-47.571809,68.577456,'North Brandonview','New Zealand'),(238,6.631914,-79.88368,'Gutierrezhaven','Malawi'),(239,-20.695228,111.598035,'West Andrew','Hong Kong'),(240,-26.781381,-76.463859,'South Michael','Zimbabwe'),(241,9.240587,-2.443707,'South Matthew','Colombia'),(242,14.681822,15.696725,'Lake Jeanette','Andorra'),(243,42.525873,-26.264374,'Lake Marybury','Latvia'),(244,-69.368606,126.435036,'West Kristenberg','Macao'),(245,-64.409986,116.047823,'Kingside','Montserrat'),(246,-36.756669,-86.828302,'Kathrynville','Jamaica'),(247,49.42751,-103.335657,'South Ryan','Benin'),(248,40.778656,149.775813,'Webermouth','Korea'),(249,-88.783525,88.300674,'South Melissamouth','Central African Republic'),(250,-48.833435,156.437014,'Port Melissachester','Peru'),(251,6.910368,120.743132,'Port Hayden','Mauritania'),(252,-34.042293,128.658653,'Ryanborough','Malaysia'),(253,38.451087,30.922748,'South Kevinchester','Cambodia'),(254,-52.250026,58.607954,'Lake Michelle','Jordan'),(255,40.614335,-8.322326,'East Maryville','Ireland'),(256,29.813921,111.870945,'New Michaelmouth','Solomon Islands'),(257,34.650682,-66.179569,'West Rebecca','Albania'),(258,-31.334044,58.697366,'West Davidshire','Mauritania'),(259,-19.367645,137.4736,'Feliciaborough','Peru'),(260,-87.666861,144.053328,'Brentport','Peru'),(261,73.803821,-17.132852,'Patriciashire','Togo'),(262,5.047192,156.147987,'South Robertfort','Algeria'),(263,50.782764,35.697204,'Brittanyview','Svalbard & Jan Mayen Islands'),(264,-56.162331,27.31987,'New Frankport','France'),(265,83.121838,-33.656128,'East Angelahaven','Grenada'),(266,-53.29019,133.879104,'South Gary','Germany'),(267,28.859614,-84.814044,'Mcintoshberg','Palau'),(268,5.699952,48.886259,'New Scottside','Saint Vincent and the Grenadines'),(269,-55.718934,-70.852389,'Georgetown','Germany'),(270,51.925541,-144.90337,'Lake Maryfurt','Saudi Arabia'),(271,-54.782131,-52.54205,'Pattonview','Bermuda'),(272,31.720673,-0.68316,'Howardshire','Turks and Caicos Islands'),(273,23.69896,160.585238,'West Paulborough','Uzbekistan'),(274,19.642952,51.917512,'Hollytown','Ecuador'),(275,-87.604393,129.502466,'Maxwellborough','Eritrea'),(276,-16.975053,-73.435303,'West Edward','Tonga'),(277,0.811581,53.519218,'Davisfurt','Guernsey'),(278,-3.423704,-4.117343,'Mercadofurt','Equatorial Guinea'),(279,-37.550306,77.770711,'Bergchester','Cayman Islands'),(280,59.901479,-99.31136,'Billyburgh','Chile'),(281,2.373767,67.760155,'Singletonville','Tokelau'),(282,75.353363,-179.637133,'Levineshire','Northern Mariana Islands'),(283,-36.769773,15.51249,'East Randall','Myanmar'),(284,-86.58722,-134.176498,'Baldwintown','Denmark'),(285,-22.877608,110.590353,'South Amber','Cameroon'),(286,-71.53285,100.255928,'West Kathrynton','Turkmenistan'),(287,55.235074,23.344072,'Jenniferton','Sweden'),(288,70.58104,-77.710211,'Carneyshire','Tanzania'),(289,-64.494655,-26.082173,'Ambermouth','Singapore'),(290,58.340275,-103.828413,'New Lauraton','French Guiana'),(291,-40.167984,12.705283,'Davismouth','Northern Mariana Islands'),(292,-78.53325,-106.625256,'Port Donna','Paraguay'),(293,-71.591591,-158.544444,'New Deannahaven','Luxembourg'),(294,25.755311,110.615125,'Warrenshire','Isle of Man'),(295,61.827747,25.654867,'Gonzalezbury','Kiribati'),(296,87.101134,-45.588071,'West Justinfurt','Cape Verde'),(297,22.105895,-112.754732,'Cookfurt','Austria'),(298,-38.798617,87.43602,'Port Robertport','Romania'),(299,-44.255233,153.6381,'Masseyborough','Heard Island and McDonald Islands'),(300,45.220781,11.00973,'New Lindaview','Togo'),(301,87.08409,65.425283,'Charlesborough','Australia'),(302,12.303891,17.942375,'Brownfurt','Grenada'),(303,-86.57093,35.762997,'Waltertown','Bolivia'),(304,44.926359,-99.979132,'Chavezbury','Costa Rica'),(305,47.163886,-127.026787,'Lake Garretthaven','Niger'),(306,-36.035752,-151.473014,'New Jason','Senegal'),(307,-69.67903,167.430888,'Williamfort','Taiwan'),(308,59.69322,52.431212,'North James','Tajikistan'),(309,60.738511,126.191042,'Lake Nathan','Antarctica (the territory South of 60 deg S)'),(310,71.538486,-81.371482,'Port Wesley','Cape Verde'),(311,-80.297203,29.48218,'Tammyberg','French Southern Territories'),(312,82.7547,173.102053,'West Veronicaside','Singapore'),(313,-57.542005,-33.229904,'Keithville','Qatar'),(314,20.667677,-142.546648,'Calderonmouth','Azerbaijan'),(315,-3.016219,-134.353623,'Valenzuelashire','Egypt'),(316,-22.574354,114.970402,'Lake Kelseyfurt','Maldives'),(317,70.611935,73.626322,'Davidview','Netherlands Antilles'),(318,34.694009,-58.462467,'Lake Hannahhaven','Albania'),(319,-62.685587,122.364607,'Port Caseymouth','Philippines'),(320,-68.214739,161.508166,'Port Patrick','British Virgin Islands'),(321,79.283276,153.907947,'Taylorstad','Pakistan'),(322,20.17606,-18.532022,'South Gabriel','Bahamas'),(323,-30.579151,161.644252,'Kelseytown','Cayman Islands'),(324,58.777564,59.454414,'Nicholasside','Somalia'),(325,-70.811455,104.500654,'North Lisa','Algeria'),(326,66.552426,-129.1767,'Myerstown','Libyan Arab Jamahiriya'),(327,-4.878673,-141.977777,'West Nancy','Netherlands Antilles'),(328,29.807945,-163.400238,'Cruzmouth','United Arab Emirates'),(329,36.122582,-83.256078,'Jeffreyfort','China'),(330,-53.57053,-80.935586,'Krystalshire','Burundi'),(331,89.275568,126.516603,'Iantown','French Polynesia'),(332,-60.18482,-86.861396,'Lake Patriciaview','French Southern Territories'),(333,-6.787739,-50.306892,'North Whitney','Comoros'),(334,-89.256471,-36.791167,'Hudsonburgh','Wallis and Futuna'),(335,-55.019655,-113.401888,'New Laura','Guatemala'),(336,32.702985,49.14093,'Lake Keithview','Madagascar'),(337,6.76597,-156.475105,'Lake Michael','Bhutan'),(338,15.78903,-17.357592,'East Barbara','Nigeria'),(339,-57.079194,23.053855,'South Sheila','Guatemala'),(340,20.792706,93.278296,'Lindashire','Armenia'),(341,24.367722,51.448868,'Castillostad','Guadeloupe'),(342,-10.484551,-43.459664,'Alvarezville','Netherlands'),(343,16.764412,101.562524,'Lauraville','Benin'),(344,-68.058594,92.028989,'Brandonville','Angola'),(345,-78.409648,30.735373,'North Natalieland','Greenland'),(346,-18.785799,114.609137,'Murphyhaven','French Polynesia'),(347,-55.590244,-161.747769,'Thomasmouth','Equatorial Guinea'),(348,82.819613,54.880463,'Allenchester','Tokelau'),(349,-88.30952,26.167733,'Williamsberg','Lesotho'),(350,86.316025,-109.623004,'Hansonborough','Turkey'),(351,-28.66351,-96.837978,'Amyview','Christmas Island'),(352,-69.031074,168.558822,'South Michael','Wallis and Futuna'),(353,35.136585,-47.352143,'Perryside','Cocos (Keeling) Islands'),(354,8.638301,168.151251,'Lake Tanyaside','Macao'),(355,25.394578,59.40191,'Harrisonshire','Puerto Rico'),(356,1.492799,45.941604,'West Carrie','Estonia'),(357,-70.474419,-120.667145,'North Theresa','Switzerland'),(358,-11.978452,-4.577721,'South Chelsea','Kiribati'),(359,10.865246,-57.625484,'New Jonathan','Samoa'),(360,87.264493,69.582791,'Rickystad','Botswana'),(361,-26.581924,9.834196,'Aaronview','Belarus'),(362,63.750649,26.84126,'Schmittland','Kyrgyz Republic'),(363,-2.331514,104.878651,'Aaronmouth','Guinea'),(364,-89.801154,-88.06819,'Aaronside','French Guiana'),(365,-39.218335,131.948109,'North Jessicaview','Vietnam'),(366,-68.794472,172.878433,'Huangmouth','Burundi'),(367,-70.165398,17.970266,'Hollowaymouth','Gabon'),(368,-73.391843,-22.406315,'North Samantha','Guadeloupe'),(369,-50.164762,-35.350931,'Rogersside','Uzbekistan'),(370,29.822956,66.501242,'Michaelhaven','Belize'),(371,38.463069,139.604775,'Ashleyhaven','Gabon'),(372,-76.847682,126.169432,'North Stephen','Syrian Arab Republic'),(373,-28.531073,-63.752002,'Jeffreyborough','Guinea-Bissau'),(374,-5.494599,108.46451,'Morrisshire','Guadeloupe'),(375,-15.051114,-31.170484,'Williamsmouth','Hungary'),(376,6.495323,-56.351201,'Gomezport','Austria'),(377,-87.836015,-52.891017,'Berrymouth','Chad'),(378,-1.159454,-49.635473,'North Annaview','Central African Republic'),(379,34.237016,176.108093,'Nelsonland','Montenegro'),(380,43.630209,-118.471029,'East Martha','Honduras'),(381,3.988308,11.807192,'Haroldside','Aruba'),(382,-55.482545,-67.450548,'Mariaborough','Finland'),(383,-87.725242,124.515241,'Lake Jessicaview','Swaziland'),(384,-0.740213,128.123526,'Bowenton','Azerbaijan'),(385,46.851324,-52.636325,'Geraldside','Italy'),(386,25.218827,-57.691221,'Fieldsbury','Grenada'),(387,-9.605865,65.094909,'Johnsonburgh','Cote d\'Ivoire'),(388,-62.50245,76.569458,'Danielside','Jersey'),(389,-23.197903,-172.42895,'Nicholastown','United Arab Emirates'),(390,23.313808,145.964509,'East Jeffreyton','Eritrea'),(391,70.603082,-5.340319,'Walterchester','Northern Mariana Islands'),(392,59.172839,-22.730218,'Lake Williamville','Sweden'),(393,17.316336,9.866632,'Brendaburgh','Western Sahara'),(394,-7.732098,83.231323,'North Bryan','Cote d\'Ivoire'),(395,-27.973113,13.361182,'Fitzpatrickton','Chad'),(396,18.234886,-164.717888,'Denisechester','Kyrgyz Republic'),(397,46.465462,171.567476,'Port James','Slovakia (Slovak Republic)'),(398,-75.830519,-88.488575,'Brayhaven','Saudi Arabia'),(399,25.141577,-85.506254,'Dianefort','Ecuador'),(400,58.22008,-148.978663,'South Lisafurt','Germany'),(401,80.166425,111.447873,'Robertborough','Israel'),(402,-66.565374,38.600212,'Shelbyland','Vanuatu'),(403,61.181454,82.664128,'Turnerton','Australia'),(404,-41.701851,-32.198425,'North Coleberg','Afghanistan'),(405,88.345995,70.111192,'West Gregorybury','Denmark'),(406,40.034277,-113.893762,'Port Stephen','Isle of Man'),(407,-55.25159,-132.656876,'Port Laurieport','Latvia'),(408,-80.685568,-108.284115,'Wrighthaven','Singapore'),(409,28.213488,142.943571,'Sharonfurt','Egypt'),(410,19.722421,55.514676,'Timothybury','Guadeloupe'),(411,-85.485001,-129.369336,'South Blakeborough','Palau'),(412,75.433148,81.844804,'Jenniferfurt','Ecuador'),(413,-56.15736,-150.900656,'Tanyafurt','Greenland'),(414,-7.312382,-161.344516,'Ashleyville','Rwanda'),(415,45.277776,38.975009,'Lake Sarabury','Serbia'),(416,-23.649165,-19.016615,'Smithborough','Timor-Leste'),(417,57.103847,-57.223887,'Lake Joshua','Eritrea'),(418,50.029579,-14.757459,'West Davidstad','Montenegro'),(419,27.522646,0.203928,'Lake Xavier','Vanuatu'),(420,-81.855321,34.431252,'West Susan','Sweden'),(421,84.200616,19.100666,'Anthonyhaven','Gabon'),(422,-14.988785,108.906237,'Lake Vicki','Turkmenistan'),(423,73.166187,69.494967,'Rodriguezmouth','Honduras'),(424,64.85094,-134.000973,'Jillside','Tonga'),(425,49.339499,-22.460797,'Johnnyshire','Georgia'),(426,68.779868,-1.808705,'North Regina','Cape Verde'),(427,18.212379,33.681605,'Robertburgh','Brazil'),(428,-55.873546,-0.709344,'Hartmanville','Moldova'),(429,-89.728546,69.419507,'West Cynthia','Slovakia (Slovak Republic)'),(430,88.904742,36.281705,'Stephaniestad','Qatar'),(431,82.485819,153.123004,'Cobbside','Serbia'),(432,-72.319156,24.47714,'New Amandaberg','Norfolk Island'),(433,-42.875985,148.036054,'Jenniferfort','Tonga'),(434,-69.586814,-17.856668,'Lake Melissa','Jamaica'),(435,1.015092,37.322488,'East Micheleland','Andorra'),(436,46.141261,-77.979482,'Teresaside','India'),(437,41.425023,69.904197,'North Steventon','Gambia'),(438,-17.698557,30.729668,'Danielleton','Macao'),(439,85.061622,75.842622,'Mccarthyhaven','Bhutan'),(440,47.202905,23.827784,'Anthonybury','Panama'),(441,39.168489,134.967744,'Port Crystalside','Bangladesh'),(442,61.249442,-97.99731,'East Matthewstad','United Kingdom'),(443,77.771073,71.91116,'Lake Alicia','Mayotte'),(444,-22.112736,-57.524294,'Wilkinsmouth','Turks and Caicos Islands'),(445,20.098217,-49.753107,'New Stephenmouth','Namibia'),(446,83.856527,-156.422871,'East Jenniferburgh','Dominican Republic'),(447,-34.141044,-81.789479,'East Christine','Central African Republic'),(448,-52.383527,138.207768,'East Matthew','Greenland'),(449,32.828343,17.441852,'Cameronton','Romania'),(450,-57.899318,36.333418,'West Robert','New Caledonia'),(451,6.335566,-83.562098,'Lake Davidchester','Heard Island and McDonald Islands'),(452,39.234872,59.744443,'Taylorside','Mozambique'),(453,85.190562,-164.097779,'Coryton','Mozambique'),(454,68.473214,64.320534,'Masseyport','Netherlands Antilles'),(455,-68.152949,121.317651,'Port Justin','Qatar'),(456,-83.714123,70.47861,'South Danielhaven','Afghanistan'),(457,-64.40984,2.269732,'New Maryville','Jordan'),(458,-36.012402,-154.674778,'East Cynthia','Korea'),(459,36.274629,1.289484,'Evansport','Saint Martin'),(460,-20.960128,127.312853,'South Bryanmouth','Bouvet Island (Bouvetoya)'),(461,61.328378,5.649113,'Johnsonberg','Paraguay'),(462,-38.492655,99.55125,'Ashleyview','Central African Republic'),(463,79.714882,-2.760642,'New William','Korea'),(464,67.471649,133.623839,'Manuelberg','Armenia'),(465,12.766239,-47.896706,'Kimberlyside','Taiwan'),(466,35.233477,-176.113117,'Jillianburgh','Denmark'),(467,6.568254,20.605873,'Lake Tracy','Oman'),(468,-45.075184,66.292257,'Jacksonview','Mauritania'),(469,-12.191802,98.986121,'Johnsonhaven','Dominican Republic'),(470,-8.794771,80.744056,'Jonesfurt','Madagascar'),(471,-20.55142,147.607593,'North Melissaborough','Central African Republic'),(472,60.396418,63.230639,'Bakerview','Saint Lucia'),(473,-28.702325,-14.846314,'Weeksburgh','Seychelles'),(474,-77.314518,-5.306411,'Harrisport','Libyan Arab Jamahiriya'),(475,10.452091,-65.798407,'Beasleyhaven','Heard Island and McDonald Islands'),(476,-66.443643,18.55894,'North Lisa','Belgium'),(477,55.156531,70.858589,'Diazfurt','Puerto Rico'),(478,21.134333,2.681817,'Kirkland','Turkmenistan'),(479,9.386931,161.805956,'Amandahaven','Fiji'),(480,27.608183,-8.610615,'West Tanner','Netherlands Antilles'),(481,-11.491296,158.036786,'Meltonborough','Panama'),(482,-0.420907,89.9433,'Crystalfurt','Cocos (Keeling) Islands'),(483,-31.167497,-171.158138,'Allenberg','Lebanon'),(484,-32.026002,-121.980751,'Port Ericafurt','Peru'),(485,22.295344,145.225389,'Collinsstad','Bosnia and Herzegovina'),(486,11.147425,111.000972,'Romerobury','Montserrat'),(487,69.196426,161.671355,'Elizabethstad','Oman'),(488,79.97459,56.175759,'Jamieland','Montenegro'),(489,59.259756,141.613427,'Christineland','Turkey'),(490,-46.64802,-158.550863,'Jameston','Brazil'),(491,-54.799365,-33.463528,'Warrenstad','Tanzania'),(492,16.372836,148.057907,'Thompsonburgh','Tonga'),(493,63.086225,169.12025,'Kimberlybury','Saint Martin'),(494,50.032886,152.204889,'Smithland','Mauritius'),(495,-75.463739,-127.389285,'East Michele','Mauritius'),(496,67.885308,130.549821,'Farleymouth','Mauritania'),(497,19.118078,125.859945,'East Meghan','Kenya'),(498,-50.960067,-172.926042,'East Mathew','San Marino'),(499,-42.26612,157.664245,'Pagestad','Saint Helena'),(500,38.897548,33.384898,'Kimberlyfurt','Venezuela');
/*!40000 ALTER TABLE `location_data` ENABLE KEYS */;
UNLOCK TABLES;

--
-- Table structure for table `login_instance_data`
--

DROP TABLE IF EXISTS `login_instance_data`;
/*!40101 SET @saved_cs_client     = @@character_set_client */;
/*!50503 SET character_set_client = utf8mb4 */;
CREATE TABLE `login_instance_data` (
  `login_id` int NOT NULL,
  `party_id` int DEFAULT NULL,
  `device_id` int DEFAULT NULL,
  `location_id` int DEFAULT NULL,
  `timestamp` datetime DEFAULT NULL,
  `successful` tinyint(1) DEFAULT NULL,
  PRIMARY KEY (`login_id`),
  KEY `party_id` (`party_id`),
  KEY `device_id` (`device_id`),
  KEY `location_id` (`location_id`),
  CONSTRAINT `login_instance_data_ibfk_1` FOREIGN KEY (`party_id`) REFERENCES `party_table` (`party_id`),
  CONSTRAINT `login_instance_data_ibfk_2` FOREIGN KEY (`device_id`) REFERENCES `device_data` (`device_id`),
  CONSTRAINT `login_instance_data_ibfk_3` FOREIGN KEY (`location_id`) REFERENCES `location_data` (`location_id`)
) ENGINE=InnoDB DEFAULT CHARSET=utf8mb4 COLLATE=utf8mb4_0900_ai_ci;
/*!40101 SET character_set_client = @saved_cs_client */;

--
-- Dumping data for table `login_instance_data`
--

LOCK TABLES `login_instance_data` WRITE;
/*!40000 ALTER TABLE `login_instance_data` DISABLE KEYS */;
INSERT INTO `login_instance_data` VALUES (1,304850,304,423,'2025-07-26 16:45:00',1),(2,942532,149,380,NULL,1),(3,321588,800,248,NULL,1),(4,716300,796,487,NULL,1),(5,783804,154,81,NULL,1),(6,806515,808,295,'2025-07-26 09:03:00',1),(7,854133,933,266,'2025-07-26 09:05:06',1),(8,679337,43,65,NULL,1),(9,784246,679,53,'2025-07-26 10:30:36',1),(10,965973,716,127,NULL,1),(11,178476,218,239,NULL,1),(12,545759,298,206,NULL,1),(13,370507,566,43,NULL,1),(14,332189,463,11,'2025-07-26 15:07:24',1),(15,959182,234,190,'2025-07-26 22:56:54',1),(16,943393,121,83,'2025-07-26 09:08:18',1),(17,498067,526,138,NULL,1),(18,846102,68,364,NULL,1),(19,650695,561,200,NULL,1),(20,606888,677,155,NULL,1),(21,310181,506,97,NULL,1),(22,891092,775,214,'2025-07-26 18:24:00',1),(23,975413,556,288,NULL,1),(24,646843,295,392,NULL,1),(25,781581,339,402,'2025-07-26 00:54:48',1),(26,809235,803,158,NULL,1),(27,524726,692,290,NULL,1),(28,357833,482,96,NULL,0),(29,812713,980,85,'2025-07-26 00:17:18',1),(30,370507,248,387,'2025-07-26 06:54:30',1),(31,517213,795,45,NULL,1),(32,555576,460,266,NULL,1),(33,986803,168,421,'2025-07-26 02:51:24',0),(34,923809,176,59,'2025-07-26 22:02:00',1),(35,141729,469,386,NULL,1),(36,142537,94,204,NULL,1),(37,233335,908,199,'2025-07-26 18:12:00',1),(38,142237,241,292,NULL,1),(39,882208,795,208,NULL,1),(40,510893,489,268,NULL,1),(41,487532,379,319,'2025-07-26 17:19:00',1),(42,942532,669,342,NULL,1),(43,443269,121,415,NULL,1),(44,449192,954,331,'2025-07-26 05:59:42',1),(45,113126,771,1,NULL,1),(46,102475,727,85,'2025-07-26 02:44:36',1),(47,607556,340,146,NULL,1),(48,332762,411,372,'2025-07-26 04:20:30',1),(49,510757,245,351,'2025-07-26 09:25:00',1),(50,553059,259,113,NULL,1),(51,618056,1000,352,NULL,1),(52,882939,96,70,NULL,1),(53,413424,326,29,NULL,1),(54,101688,814,286,'2025-07-26 18:02:06',1),(55,589266,278,279,NULL,1),(56,243838,75,311,NULL,1),(57,716300,161,234,NULL,0),(58,738327,797,137,NULL,1),(59,132874,534,422,'2025-07-26 15:44:00',1),(60,646843,425,370,'2025-07-26 20:53:42',1),(61,684170,69,200,NULL,1),(62,766398,552,39,'2025-07-26 21:15:48',1),(63,957476,524,72,'2025-07-26 09:29:42',1),(64,721692,303,333,NULL,1),(65,681576,985,308,'2025-07-26 14:55:48',1),(66,846102,455,130,NULL,1),(67,482841,591,341,'2025-07-26 07:45:48',1),(68,627694,926,237,NULL,1),(69,490754,63,269,NULL,1),(70,891930,641,28,NULL,1),(71,800558,581,284,'2025-07-26 08:23:30',1),(72,742673,36,150,NULL,1),(73,623248,222,377,NULL,1),(74,118675,817,130,NULL,1),(75,346636,158,355,NULL,1),(76,781209,692,431,NULL,1),(77,145270,780,293,'2025-07-26 13:48:42',1),(78,523106,470,417,NULL,1),(79,545031,420,125,NULL,1),(80,597505,664,63,NULL,1),(81,152017,429,381,'2025-07-26 08:47:12',1),(82,102106,879,181,NULL,0),(83,802344,940,38,NULL,1),(84,102475,294,217,NULL,1),(85,449192,68,183,'2025-07-26 13:08:48',1),(86,409228,433,327,'2025-07-26 09:13:48',1),(87,594403,779,195,'2025-07-26 08:46:00',1),(88,549361,499,89,'2025-07-26 14:20:54',1),(89,142263,725,52,'2025-07-26 14:18:42',1),(90,831142,122,32,NULL,1),(91,736402,602,9,NULL,1),(92,137895,425,174,'2025-07-26 10:36:18',1),(93,423471,62,337,'2025-07-26 04:50:42',1),(94,363028,113,301,NULL,1),(95,654523,275,176,'2025-07-26 08:51:06',0),(96,223412,580,227,'2025-07-26 05:45:18',0),(97,307937,775,244,NULL,1),(98,533753,451,330,NULL,1),(99,731612,140,79,NULL,1),(100,220192,220,369,NULL,1),(101,278362,127,410,'2025-07-26 22:51:06',1),(102,342503,353,404,NULL,1),(103,120400,974,401,'2025-07-26 03:39:18',1),(104,576134,906,86,NULL,1),(105,278362,985,100,NULL,1),(106,562418,696,185,NULL,1),(107,908857,56,469,NULL,1),(108,397949,330,340,NULL,1),(109,532741,67,303,NULL,1),(110,118675,404,423,'2025-07-26 20:40:24',1),(111,608483,399,105,'2025-07-26 23:32:18',1),(112,656919,356,128,'2025-07-26 06:11:30',1),(113,176521,679,384,NULL,1),(114,555576,168,410,NULL,1),(115,225295,290,21,NULL,1),(116,442950,794,270,NULL,1),(117,490754,895,455,NULL,1),(118,183720,987,458,NULL,1),(119,342503,890,210,NULL,1),(120,555576,659,138,NULL,1),(121,618056,797,213,NULL,1),(122,127073,996,18,'2025-07-26 00:58:36',1),(123,859857,636,417,NULL,1),(124,309143,366,119,NULL,1),(125,959182,581,80,'2025-07-26 18:19:30',1),(126,173743,87,114,'2025-07-26 21:02:00',1),(127,130676,72,267,'2025-07-26 12:59:48',1),(128,596587,329,71,'2025-07-26 13:34:24',1),(129,150555,449,177,NULL,0),(130,941400,545,309,'2025-07-26 06:59:48',1),(131,606888,381,185,'2025-07-26 07:11:12',1),(132,890309,987,414,NULL,1),(133,533753,375,346,NULL,1),(134,210200,956,224,NULL,1),(135,512461,222,394,NULL,0),(136,510757,302,325,NULL,0),(137,527742,697,122,NULL,1),(138,223412,103,238,NULL,1),(139,547239,371,189,'2025-07-26 03:51:36',1),(140,700634,291,85,NULL,1),(141,381632,782,17,'2025-07-26 09:57:06',1),(142,496915,678,320,NULL,1),(143,839473,631,7,NULL,1),(144,766398,905,422,'2025-07-26 07:59:30',1),(145,703269,482,323,NULL,1),(146,794486,579,423,'2025-07-26 10:16:18',1),(147,841384,41,375,NULL,1),(148,270269,474,40,NULL,1),(149,858198,832,36,NULL,1),(150,508476,104,391,'2025-07-26 20:19:06',1),(151,298585,491,273,'2025-07-26 06:49:30',1),(152,353168,953,136,NULL,1),(153,805775,699,67,NULL,1),(154,166701,886,155,'2025-07-26 08:10:42',1),(155,423125,333,81,NULL,1),(156,663869,488,458,NULL,1),(157,431096,321,180,NULL,1),(158,860481,628,163,'2025-07-26 16:03:06',1),(159,225284,411,459,NULL,1),(160,276171,143,439,'2025-07-26 08:39:54',1),(161,805775,64,386,NULL,1),(162,957476,694,486,'2025-07-26 03:33:36',1),(163,627694,95,164,NULL,1),(164,278450,537,77,'2025-07-26 14:23:12',1),(165,730556,593,410,NULL,1),(166,573022,446,337,'2025-07-26 00:52:18',1),(167,648138,163,6,'2025-07-26 10:23:00',1),(168,875260,867,383,NULL,1),(169,875260,976,3,'2025-07-26 08:12:24',1),(170,725418,868,264,NULL,1),(171,749920,92,123,NULL,1),(172,845842,527,235,'2025-07-26 04:23:18',0),(173,918807,838,331,NULL,1),(174,102106,736,44,'2025-07-26 08:21:12',0),(175,770348,652,84,NULL,1),(176,700634,855,362,'2025-07-26 06:38:18',1),(177,434764,257,84,'2025-07-26 00:55:00',1),(178,442950,309,458,NULL,1),(179,503012,996,236,'2025-07-26 09:19:36',0),(180,544582,21,25,NULL,1),(181,136888,199,352,'2025-07-26 12:37:36',1),(182,724144,154,1,NULL,1),(183,454569,449,28,NULL,1),(184,853594,620,469,'2025-07-26 01:10:42',1),(185,681619,55,367,NULL,1),(186,223412,187,266,NULL,1),(187,267355,684,437,'2025-07-26 04:14:00',1),(188,690831,156,298,NULL,1),(189,510987,300,111,'2025-07-26 12:14:24',1),(190,455782,291,440,NULL,1),(191,642667,195,291,NULL,1),(192,191947,445,224,'2025-07-26 18:58:06',1),(193,415959,188,381,'2025-07-26 05:09:18',1),(194,110406,441,43,NULL,1),(195,126133,58,207,'2025-07-26 12:18:42',1),(196,304849,28,440,NULL,0),(197,843873,699,88,NULL,1),(198,385089,563,198,NULL,1),(199,984678,461,283,NULL,1),(200,545759,423,228,NULL,1),(201,237268,753,13,NULL,1),(202,959182,277,306,'2025-07-26 12:31:42',1),(203,434982,805,395,NULL,1),(204,279414,640,280,NULL,1),(205,150555,183,269,NULL,1),(206,823563,396,370,NULL,1),(207,975413,215,233,NULL,1),(208,199234,606,71,NULL,1),(209,553606,12,485,NULL,1),(210,720230,648,117,'2025-07-26 01:51:18',1),(211,991109,785,158,NULL,1),(212,385089,779,127,NULL,1),(213,289311,165,237,NULL,1),(214,549361,951,214,'2025-07-26 02:28:30',1),(215,362339,364,451,NULL,1),(216,781546,599,68,NULL,1),(217,302426,803,114,NULL,1),(218,284063,736,475,NULL,1),(219,362339,926,163,'2025-07-26 05:50:00',1),(220,618056,759,128,NULL,1),(221,733490,43,206,'2025-07-26 15:27:36',1),(222,435649,657,105,'2025-07-26 13:33:00',1),(223,562958,246,217,NULL,0),(224,415959,705,188,'2025-07-26 05:27:06',1),(225,176521,80,192,'2025-07-26 09:10:42',1),(226,102475,359,208,'2025-07-26 14:32:30',1),(227,325640,637,289,'2025-07-26 10:25:00',1),(228,891092,730,369,'2025-07-26 22:08:42',1),(229,221412,400,46,NULL,1),(230,623248,922,83,'2025-07-26 22:35:54',1),(231,276171,186,342,'2025-07-26 00:06:24',1),(232,866257,489,237,NULL,1),(233,723573,867,41,NULL,1),(234,693875,313,458,NULL,0),(235,464362,314,399,'2025-07-26 11:52:42',1),(236,467418,942,442,'2025-07-26 09:43:18',1),(237,880473,604,320,NULL,1),(238,918605,227,69,NULL,1),(239,693875,47,170,NULL,0),(240,731213,99,129,'2025-07-26 15:03:48',1),(241,531554,327,391,NULL,1),(242,681576,743,60,NULL,1),(243,137895,500,433,'2025-07-26 19:24:48',1),(244,555576,92,48,NULL,1),(245,684170,666,126,NULL,1),(246,663869,736,71,'2025-07-26 15:47:18',1),(247,265756,215,45,NULL,1),(248,142347,15,482,NULL,1),(249,781385,70,2,NULL,1),(250,350032,244,393,NULL,1),(251,503012,268,280,'2025-07-26 09:05:36',1),(252,647640,290,340,'2025-07-26 02:11:18',1),(253,523106,995,92,NULL,1),(254,539820,216,57,'2025-07-26 21:18:24',1),(255,120400,91,470,NULL,1),(256,124876,183,37,'2025-07-26 00:51:36',1),(257,211282,528,351,NULL,1),(258,465595,595,242,NULL,1),(259,185131,461,165,NULL,1),(260,464366,936,297,NULL,0),(261,606263,684,274,'2025-07-26 05:01:30',1),(262,918807,77,232,'2025-07-26 05:32:00',1),(263,169397,229,199,'2025-07-26 04:47:06',1),(264,289311,777,425,'2025-07-26 09:59:12',1),(265,563052,758,452,NULL,1),(266,267355,730,118,NULL,1),(267,397949,808,75,'2025-07-26 08:52:12',1),(268,194595,21,242,NULL,1),(269,265756,31,281,NULL,1),(270,550379,352,203,NULL,1),(271,489089,837,47,'2025-07-26 23:43:24',1),(272,120373,807,182,'2025-07-26 14:55:42',1),(273,778853,409,79,NULL,1),(274,503012,766,1,NULL,1),(275,912391,336,480,NULL,1),(276,715531,820,120,NULL,1),(277,957570,481,363,'2025-07-26 01:42:00',1),(278,750586,812,428,NULL,1),(279,279414,362,484,'2025-07-26 23:42:42',0),(280,927372,523,323,'2025-07-26 05:53:24',1),(281,192453,352,465,NULL,1),(282,126546,987,452,'2025-07-26 15:03:42',1),(283,215560,23,495,'2025-07-26 14:54:00',1),(284,618056,445,73,NULL,1),(285,547839,892,317,NULL,1),(286,545759,327,366,NULL,1),(287,631998,440,256,NULL,1),(288,454569,913,33,NULL,1),(289,960784,129,295,NULL,1),(290,136888,832,309,NULL,0),(291,957476,990,352,NULL,1),(292,938521,130,228,'2025-07-26 18:54:54',1),(293,359108,790,126,NULL,0),(294,270269,477,321,NULL,1),(295,130676,388,396,NULL,1),(296,127073,517,208,NULL,1),(297,233335,630,448,'2025-07-26 06:56:18',1),(298,547239,851,469,NULL,1),(299,359108,381,456,NULL,0),(300,211282,2,124,NULL,1),(301,156059,317,496,'2025-07-26 14:27:24',1),(302,841384,308,374,NULL,1),(303,794486,390,244,'2025-07-26 21:25:24',1),(304,363227,18,30,'2025-07-26 05:02:06',1),(305,258311,230,120,NULL,0),(306,866257,509,195,'2025-07-26 21:57:42',1),(307,445958,893,238,NULL,1),(308,958338,65,251,NULL,1),(309,353168,189,88,NULL,1),(310,161769,969,319,NULL,1),(311,326547,635,493,'2025-07-26 20:45:42',1),(312,756144,286,353,'2025-07-26 23:30:30',1),(313,886180,638,232,NULL,1),(314,339643,786,478,'2025-07-26 20:41:36',1),(315,991288,179,493,'2025-07-26 08:59:54',1),(316,270269,742,284,NULL,1),(317,278745,728,161,'2025-07-26 15:57:06',1),(318,912674,25,7,'2025-07-26 02:47:12',1),(319,481010,1000,105,'2025-07-26 13:20:24',1),(320,945168,37,405,NULL,1),(321,531175,477,272,NULL,1),(322,882939,103,473,'2025-07-26 23:46:18',1),(323,865307,627,459,'2025-07-26 19:08:00',1),(324,846270,801,26,NULL,1),(325,342889,261,112,'2025-07-26 19:56:18',1),(326,880473,569,292,'2025-07-26 19:24:24',1),(327,435649,622,436,'2025-07-26 05:09:48',0),(328,866450,582,301,'2025-07-26 19:10:30',1),(329,332361,940,299,NULL,1),(330,118675,235,204,'2025-07-26 19:23:12',1),(331,890309,514,473,'2025-07-26 15:10:54',1),(332,959122,230,123,NULL,0),(333,848469,160,115,NULL,1),(334,664709,866,118,NULL,1),(335,394867,940,309,NULL,1),(336,350032,566,408,NULL,1),(337,831142,669,223,NULL,1),(338,660209,508,476,'2025-07-26 02:39:12',1),(339,211347,472,452,NULL,1),(340,707848,130,475,NULL,1),(341,981087,333,397,NULL,1),(342,246201,55,15,NULL,1),(343,968744,804,18,NULL,1),(344,918605,629,433,NULL,1),(345,142537,279,458,NULL,1),(346,599038,273,491,'2025-07-26 01:02:36',1),(347,823236,520,2,NULL,1),(348,753483,292,236,NULL,1),(349,512461,48,333,NULL,1),(350,525664,50,346,NULL,1),(351,533753,862,450,'2025-07-26 00:26:18',1),(352,939566,877,154,'2025-07-26 18:13:12',1),(353,674253,433,185,'2025-07-26 15:25:30',1),(354,481874,733,293,'2025-07-26 15:24:06',1),(355,688573,136,41,'2025-07-26 17:05:18',1),(356,724414,147,136,'2025-07-26 17:16:54',1),(357,388002,326,341,NULL,1),(358,464366,112,355,NULL,1),(359,368754,601,93,NULL,1),(360,289311,659,294,NULL,1),(361,813261,788,106,'2025-07-26 07:11:48',1),(362,385804,243,275,'2025-07-26 15:30:48',1),(363,869221,532,15,'2025-07-26 02:20:00',1),(364,642667,599,37,NULL,1),(365,910932,424,273,'2025-07-26 19:46:18',1),(366,978433,424,5,NULL,1),(367,831142,592,67,NULL,1),(368,161769,441,319,NULL,1),(369,669175,926,376,'2025-07-26 20:53:42',1),(370,142347,633,463,NULL,1),(371,773663,98,41,'2025-07-26 22:09:48',1),(372,278745,128,153,'2025-07-26 19:57:54',1),(373,733216,792,420,'2025-07-26 01:59:00',1),(374,527742,777,497,'2025-07-26 01:17:18',1),(375,447566,440,43,'2025-07-26 04:07:00',1),(376,381632,235,28,NULL,0),(377,778853,211,440,'2025-07-26 11:02:30',1),(378,991288,489,270,'2025-07-26 15:02:12',1),(379,681576,152,21,'2025-07-26 10:09:00',1),(380,363227,90,346,'2025-07-26 22:45:54',1),(381,273148,978,68,'2025-07-26 02:25:06',1),(382,498067,469,5,'2025-07-26 20:11:54',1),(383,527742,535,452,'2025-07-26 11:40:48',1),(384,802344,999,201,NULL,1),(385,721692,21,199,'2025-07-26 09:05:54',1),(386,233335,189,166,NULL,1),(387,790154,1,286,NULL,0),(388,496915,201,308,NULL,1),(389,279414,84,189,NULL,1),(390,304794,720,393,NULL,1),(391,562418,92,50,NULL,1),(392,106059,479,11,'2025-07-26 08:07:54',1),(393,772288,379,283,NULL,1),(394,549427,458,135,'2025-07-26 20:00:42',1),(395,616728,805,3,NULL,0),(396,886180,9,101,'2025-07-26 15:09:00',1),(397,161769,509,151,NULL,1),(398,332189,308,365,NULL,1),(399,918605,92,101,NULL,1),(400,918904,915,147,NULL,1),(401,986803,926,40,NULL,1),(402,425661,137,152,NULL,1),(403,977008,251,149,NULL,1),(404,466940,416,82,NULL,1),(405,520198,377,310,'2025-07-26 14:11:12',1),(406,527742,11,192,'2025-07-26 01:07:06',1),(407,908857,974,239,'2025-07-26 02:47:06',1),(408,231918,613,481,NULL,1),(409,263426,29,296,NULL,1),(410,294470,464,84,NULL,1),(411,742673,667,493,'2025-07-26 07:26:06',1),(412,126546,32,337,NULL,1),(413,891092,631,36,'2025-07-26 15:15:18',1),(414,110773,705,182,NULL,1),(415,304849,596,331,NULL,1),(416,764417,486,78,'2025-07-26 22:42:36',1),(417,750586,560,455,'2025-07-26 18:13:36',1),(418,858198,846,92,NULL,1),(419,120400,878,290,'2025-07-26 06:31:30',1),(420,409228,135,72,'2025-07-26 20:57:30',1),(421,284063,148,209,NULL,1),(422,742541,887,465,'2025-07-26 21:23:06',1),(423,510987,577,82,'2025-07-26 17:59:12',1),(424,547239,563,90,NULL,1),(425,140937,339,80,NULL,1),(426,464362,565,171,NULL,1),(427,363227,380,107,'2025-07-26 21:49:18',1),(428,616728,526,193,NULL,1),(429,731213,733,104,'2025-07-26 18:44:12',1),(430,231918,762,386,NULL,1),(431,350032,756,54,NULL,1),(432,669175,382,340,NULL,1),(433,259486,306,268,NULL,1),(434,368754,534,406,NULL,1),(435,596587,246,310,'2025-07-26 02:26:12',1),(436,394867,96,306,NULL,0),(437,873824,463,205,NULL,1),(438,994983,724,395,'2025-07-26 22:41:24',1),(439,342503,342,392,NULL,1),(440,994983,519,270,'2025-07-26 19:13:30',1),(441,666258,905,272,'2025-07-26 12:07:06',1),(442,703269,135,22,'2025-07-26 01:26:00',1),(443,785346,216,251,'2025-07-26 04:35:30',1),(444,461301,676,420,NULL,0),(445,596587,661,427,NULL,1),(446,112765,516,45,NULL,1),(447,631998,910,315,'2025-07-26 16:23:12',1),(448,883545,605,255,NULL,1),(449,862525,831,127,'2025-07-26 13:53:42',1),(450,289061,900,465,'2025-07-26 11:49:06',0),(451,730556,434,375,NULL,1),(452,525664,570,369,'2025-07-26 08:05:54',1),(453,353168,466,43,NULL,1),(454,142263,587,22,NULL,1),(455,130676,346,500,NULL,1),(456,640867,678,334,NULL,1),(457,642047,431,361,'2025-07-26 21:54:06',1),(458,233335,919,114,NULL,0),(459,618056,655,477,'2025-07-26 12:20:48',1),(460,394899,68,292,'2025-07-26 00:44:12',1),(461,545952,786,346,NULL,1),(462,806515,391,425,NULL,1),(463,531175,828,176,NULL,1),(464,806515,229,236,'2025-07-26 19:33:42',1),(465,127697,513,369,NULL,1),(466,353168,924,89,'2025-07-26 18:10:24',1),(467,161769,695,315,NULL,1),(468,573022,473,423,NULL,1),(469,562958,784,251,NULL,1),(470,959122,825,24,'2025-07-26 03:38:36',1),(471,957476,371,37,NULL,1),(472,149433,344,390,NULL,1),(473,984678,197,393,NULL,1),(474,886180,782,65,'2025-07-26 19:33:36',1),(475,781385,123,207,'2025-07-26 06:13:00',1),(476,524726,464,146,'2025-07-26 09:46:06',1),(477,918710,235,78,'2025-07-26 08:38:42',1),(478,918605,190,240,'2025-07-26 00:11:18',1),(479,918901,715,314,'2025-07-26 04:22:54',1),(480,986803,452,96,NULL,1),(481,716300,988,354,NULL,1),(482,496915,561,490,NULL,1),(483,482841,753,21,'2025-07-26 04:07:48',1),(484,721692,884,282,NULL,1),(485,712216,116,275,'2025-07-26 06:30:00',1),(486,392618,181,221,NULL,1),(487,369304,334,465,NULL,1),(488,312414,236,399,'2025-07-26 18:51:42',1),(489,939566,838,103,'2025-07-26 16:45:36',1),(490,932942,360,449,NULL,1),(491,178476,694,210,'2025-07-26 20:24:00',1),(492,221412,205,78,NULL,1),(493,994983,16,262,NULL,1),(494,992416,166,289,NULL,1),(495,730556,404,124,'2025-07-26 17:20:24',1),(496,846102,624,333,'2025-07-26 06:20:00',1),(497,790154,778,165,NULL,1),(498,177411,203,215,NULL,1),(499,910932,824,356,NULL,1),(500,465595,306,185,NULL,1),(501,140937,435,464,'2025-07-26 12:58:48',1),(502,266711,698,270,NULL,1),(503,724414,73,299,NULL,1),(504,608483,453,156,NULL,1),(505,933473,926,143,NULL,1),(506,496915,442,288,'2025-07-26 01:39:48',1),(507,206043,549,413,NULL,1),(508,145270,903,201,NULL,1),(509,918605,714,69,'2025-07-26 17:19:24',1),(510,520198,463,75,NULL,1),(511,662879,996,412,'2025-07-26 09:55:42',1),(512,802344,867,380,NULL,0),(513,862525,760,119,NULL,1),(514,855845,225,73,'2025-07-26 10:16:54',1),(515,968744,899,382,NULL,1),(516,165878,230,306,NULL,1),(517,662879,385,75,NULL,1),(518,854133,516,362,'2025-07-26 09:33:12',1),(519,768390,653,409,NULL,1),(520,449192,861,346,NULL,1),(521,278450,572,437,'2025-07-26 13:50:24',1),(522,848469,336,170,'2025-07-26 15:30:36',1),(523,597505,734,178,NULL,1),(524,623248,762,257,NULL,1),(525,142537,873,436,NULL,1),(526,599038,300,398,NULL,1),(527,445958,990,237,NULL,1),(528,715531,494,325,NULL,1),(529,262641,603,86,'2025-07-26 22:16:42',1),(530,943393,861,464,NULL,1),(531,597505,968,365,'2025-07-26 01:10:36',1),(532,284063,606,282,NULL,1),(533,920879,114,289,NULL,1),(534,547839,551,137,'2025-07-26 11:31:30',1),(535,304794,609,6,NULL,1),(536,385089,352,266,NULL,0),(537,525664,970,294,NULL,0),(538,792623,732,424,NULL,1),(539,960168,613,184,NULL,1),(540,524726,519,248,'2025-07-26 15:24:24',1),(541,142347,654,336,'2025-07-26 21:57:36',0),(542,663869,421,272,'2025-07-26 11:12:48',1),(543,531175,825,456,NULL,1),(544,342889,847,60,NULL,1),(545,126133,638,478,'2025-07-26 14:54:00',1),(546,517213,672,259,'2025-07-26 10:21:18',1),(547,869221,546,39,NULL,1),(548,865712,876,225,NULL,1),(549,335732,359,355,NULL,1),(550,109347,183,210,NULL,1),(551,413424,12,10,NULL,1),(552,464366,277,418,'2025-07-26 20:36:06',1),(553,512461,376,439,NULL,1),(554,596587,936,81,NULL,1),(555,620456,278,435,NULL,1),(556,426751,305,20,'2025-07-26 07:09:06',0),(557,781581,28,221,NULL,1),(558,756916,460,178,NULL,1),(559,279414,563,371,'2025-07-26 17:24:48',1),(560,950421,542,157,NULL,1),(561,912391,527,35,'2025-07-26 14:07:06',1),(562,512461,519,91,NULL,1),(563,289311,123,152,NULL,1),(564,302361,757,67,NULL,1),(565,343764,696,168,NULL,1),(566,968810,707,244,'2025-07-26 03:22:06',1),(567,891092,424,365,NULL,1),(568,703047,552,414,'2025-07-26 01:56:00',1),(569,646843,641,470,'2025-07-26 21:07:42',1),(570,718191,65,344,NULL,1),(571,802344,110,120,NULL,1),(572,785346,540,209,NULL,1),(573,891930,152,336,'2025-07-26 18:16:00',1),(574,918901,526,296,NULL,1),(575,493092,121,174,NULL,1),(576,563052,51,442,'2025-07-26 05:54:30',1),(577,132874,772,178,NULL,1),(578,273042,357,24,NULL,1),(579,165878,338,390,NULL,1),(580,215714,623,291,'2025-07-26 16:57:42',1),(581,805775,927,235,'2025-07-26 18:44:36',1),(582,690831,142,293,'2025-07-26 22:24:54',1),(583,512461,88,195,NULL,1),(584,167072,255,37,NULL,1),(585,481010,323,27,'2025-07-26 08:59:42',1),(586,806515,105,39,NULL,1),(587,968744,104,147,NULL,1),(588,301108,429,175,NULL,1),(589,969466,5,325,NULL,1),(590,959182,686,29,'2025-07-26 22:10:36',0),(591,869221,289,22,'2025-07-26 21:13:06',1),(592,702347,407,28,'2025-07-26 23:26:12',1),(593,125280,164,220,NULL,1),(594,447566,839,365,NULL,1),(595,757216,707,412,NULL,1),(596,343764,697,405,'2025-07-26 08:58:12',1),(597,102106,910,210,NULL,1),(598,573022,179,405,'2025-07-26 22:23:54',1),(599,665978,6,88,'2025-07-26 02:21:36',1),(600,542389,182,293,NULL,1),(601,823563,169,61,'2025-07-26 02:22:06',1),(602,730556,700,309,'2025-07-26 15:35:18',1),(603,907196,727,113,NULL,1),(604,912442,172,44,'2025-07-26 08:19:42',1),(605,918807,716,374,'2025-07-26 16:06:48',1),(606,839473,219,402,NULL,1),(607,662879,199,225,'2025-07-26 19:18:06',1),(608,553606,387,203,NULL,1),(609,465595,325,346,NULL,1),(610,101688,464,500,NULL,1),(611,284063,976,77,'2025-07-26 16:30:18',0),(612,865307,115,314,'2025-07-26 08:54:30',1),(613,278072,26,196,NULL,1),(614,865712,440,39,NULL,1),(615,547839,134,112,'2025-07-26 19:07:48',1),(616,596587,467,441,NULL,1),(617,923809,797,243,NULL,1),(618,102023,924,365,'2025-07-26 13:10:12',1),(619,784246,56,239,NULL,0),(620,332361,696,279,NULL,1),(621,329091,816,229,NULL,1),(622,568764,123,76,'2025-07-26 20:43:30',1),(623,325640,150,302,NULL,1),(624,339643,428,440,NULL,1),(625,197599,256,193,NULL,1),(626,262641,521,402,NULL,1),(627,932942,236,379,NULL,1),(628,197599,572,178,'2025-07-26 15:09:54',1),(629,544582,719,245,'2025-07-26 10:46:12',1),(630,616728,975,52,NULL,1),(631,907196,305,225,NULL,1),(632,332762,683,110,NULL,1),(633,865712,203,96,NULL,0),(634,648138,700,3,'2025-07-26 22:32:30',1),(635,690831,463,76,NULL,1),(636,165878,125,195,NULL,1),(637,974651,861,257,NULL,1),(638,847482,993,156,'2025-07-26 18:15:12',1),(639,354993,682,12,'2025-07-26 14:15:36',1),(640,218381,457,169,NULL,1),(641,646843,249,348,NULL,1),(642,756144,260,106,'2025-07-26 01:28:36',1),(643,342503,76,193,'2025-07-26 20:36:18',1),(644,742541,20,487,NULL,1),(645,848469,880,58,NULL,1),(646,363028,912,175,'2025-07-26 13:40:36',0),(647,405344,895,48,'2025-07-26 18:18:48',1),(648,860481,649,420,NULL,1),(649,142237,463,90,'2025-07-26 18:41:42',1),(650,633917,590,441,NULL,1),(651,533753,92,369,NULL,1),(652,342503,422,106,'2025-07-26 09:01:24',1),(653,846270,839,125,NULL,1),(654,700634,694,396,'2025-07-26 19:05:24',1),(655,304408,873,349,NULL,1),(656,270269,614,440,'2025-07-26 00:46:00',1),(657,142263,360,352,NULL,1),(658,466940,731,2,NULL,1),(659,211282,986,481,NULL,1),(660,664709,894,485,NULL,1),(661,882939,500,438,NULL,1),(662,654523,552,83,NULL,1),(663,102023,730,384,'2025-07-26 12:20:24',1),(664,783804,731,124,NULL,1),(665,781209,431,26,NULL,1),(666,423125,648,484,'2025-07-26 18:43:00',1),(667,549361,186,306,NULL,1),(668,626883,633,157,'2025-07-26 18:07:00',0),(669,140937,130,343,'2025-07-26 07:33:12',1),(670,342503,82,304,'2025-07-26 18:19:12',1),(671,974651,961,82,'2025-07-26 13:07:24',1),(672,381632,221,353,'2025-07-26 06:34:06',1),(673,984678,376,411,'2025-07-26 00:58:24',1),(674,149433,516,42,NULL,1),(675,363028,301,192,NULL,1),(676,688573,938,358,'2025-07-26 14:14:54',1),(677,285598,220,139,'2025-07-26 10:30:36',1),(678,618056,528,330,'2025-07-26 20:18:24',1),(679,426751,323,14,NULL,1),(680,354993,275,98,NULL,1),(681,225295,628,321,'2025-07-26 11:38:12',1),(682,918807,807,54,'2025-07-26 06:05:00',0),(683,126133,397,272,NULL,1),(684,167072,193,141,NULL,1),(685,875260,662,447,NULL,1),(686,304849,529,113,NULL,1),(687,392618,17,95,NULL,1),(688,992416,971,380,NULL,1),(689,715531,742,151,NULL,1),(690,267090,452,279,'2025-07-26 15:58:06',1),(691,693875,120,13,NULL,1),(692,731213,698,340,'2025-07-26 00:29:48',1),(693,332057,775,428,'2025-07-26 09:03:24',1),(694,858198,972,272,NULL,1),(695,194595,154,193,NULL,1),(696,332762,303,438,'2025-07-26 01:43:54',1),(697,259486,577,217,'2025-07-26 20:37:24',1),(698,273308,707,408,'2025-07-26 18:03:54',1),(699,142537,415,279,'2025-07-26 12:04:48',1),(700,549361,490,328,'2025-07-26 10:36:54',1),(701,107171,695,62,NULL,1),(702,237268,826,414,'2025-07-26 20:45:18',1),(703,773663,130,182,NULL,1),(704,642667,620,234,NULL,1),(705,628668,69,305,NULL,1),(706,136888,816,161,'2025-07-26 19:36:18',1),(707,733216,109,484,NULL,1),(708,723573,73,111,NULL,1),(709,267626,746,452,'2025-07-26 20:01:00',1),(710,246651,719,352,NULL,1),(711,459569,112,89,'2025-07-26 08:22:24',1),(712,278745,628,393,NULL,1),(713,276171,199,87,'2025-07-26 21:30:54',1),(714,616728,271,238,NULL,1),(715,562958,637,305,'2025-07-26 03:15:24',1),(716,544582,848,300,'2025-07-26 13:27:54',1),(717,976203,979,125,NULL,1),(718,731612,813,22,NULL,1),(719,124876,488,64,NULL,1),(720,918901,193,413,NULL,1),(721,950421,306,367,NULL,0),(722,464362,293,495,NULL,1),(723,985973,973,228,'2025-07-26 08:53:06',1),(724,618056,381,476,NULL,1),(725,882939,576,246,NULL,1),(726,278450,948,292,'2025-07-26 03:52:12',1),(727,278745,118,95,NULL,1),(728,489801,57,3,'2025-07-26 17:21:12',1),(729,976203,206,317,NULL,1),(730,784246,101,222,NULL,1),(731,126133,218,265,NULL,1),(732,332057,921,12,NULL,1),(733,215883,640,416,'2025-07-26 15:09:12',1),(734,132874,444,249,NULL,1),(735,700634,719,210,NULL,1),(736,617300,423,397,NULL,1),(737,219406,50,470,NULL,1),(738,616728,360,286,NULL,1),(739,325640,658,236,'2025-07-26 00:46:06',1),(740,219406,495,103,'2025-07-26 17:44:18',1),(741,464366,13,322,NULL,0),(742,289061,957,382,NULL,1),(743,284063,807,18,'2025-07-26 15:47:12',1),(744,544683,903,159,NULL,1),(745,397949,935,3,'2025-07-26 05:00:48',1),(746,278450,638,169,'2025-07-26 05:00:12',1),(747,449192,168,290,'2025-07-26 11:36:24',1),(748,664709,59,270,'2025-07-26 20:23:36',1),(749,145419,108,81,'2025-07-26 14:16:54',1),(750,985973,575,200,'2025-07-26 16:17:18',1),(751,736402,771,25,NULL,1),(752,912391,558,62,'2025-07-26 16:28:06',1),(753,545759,864,407,'2025-07-26 09:27:18',1),(754,178476,134,333,'2025-07-26 00:12:36',1),(755,258311,869,225,'2025-07-26 22:38:30',1),(756,832368,646,116,NULL,1),(757,726144,811,396,'2025-07-26 02:21:30',1),(758,524726,54,115,'2025-07-26 04:10:54',1),(759,965973,19,296,'2025-07-26 07:43:48',1),(760,589266,248,417,NULL,1),(761,313071,478,262,'2025-07-26 03:43:42',1),(762,633917,977,205,NULL,1),(763,210200,370,48,NULL,1),(764,431096,581,160,NULL,1),(765,533753,613,256,NULL,1),(766,156059,76,320,NULL,1),(767,874299,364,43,NULL,1),(768,882208,257,243,'2025-07-26 20:02:24',1),(769,646843,865,498,NULL,1),(770,385089,156,437,'2025-07-26 11:57:06',1),(771,183571,454,149,NULL,1),(772,533753,937,401,'2025-07-26 01:48:54',1),(773,270269,229,219,NULL,1),(774,191947,79,224,NULL,1),(775,193195,834,381,NULL,1),(776,149433,86,453,NULL,1),(777,813261,83,359,'2025-07-26 02:39:42',1),(778,771452,818,77,'2025-07-26 08:10:30',1),(779,197599,595,111,NULL,1),(780,861689,581,117,NULL,1),(781,538136,784,455,NULL,1),(782,859857,598,76,'2025-07-26 19:08:30',0),(783,464362,44,303,NULL,1),(784,243838,156,29,'2025-07-26 18:18:18',1),(785,650695,192,93,NULL,1),(786,273148,49,499,'2025-07-26 14:44:00',1),(787,329091,484,376,'2025-07-26 01:56:48',1),(788,126546,3,350,'2025-07-26 16:04:54',1),(789,553606,580,86,'2025-07-26 00:31:06',0),(790,695822,684,17,'2025-07-26 23:21:24',1),(791,707848,916,247,NULL,0),(792,959122,170,440,'2025-07-26 19:45:00',1),(793,392618,781,296,NULL,1),(794,921341,322,227,NULL,1),(795,977008,605,91,'2025-07-26 08:01:06',1),(796,618056,407,158,NULL,1),(797,723573,972,256,NULL,1),(798,717805,366,180,NULL,1),(799,531175,429,162,NULL,1),(800,221412,975,35,NULL,1),(801,266813,861,385,NULL,1),(802,919601,125,112,NULL,1),(803,206043,638,380,NULL,1),(804,716509,373,220,'2025-07-26 22:29:30',1),(805,553606,81,411,NULL,1),(806,866450,171,40,'2025-07-26 22:37:24',1),(807,191947,329,195,NULL,1),(808,263426,504,490,'2025-07-26 20:34:30',1),(809,716509,587,130,'2025-07-26 09:43:42',1),(810,599038,340,146,NULL,1),(811,597505,657,27,NULL,1),(812,631998,528,79,'2025-07-26 05:32:24',1),(813,733490,938,211,NULL,1),(814,679337,732,416,'2025-07-26 19:27:30',1),(815,520198,39,495,NULL,1),(816,749920,922,102,'2025-07-26 22:15:18',1),(817,177411,294,133,'2025-07-26 14:24:06',1),(818,524726,979,434,'2025-07-26 19:29:24',1),(819,215714,110,323,NULL,1),(820,896180,891,313,NULL,1),(821,796365,768,474,NULL,1),(822,397949,114,298,NULL,1),(823,166701,330,34,NULL,1),(824,984678,42,271,NULL,1),(825,907196,982,134,NULL,1),(826,125280,818,51,NULL,1),(827,265756,985,432,'2025-07-26 21:51:30',1),(828,273308,331,164,NULL,1),(829,434982,81,296,NULL,1),(830,966334,252,244,NULL,1),(831,545031,17,17,NULL,1),(832,968744,794,163,NULL,1),(833,496323,999,218,NULL,1),(834,445958,343,495,NULL,1),(835,127697,350,228,NULL,1),(836,730556,183,423,'2025-07-26 02:08:36',1),(837,127073,760,308,NULL,1),(838,896180,174,407,NULL,1),(839,736402,998,253,NULL,1),(840,110406,487,429,NULL,1),(841,640867,990,65,'2025-07-26 00:14:06',1),(842,150555,38,78,'2025-07-26 05:38:00',1),(843,266711,982,280,NULL,1),(844,806515,690,234,NULL,1),(845,243838,321,431,'2025-07-26 06:12:36',1),(846,415959,115,128,'2025-07-26 08:24:42',0),(847,525664,307,402,NULL,1),(848,957570,127,359,'2025-07-26 12:49:12',1),(849,481010,712,207,NULL,1),(850,778853,71,182,NULL,1),(851,267090,580,198,'2025-07-26 12:44:48',1),(852,273042,606,10,NULL,1),(853,237268,106,295,'2025-07-26 18:32:54',1),(854,679337,700,18,NULL,1),(855,991109,346,223,NULL,1),(856,617300,91,150,NULL,1),(857,617300,500,163,NULL,1),(858,120400,614,360,NULL,1),(859,482841,735,99,'2025-07-26 02:03:18',0),(860,405144,713,364,'2025-07-26 15:13:54',1),(861,912674,119,33,NULL,1),(862,847482,766,298,'2025-07-26 11:13:06',1),(863,847482,443,54,'2025-07-26 10:22:30',1),(864,626883,136,319,NULL,1),(865,169397,666,349,NULL,1),(866,346238,166,111,'2025-07-26 06:39:06',1),(867,547839,923,75,NULL,1),(868,750586,660,483,NULL,1),(869,562958,571,466,NULL,1),(870,674253,234,380,NULL,1),(871,768390,701,127,NULL,1),(872,161769,342,297,NULL,1),(873,149433,538,365,NULL,1),(874,222328,820,345,NULL,1),(875,731213,917,300,'2025-07-26 14:08:24',1),(876,106146,365,385,NULL,1),(877,921884,731,439,NULL,1),(878,218381,820,169,NULL,1),(879,857288,259,248,NULL,1),(880,724414,490,239,NULL,1),(881,910932,129,35,NULL,1),(882,239917,545,304,NULL,1),(883,496323,975,159,NULL,1),(884,716300,991,458,'2025-07-26 02:26:48',1),(885,346901,528,417,NULL,1),(886,938521,134,64,NULL,1),(887,251434,21,330,'2025-07-26 01:11:18',1),(888,620456,998,281,'2025-07-26 13:28:12',1),(889,166701,851,104,NULL,1),(890,693875,395,439,'2025-07-26 02:56:12',1),(891,447566,552,394,'2025-07-26 03:30:06',0),(892,220192,915,394,'2025-07-26 10:39:54',1),(893,340644,108,60,'2025-07-26 09:52:42',1),(894,547239,515,351,NULL,1),(895,326547,379,413,NULL,1),(896,210200,759,9,'2025-07-26 21:33:00',1),(897,145419,783,414,NULL,1),(898,223412,232,144,NULL,1),(899,750415,223,383,'2025-07-26 08:58:00',1),(900,178476,167,373,'2025-07-26 23:17:30',1),(901,582393,570,288,NULL,1),(902,823236,377,307,NULL,1),(903,753483,892,312,NULL,1),(904,225009,511,489,'2025-07-26 17:18:24',1),(905,156059,92,295,NULL,0),(906,942532,327,288,NULL,1),(907,118675,170,356,NULL,1),(908,225284,413,500,NULL,1),(909,778853,34,455,'2025-07-26 20:01:06',1),(910,896180,277,344,NULL,1),(911,733490,571,125,NULL,1),(912,362339,613,238,'2025-07-26 12:43:00',1),(913,302426,857,306,NULL,1),(914,466940,439,416,'2025-07-26 17:12:12',1),(915,289061,62,403,NULL,1),(916,860481,800,7,'2025-07-26 19:52:36',1),(917,156059,841,113,NULL,1),(918,882208,647,292,'2025-07-26 03:39:24',1),(919,286919,70,186,'2025-07-26 05:39:30',1),(920,478894,657,25,'2025-07-26 04:36:42',1),(921,350668,729,184,'2025-07-26 13:22:42',1),(922,920879,48,249,NULL,1),(923,527742,218,471,'2025-07-26 07:35:12',1),(924,768390,239,479,'2025-07-26 23:46:36',1),(925,565165,824,401,'2025-07-26 14:57:54',1),(926,206043,119,3,'2025-07-26 02:20:18',1),(927,800558,451,75,'2025-07-26 20:33:18',1),(928,724144,399,409,NULL,1),(929,582393,46,407,'2025-07-26 20:33:30',1),(930,771452,807,165,'2025-07-26 19:56:12',0),(931,582393,244,14,'2025-07-26 16:40:48',1),(932,443269,863,402,'2025-07-26 19:26:24',1),(933,357070,495,249,NULL,1),(934,865712,370,158,NULL,1),(935,437427,979,117,'2025-07-26 03:16:06',1),(936,194184,691,328,'2025-07-26 00:31:48',1),(937,918901,203,1,NULL,1),(938,278362,317,30,'2025-07-26 11:53:36',1),(939,628668,953,113,'2025-07-26 06:06:54',1),(940,912391,951,239,NULL,1),(941,192453,200,10,'2025-07-26 18:23:18',1),(942,563052,625,35,NULL,1),(943,332057,369,193,NULL,1),(944,449192,892,439,NULL,0),(945,539725,851,154,'2025-07-26 07:13:48',1),(946,544683,995,428,NULL,1),(947,521681,100,38,NULL,1),(948,461301,816,125,'2025-07-26 02:48:00',1),(949,124876,84,389,NULL,1),(950,408448,455,404,NULL,1),(951,362339,441,236,'2025-07-26 04:07:42',1),(952,921341,224,391,NULL,1),(953,978433,254,133,NULL,1),(954,945168,50,488,NULL,1),(955,748756,730,120,NULL,1),(956,562958,728,239,NULL,1),(957,346901,583,257,NULL,1),(958,882939,242,141,NULL,1),(959,273042,377,207,NULL,1),(960,270886,648,99,NULL,1),(961,912674,387,260,'2025-07-26 13:23:18',0),(962,607556,729,243,NULL,1),(963,313071,917,294,'2025-07-26 04:50:48',1),(964,549427,89,441,NULL,1),(965,217105,276,322,NULL,1),(966,517213,892,285,NULL,1),(967,206043,186,392,NULL,1),(968,737012,139,112,'2025-07-26 14:34:24',1),(969,113126,466,5,'2025-07-26 05:59:00',1),(970,321588,167,67,NULL,1),(971,939566,7,406,'2025-07-26 22:27:48',1),(972,326547,491,43,'2025-07-26 13:26:48',1),(973,630171,284,358,NULL,1),(974,882208,298,269,'2025-07-26 13:59:12',1),(975,192453,626,9,'2025-07-26 00:39:18',1),(976,481874,676,132,NULL,1),(977,912391,465,406,'2025-07-26 18:51:30',1),(978,597505,556,494,'2025-07-26 09:58:48',1),(979,265756,272,202,NULL,1),(980,225284,762,385,NULL,1),(981,959182,447,278,NULL,1),(982,901983,765,98,NULL,1),(983,215714,97,79,'2025-07-26 04:44:30',0),(984,882208,486,281,'2025-07-26 22:56:24',1),(985,178476,203,452,NULL,1),(986,975413,351,466,'2025-07-26 06:48:48',1),(987,183720,203,257,'2025-07-26 10:08:48',1),(988,617300,814,306,'2025-07-26 02:08:06',1),(989,449192,126,193,NULL,1),(990,563052,245,107,'2025-07-26 01:59:48',1),(991,279414,592,435,NULL,1),(992,346238,515,31,NULL,1),(993,219406,269,332,NULL,1),(994,262641,613,219,NULL,1),(995,977008,957,190,NULL,1),(996,873824,8,233,'2025-07-26 16:34:30',1),(997,976203,941,282,'2025-07-26 11:53:54',1),(998,681619,509,133,NULL,0),(999,142263,802,337,NULL,1),(1000,289061,957,338,'2025-07-26 23:42:30',1),(1001,848469,927,199,NULL,1),(1002,492904,510,234,'2025-07-26 18:17:48',1),(1003,360610,394,189,NULL,1),(1004,279414,6,173,'2025-07-26 04:31:24',1),(1005,464060,958,311,'2025-07-26 19:39:30',1),(1006,912442,952,476,'2025-07-26 18:49:54',1),(1007,544582,779,461,'2025-07-26 18:12:54',1),(1008,950421,478,258,'2025-07-26 04:33:54',1),(1009,538136,381,270,NULL,1),(1010,350668,319,17,NULL,1),(1011,720230,194,255,'2025-07-26 03:46:42',1),(1012,994983,924,109,NULL,1),(1013,193195,493,2,'2025-07-26 00:30:54',1),(1014,618056,751,230,'2025-07-26 15:12:18',1),(1015,176588,806,92,'2025-07-26 02:12:36',1),(1016,781581,89,102,NULL,1),(1017,461301,290,278,'2025-07-26 17:04:54',1),(1018,136888,615,107,NULL,1),(1019,357070,276,144,'2025-07-26 06:59:48',1),(1020,340644,543,307,'2025-07-26 05:55:54',1),(1021,373069,550,292,NULL,1),(1022,725418,660,444,NULL,1),(1023,255538,452,20,NULL,1),(1024,102106,321,207,'2025-07-26 15:24:06',1),(1025,312414,301,185,NULL,1),(1026,142237,42,268,NULL,1),(1027,669175,962,401,'2025-07-26 12:32:48',1),(1028,328815,654,379,'2025-07-26 06:56:24',1),(1029,289061,756,292,NULL,1),(1030,731612,314,240,NULL,1),(1031,142237,489,302,'2025-07-26 05:08:18',1),(1032,434764,391,142,'2025-07-26 13:04:18',1),(1033,549427,493,479,NULL,1),(1034,178476,848,340,NULL,1),(1035,357070,64,201,'2025-07-26 23:35:48',1),(1036,381705,706,49,NULL,1),(1037,669175,803,291,NULL,1),(1038,130676,653,457,NULL,1),(1039,276171,548,24,NULL,1),(1040,873824,624,262,NULL,1),(1041,531175,341,87,NULL,1),(1042,328532,125,410,'2025-07-26 06:18:48',1),(1043,124876,327,353,NULL,1),(1044,454569,594,42,'2025-07-26 20:30:12',1),(1045,573022,200,266,NULL,1),(1046,832368,259,485,'2025-07-26 19:15:24',1),(1047,794486,70,405,NULL,1),(1048,130676,239,70,'2025-07-26 17:32:24',1),(1049,870797,827,301,NULL,1),(1050,459569,351,425,'2025-07-26 07:28:24',1),(1051,218381,706,267,NULL,1),(1052,717805,234,188,'2025-07-26 20:31:06',1),(1053,781209,581,5,NULL,1),(1054,110773,161,387,NULL,1),(1055,844547,689,171,'2025-07-26 16:20:54',1),(1056,124876,230,411,NULL,1),(1057,106059,177,431,NULL,1),(1058,924197,424,69,'2025-07-26 10:25:12',1),(1059,351676,364,365,'2025-07-26 08:57:24',1),(1060,106146,380,147,NULL,1),(1061,286919,748,495,NULL,0),(1062,573360,238,463,NULL,1),(1063,516875,573,336,NULL,1),(1064,958338,163,274,'2025-07-26 19:31:48',1),(1065,381632,681,259,'2025-07-26 18:58:48',1),(1066,496915,279,494,NULL,1),(1067,183720,198,384,'2025-07-26 03:51:06',1),(1068,882208,403,37,NULL,1),(1069,932942,373,343,'2025-07-26 02:40:42',1),(1070,753483,48,131,'2025-07-26 12:17:30',1),(1071,941400,687,446,NULL,1),(1072,285598,719,16,'2025-07-26 10:52:54',1),(1073,266813,874,155,NULL,1),(1074,276171,776,226,'2025-07-26 01:48:30',1),(1075,150555,652,84,'2025-07-26 04:19:48',1),(1076,125280,569,94,'2025-07-26 19:43:30',1),(1077,492904,724,315,NULL,1),(1078,466940,605,491,NULL,1),(1079,839134,480,115,NULL,1),(1080,328815,829,309,NULL,1),(1081,304849,58,465,'2025-07-26 03:51:30',1),(1082,880473,53,119,NULL,1),(1083,312414,511,463,NULL,1),(1084,542389,816,475,NULL,1),(1085,848469,789,341,'2025-07-26 13:38:42',1),(1086,869221,937,91,NULL,1),(1087,781209,573,291,NULL,1),(1088,140937,377,119,'2025-07-26 14:48:00',1),(1089,206328,295,253,'2025-07-26 09:33:36',1),(1090,110773,705,82,'2025-07-26 16:08:36',1),(1091,289311,526,240,NULL,1),(1092,466940,215,237,NULL,1),(1093,225284,650,377,'2025-07-26 11:52:06',1),(1094,766398,726,267,'2025-07-26 09:20:12',1),(1095,304794,801,237,'2025-07-26 19:38:06',1),(1096,630171,145,188,NULL,1),(1097,662879,606,355,'2025-07-26 03:11:18',1),(1098,606888,317,333,NULL,1),(1099,912391,246,58,NULL,1),(1100,684170,436,153,'2025-07-26 20:03:30',1),(1101,957570,631,306,NULL,1),(1102,478894,556,456,'2025-07-26 13:29:06',1),(1103,766398,116,427,'2025-07-26 12:04:54',0),(1104,343764,677,139,NULL,1),(1105,631998,947,26,'2025-07-26 03:30:12',1),(1106,197599,569,185,'2025-07-26 07:54:12',1),(1107,638387,582,32,'2025-07-26 17:00:24',1),(1108,790154,268,386,NULL,1),(1109,276171,972,260,NULL,1),(1110,176521,487,33,NULL,1),(1111,918605,875,466,NULL,1),(1112,766398,122,232,NULL,1),(1113,960168,495,463,NULL,1),(1114,161769,434,453,NULL,1),(1115,599038,40,237,'2025-07-26 18:29:48',1),(1116,186222,302,331,'2025-07-26 16:03:42',1),(1117,723573,242,149,NULL,1),(1118,842595,938,410,NULL,1),(1119,440795,172,144,'2025-07-26 02:36:54',1),(1120,731612,350,94,'2025-07-26 06:53:24',1),(1121,276171,254,156,'2025-07-26 13:08:00',1),(1122,381705,479,358,'2025-07-26 01:15:54',0),(1123,145419,45,247,'2025-07-26 14:24:18',1),(1124,270886,832,221,'2025-07-26 03:28:36',1),(1125,616728,497,191,NULL,1),(1126,781385,67,348,'2025-07-26 07:51:42',1),(1127,342889,747,265,'2025-07-26 01:40:48',1),(1128,750586,51,418,NULL,1),(1129,861689,373,440,NULL,1),(1130,454569,679,14,'2025-07-26 02:00:18',1),(1131,284063,327,100,NULL,1),(1132,924543,69,294,NULL,1),(1133,950421,532,400,'2025-07-26 01:26:54',1),(1134,907196,739,211,'2025-07-26 21:24:42',1),(1135,243838,234,378,'2025-07-26 02:43:42',1),(1136,152017,183,470,NULL,1),(1137,124876,22,416,NULL,1),(1138,959122,915,161,NULL,1),(1139,302426,792,60,'2025-07-26 07:01:54',1),(1140,901983,999,415,NULL,0),(1141,273148,55,246,'2025-07-26 11:00:00',1),(1142,233335,901,425,NULL,1),(1143,992416,237,262,NULL,1),(1144,781581,697,206,NULL,1),(1145,496323,14,236,NULL,1),(1146,533753,873,56,NULL,1),(1147,211282,709,417,NULL,1),(1148,982329,485,105,'2025-07-26 05:06:30',1),(1149,899690,617,236,'2025-07-26 13:11:00',1),(1150,770348,533,218,NULL,1),(1151,981087,208,15,NULL,1),(1152,927372,82,283,NULL,1),(1153,325640,762,344,NULL,1),(1154,907196,307,424,NULL,1),(1155,533753,669,50,'2025-07-26 11:54:54',1),(1156,885202,90,220,NULL,1),(1157,298585,17,290,NULL,1),(1158,270886,596,351,NULL,1),(1159,865307,917,425,NULL,1),(1160,716300,302,37,NULL,1),(1161,918901,821,315,'2025-07-26 17:04:42',1),(1162,723573,600,204,NULL,1),(1163,218381,965,35,'2025-07-26 12:19:36',1),(1164,563052,699,9,'2025-07-26 23:22:54',1),(1165,339643,97,88,NULL,0),(1166,142537,580,239,'2025-07-26 08:16:54',1),(1167,861689,926,221,'2025-07-26 23:40:48',1),(1168,860481,356,392,NULL,1),(1169,563052,662,307,'2025-07-26 02:25:06',1),(1170,764417,448,405,NULL,1),(1171,938521,683,277,NULL,1),(1172,748756,651,4,'2025-07-26 21:42:48',1),(1173,454569,661,243,NULL,1),(1174,618056,351,342,'2025-07-26 18:53:24',1),(1175,289311,965,158,NULL,1),(1176,813261,752,323,NULL,1),(1177,703269,7,431,'2025-07-26 13:20:18',1),(1178,663869,22,123,NULL,1),(1179,846270,374,110,NULL,1),(1180,783804,124,84,NULL,1),(1181,890309,227,216,'2025-07-26 05:39:00',1),(1182,938941,412,403,NULL,1),(1183,178476,907,33,'2025-07-26 16:03:30',1),(1184,899690,438,228,NULL,1),(1185,373069,169,151,NULL,1),(1186,725418,356,226,NULL,1),(1187,606263,300,305,NULL,1),(1188,623248,78,380,NULL,1),(1189,781385,271,343,'2025-07-26 10:47:36',1),(1190,496915,272,160,'2025-07-26 20:56:12',1),(1191,340644,157,283,NULL,1),(1192,650695,971,12,'2025-07-26 02:41:24',1),(1193,447566,936,330,NULL,1),(1194,950421,729,476,NULL,1),(1195,736402,614,221,NULL,1),(1196,726144,150,126,'2025-07-26 01:30:12',1),(1197,750586,213,123,NULL,1),(1198,359108,202,103,NULL,1),(1199,357833,834,58,NULL,1),(1200,464366,701,162,NULL,1),(1201,307937,115,19,NULL,1),(1202,908857,623,374,'2025-07-26 23:03:36',1),(1203,844547,289,383,'2025-07-26 10:22:18',1),(1204,385804,154,133,'2025-07-26 16:45:42',1),(1205,733216,246,415,'2025-07-26 07:05:42',1),(1206,312414,596,89,'2025-07-26 13:50:54',1),(1207,245284,112,207,NULL,1),(1208,733216,34,491,NULL,1),(1209,445958,10,35,NULL,1),(1210,939566,610,142,NULL,1),(1211,106403,555,123,'2025-07-26 05:10:54',1),(1212,343764,673,223,'2025-07-26 03:00:00',1),(1213,191947,624,146,NULL,1),(1214,693875,149,264,NULL,1),(1215,802344,529,109,NULL,1),(1216,627694,549,285,'2025-07-26 15:51:18',1),(1217,854133,888,213,NULL,1),(1218,492774,712,358,'2025-07-26 18:58:36',1),(1219,302426,507,63,NULL,1),(1220,522606,717,440,'2025-07-26 08:10:00',1),(1221,742673,437,306,'2025-07-26 19:29:48',1),(1222,426751,920,436,NULL,1),(1223,924197,457,243,'2025-07-26 03:20:48',1),(1224,730556,704,121,'2025-07-26 17:49:54',1),(1225,539820,997,199,NULL,1),(1226,724144,104,466,NULL,1),(1227,310181,60,306,'2025-07-26 00:06:18',1),(1228,487532,110,195,NULL,1),(1229,891092,378,273,'2025-07-26 14:08:48',1),(1230,923809,288,266,NULL,0),(1231,681619,35,226,NULL,0),(1232,796365,366,195,'2025-07-26 08:45:42',1),(1233,294470,951,74,NULL,1),(1234,531175,917,244,NULL,1),(1235,328532,719,196,NULL,1),(1236,865712,508,277,NULL,1),(1237,165878,113,52,NULL,1),(1238,783804,390,104,'2025-07-26 11:45:06',1),(1239,276171,260,394,'2025-07-26 07:41:54',1),(1240,267626,304,177,NULL,1),(1241,617300,319,277,'2025-07-26 02:55:54',1),(1242,490754,261,351,'2025-07-26 13:26:30',1),(1243,742673,760,403,NULL,1),(1244,218381,941,192,NULL,1),(1245,313802,51,367,'2025-07-26 11:46:48',1),(1246,487532,569,50,NULL,1),(1247,350032,16,318,'2025-07-26 10:22:42',1),(1248,191947,845,44,'2025-07-26 16:03:30',1),(1249,298585,975,349,NULL,1),(1250,219406,399,51,'2025-07-26 05:41:42',1),(1251,397949,384,422,NULL,1),(1252,206328,579,362,NULL,1),(1253,304408,278,213,NULL,1),(1254,192141,706,391,'2025-07-26 00:46:36',1),(1255,805775,398,151,NULL,1),(1256,215714,218,292,NULL,1),(1257,332189,31,93,NULL,1),(1258,545952,555,82,NULL,1),(1259,262641,416,370,'2025-07-26 13:08:36',1),(1260,309143,5,140,'2025-07-26 14:38:24',1),(1261,496323,549,162,'2025-07-26 11:56:42',1),(1262,741733,988,191,NULL,1),(1263,251434,428,109,NULL,1),(1264,781581,311,95,NULL,1),(1265,310181,870,86,'2025-07-26 22:41:06',1),(1266,233335,899,200,NULL,1),(1267,796365,118,261,'2025-07-26 20:28:24',1),(1268,951149,963,150,NULL,1),(1269,437427,418,235,'2025-07-26 17:47:06',1),(1270,957297,523,411,NULL,1),(1271,434982,512,223,NULL,1),(1272,225009,625,4,NULL,1),(1273,539820,74,60,NULL,1),(1274,204417,855,249,'2025-07-26 19:42:12',1),(1275,630171,824,159,'2025-07-26 07:23:48',1),(1276,276171,671,310,'2025-07-26 15:21:54',1),(1277,781546,9,416,NULL,1),(1278,220192,112,123,NULL,1),(1279,503012,912,296,'2025-07-26 06:09:42',1),(1280,594403,7,102,'2025-07-26 01:37:54',1),(1281,449192,110,68,NULL,1),(1282,920879,979,500,NULL,1),(1283,812713,956,454,NULL,1),(1284,329091,12,421,NULL,1),(1285,974651,70,161,NULL,1),(1286,880473,726,500,NULL,1),(1287,968810,963,35,NULL,1),(1288,489801,430,25,NULL,1),(1289,832368,286,394,'2025-07-26 17:48:42',1),(1290,860481,972,234,NULL,1),(1291,243838,120,406,'2025-07-26 15:37:42',1),(1292,304794,556,74,'2025-07-26 09:49:48',1),(1293,932942,885,218,NULL,1),(1294,405344,509,239,NULL,1),(1295,449192,946,176,'2025-07-26 14:56:36',1),(1296,784246,641,403,'2025-07-26 12:03:12',1),(1297,102475,642,409,NULL,1),(1298,304408,142,129,'2025-07-26 18:27:36',0),(1299,960784,800,40,'2025-07-26 09:28:48',1),(1300,790154,534,368,'2025-07-26 01:43:24',1),(1301,489801,4,358,'2025-07-26 20:10:48',1),(1302,278745,496,239,NULL,1),(1303,353168,996,483,'2025-07-26 10:38:06',1),(1304,510893,505,435,'2025-07-26 06:47:30',1),(1305,431096,795,284,NULL,1),(1306,582393,832,178,NULL,1),(1307,374452,94,358,NULL,1),(1308,346901,704,500,'2025-07-26 22:36:36',1),(1309,423125,764,378,'2025-07-26 14:37:24',1),(1310,464366,768,134,NULL,1),(1311,492493,263,444,'2025-07-26 15:41:00',1),(1312,911575,5,203,NULL,1),(1313,802344,48,486,'2025-07-26 00:47:18',1),(1314,921341,24,427,NULL,1),(1315,715531,877,280,'2025-07-26 03:59:24',0),(1316,289061,111,242,NULL,1),(1317,342503,202,392,'2025-07-26 20:48:54',1),(1318,832368,590,162,'2025-07-26 21:56:36',1),(1319,149433,489,167,NULL,1),(1320,860481,993,343,NULL,1),(1321,246201,22,77,'2025-07-26 12:26:18',1),(1322,974651,212,232,NULL,1),(1323,186222,336,313,'2025-07-26 08:30:54',1),(1324,662879,841,339,NULL,1),(1325,359108,788,395,'2025-07-26 19:25:18',1),(1326,267090,919,150,NULL,1),(1327,563052,91,468,NULL,1),(1328,960168,90,417,NULL,1),(1329,982329,29,32,NULL,0),(1330,847482,72,494,NULL,1),(1331,218381,945,112,'2025-07-26 00:16:54',0),(1332,882939,273,400,NULL,1),(1333,302361,279,497,NULL,1),(1334,981087,253,477,'2025-07-26 22:02:24',1),(1335,106146,886,287,NULL,1),(1336,218381,769,256,'2025-07-26 22:15:18',1),(1337,646843,440,238,NULL,1),(1338,813261,930,116,'2025-07-26 18:40:30',1),(1339,792623,521,44,NULL,1),(1340,693875,324,153,NULL,1),(1341,482841,697,119,'2025-07-26 11:54:18',1),(1342,426751,218,303,NULL,1),(1343,896180,453,369,NULL,1),(1344,263426,372,255,'2025-07-26 10:40:00',1),(1345,461301,909,393,NULL,1),(1346,481010,473,375,NULL,1),(1347,455782,970,17,'2025-07-26 10:07:36',1),(1348,266711,957,95,'2025-07-26 20:56:18',1),(1349,539725,134,454,NULL,1),(1350,520198,199,81,'2025-07-26 22:20:30',1),(1351,959182,86,194,'2025-07-26 23:07:00',1),(1352,633917,154,270,NULL,1),(1353,533753,468,223,NULL,1),(1354,547239,994,350,NULL,1),(1355,823236,946,453,'2025-07-26 15:51:30',1),(1356,823236,306,328,NULL,1),(1357,957570,686,225,'2025-07-26 10:18:12',1),(1358,562418,564,369,'2025-07-26 15:14:12',1),(1359,539725,532,97,NULL,1),(1360,465595,67,68,NULL,1),(1361,149433,389,341,'2025-07-26 10:46:30',1),(1362,455782,97,364,NULL,1),(1363,445958,631,65,NULL,0),(1364,841384,199,89,NULL,1),(1365,674253,710,23,NULL,1),(1366,350668,887,126,'2025-07-26 15:17:12',1),(1367,343764,346,153,'2025-07-26 17:50:00',1),(1368,127697,128,274,'2025-07-26 09:16:48',1),(1369,770348,809,352,'2025-07-26 16:44:30',1),(1370,609870,977,168,'2025-07-26 18:14:24',1),(1371,756916,522,45,'2025-07-26 19:13:54',1),(1372,848469,324,58,NULL,1),(1373,312414,134,244,'2025-07-26 20:49:24',1),(1374,259486,626,317,NULL,1),(1375,616728,663,278,NULL,1),(1376,211347,65,244,NULL,1),(1377,781546,137,395,NULL,0),(1378,192141,163,383,'2025-07-26 04:13:54',1),(1379,898189,700,222,NULL,1),(1380,545759,982,99,NULL,1),(1381,510987,90,233,'2025-07-26 16:19:42',0),(1382,434982,208,433,NULL,1),(1383,772288,326,189,NULL,1),(1384,346238,810,260,NULL,1),(1385,237268,869,94,NULL,1),(1386,945168,156,275,NULL,0),(1387,423125,594,13,NULL,1),(1388,582393,369,476,'2025-07-26 04:39:18',1),(1389,192453,632,471,NULL,1),(1390,626883,972,366,NULL,1),(1391,125280,202,424,NULL,1),(1392,464362,54,77,NULL,1),(1393,270269,523,309,'2025-07-26 22:23:48',1),(1394,481010,584,456,'2025-07-26 18:38:18',1),(1395,178476,687,282,'2025-07-26 00:30:30',1),(1396,663869,862,420,NULL,1),(1397,193195,868,431,'2025-07-26 18:11:42',1),(1398,346636,718,367,NULL,1),(1399,397949,685,270,'2025-07-26 19:14:36',1),(1400,544582,339,248,NULL,1),(1401,222328,982,261,'2025-07-26 07:13:06',1),(1402,342503,265,307,NULL,1),(1403,285598,287,270,NULL,1),(1404,923809,8,150,NULL,1),(1405,309143,642,255,'2025-07-26 02:07:06',1),(1406,510987,279,236,NULL,1),(1407,211282,44,95,NULL,1),(1408,918710,257,151,NULL,0),(1409,258311,786,78,'2025-07-26 16:16:48',1),(1410,267626,593,9,NULL,1),(1411,237268,180,310,'2025-07-26 23:46:48',1),(1412,647640,148,403,'2025-07-26 07:35:06',1),(1413,626883,91,322,NULL,1),(1414,927372,629,369,NULL,1),(1415,270269,3,201,'2025-07-26 08:23:48',1),(1416,169397,21,485,NULL,1),(1417,363028,702,47,NULL,1),(1418,855845,680,493,NULL,1),(1419,869221,877,414,NULL,1),(1420,712216,2,210,NULL,1),(1421,265756,617,478,'2025-07-26 13:23:30',1),(1422,405144,827,122,NULL,1),(1423,665978,372,42,NULL,1),(1424,434764,673,421,NULL,1),(1425,539820,896,247,NULL,1),(1426,279414,788,62,'2025-07-26 20:43:54',1),(1427,102475,525,477,NULL,1),(1428,910932,714,137,NULL,1),(1429,633917,573,424,NULL,1),(1430,326547,876,264,'2025-07-26 10:23:42',1),(1431,982329,39,359,NULL,1),(1432,573360,52,57,NULL,1),(1433,845842,489,442,NULL,1),(1434,307937,371,321,'2025-07-26 02:11:00',1),(1435,106403,427,144,'2025-07-26 06:10:18',1),(1436,346901,813,352,NULL,1),(1437,215714,423,233,'2025-07-26 14:24:00',1),(1438,565165,435,236,'2025-07-26 23:34:24',1),(1439,726144,913,145,NULL,1),(1440,312414,576,493,NULL,1),(1441,959122,306,24,'2025-07-26 17:37:48',1),(1442,392618,130,134,'2025-07-26 04:30:42',1),(1443,842595,227,51,NULL,1),(1444,449192,295,354,'2025-07-26 06:53:12',1),(1445,127697,754,18,NULL,1),(1446,310181,656,228,'2025-07-26 15:08:48',1),(1447,806515,881,230,'2025-07-26 04:41:30',1),(1448,642667,818,20,NULL,1),(1449,555576,767,392,'2025-07-26 18:04:24',1),(1450,796365,868,63,'2025-07-26 19:55:36',1),(1451,177411,299,70,NULL,1),(1452,527742,513,55,'2025-07-26 13:51:30',1),(1453,531554,341,90,NULL,1),(1454,773663,813,472,'2025-07-26 23:49:42',1),(1455,442950,23,222,NULL,1),(1456,313071,953,362,NULL,1),(1457,880473,869,303,NULL,1),(1458,573022,850,411,NULL,1),(1459,409228,449,436,NULL,1),(1460,110406,914,435,NULL,1),(1461,346636,629,47,'2025-07-26 18:44:48',1),(1462,896180,613,368,'2025-07-26 16:00:06',1),(1463,891092,531,282,NULL,1),(1464,730556,246,90,NULL,1),(1465,112765,135,3,NULL,1),(1466,938521,536,445,NULL,1),(1467,267090,80,20,'2025-07-26 02:28:18',1),(1468,140937,218,172,NULL,1),(1469,520198,614,128,'2025-07-26 14:47:42',1),(1470,531554,257,244,'2025-07-26 23:16:12',1),(1471,225009,605,78,NULL,0),(1472,866450,414,243,NULL,1),(1473,442950,134,269,NULL,1),(1474,921884,29,338,'2025-07-26 03:21:48',1),(1475,741733,107,226,'2025-07-26 00:25:24',1),(1476,423125,890,264,NULL,1),(1477,443269,572,83,NULL,1),(1478,339643,394,346,NULL,1),(1479,866450,345,331,'2025-07-26 00:16:18',1),(1480,165878,578,446,NULL,1),(1481,757216,77,64,'2025-07-26 20:01:42',1),(1482,415959,91,250,NULL,1),(1483,628668,444,45,NULL,1),(1484,623248,286,349,'2025-07-26 22:15:54',1),(1485,606263,869,200,NULL,1),(1486,918807,540,34,NULL,1),(1487,313802,880,379,NULL,1),(1488,715531,890,424,NULL,1),(1489,225284,983,111,NULL,1),(1490,270886,153,396,NULL,1),(1491,521681,754,471,NULL,1),(1492,354993,41,365,'2025-07-26 07:46:00',1),(1493,332057,74,51,NULL,1),(1494,555576,615,483,'2025-07-26 08:40:00',1),(1495,161769,668,407,NULL,0),(1496,426751,842,487,NULL,1),(1497,156059,944,30,NULL,1),(1498,415959,631,249,'2025-07-26 06:51:00',1),(1499,245284,267,310,NULL,1),(1500,267626,80,486,'2025-07-26 11:45:30',1);
/*!40000 ALTER TABLE `login_instance_data` ENABLE KEYS */;
UNLOCK TABLES;

--
-- Table structure for table `merchant_data`
--

DROP TABLE IF EXISTS `merchant_data`;
/*!40101 SET @saved_cs_client     = @@character_set_client */;
/*!50503 SET character_set_client = utf8mb4 */;
CREATE TABLE `merchant_data` (
  `party_id` int NOT NULL,
  `category_code` varchar(50) DEFAULT NULL,
  PRIMARY KEY (`party_id`),
  CONSTRAINT `merchant_data_ibfk_1` FOREIGN KEY (`party_id`) REFERENCES `party_table` (`party_id`)
) ENGINE=InnoDB DEFAULT CHARSET=utf8mb4 COLLATE=utf8mb4_0900_ai_ci;
/*!40101 SET character_set_client = @saved_cs_client */;

--
-- Dumping data for table `merchant_data`
--

LOCK TABLES `merchant_data` WRITE;
/*!40000 ALTER TABLE `merchant_data` DISABLE KEYS */;
INSERT INTO `merchant_data` VALUES (102023,'health'),(102106,'furniture'),(106059,'sports'),(106146,'health'),(106403,'food'),(109347,'books'),(110406,'beauty'),(110773,'automotive'),(112765,'books'),(113126,'beauty'),(125280,'health'),(126133,'furniture'),(126546,'electronic'),(127073,'travel'),(130676,'clothing'),(141729,'clothing'),(142237,'health'),(142263,'electronic'),(145419,'electronic'),(149433,'travel'),(167072,'furniture'),(169397,'health'),(176521,'beauty'),(177411,'electronic'),(186222,'beauty'),(187821,'travel'),(193195,'travel'),(194184,'books'),(197599,'clothing'),(206043,'books'),(211282,'food'),(215714,'electronic'),(215883,'furniture'),(217105,'travel'),(218381,'electronic'),(219406,'furniture'),(220192,'electronic'),(225284,'clothing'),(225295,'clothing'),(233335,'food'),(237268,'food'),(246201,'electronic'),(251434,'electronic'),(255538,'automotive'),(258311,'furniture'),(259486,'furniture'),(262641,'health'),(266711,'food'),(266813,'furniture'),(267090,'electronic'),(267626,'automotive'),(270269,'books'),(273042,'health'),(278072,'travel'),(286919,'furniture'),(289311,'health'),(302426,'furniture'),(304408,'food'),(304794,'travel'),(304849,'beauty'),(309143,'books'),(312414,'health'),(313071,'furniture'),(321588,'food'),(327694,'automotive'),(328532,'furniture'),(329091,'electronic'),(332057,'health'),(332189,'food'),(335732,'health'),(340644,'travel'),(342503,'electronic'),(343764,'beauty'),(346238,'sports'),(346636,'beauty'),(346901,'beauty'),(350032,'health'),(350668,'automotive'),(357833,'clothing'),(359108,'automotive'),(362339,'food'),(363598,'health'),(368754,'electronic'),(370507,'food'),(373069,'beauty'),(385089,'clothing'),(389547,'books'),(392618,'health'),(408448,'sports'),(409228,'sports'),(413424,'electronic'),(415959,'books'),(423125,'clothing'),(423471,'food'),(425661,'travel'),(431096,'furniture'),(434764,'electronic'),(440795,'furniture'),(440865,'automotive'),(447566,'beauty'),(459569,'health'),(461301,'automotive'),(464060,'food'),(465595,'sports'),(466940,'automotive'),(478894,'clothing'),(481874,'furniture'),(487532,'beauty'),(489801,'food'),(492774,'clothing'),(496915,'electronic'),(503012,'electronic'),(508476,'beauty'),(510893,'travel'),(520198,'automotive'),(521681,'beauty'),(523106,'sports'),(525664,'books'),(527742,'clothing'),(528226,'electronic'),(531175,'beauty'),(531554,'health'),(532741,'books'),(534660,'beauty'),(538136,'beauty'),(539725,'health'),(539820,'sports'),(545759,'furniture'),(545952,'food'),(547239,'health'),(547839,'clothing'),(553059,'health'),(562418,'health'),(562958,'automotive'),(563052,'electronic'),(565165,'electronic'),(573022,'travel'),(573360,'electronic'),(582393,'sports'),(589266,'furniture'),(594403,'health'),(596587,'beauty'),(597505,'furniture'),(599038,'books'),(606888,'travel'),(607556,'health'),(609870,'food'),(616728,'food'),(618056,'health'),(623248,'health'),(626883,'health'),(638021,'furniture'),(642047,'furniture'),(646843,'sports'),(650695,'automotive'),(662879,'books'),(664709,'clothing'),(665978,'health'),(669175,'travel'),(674253,'beauty'),(679337,'clothing'),(681619,'automotive'),(688573,'sports'),(703269,'furniture'),(715531,'clothing'),(716300,'electronic'),(716509,'food'),(717805,'sports'),(718191,'automotive'),(720230,'clothing'),(724414,'furniture'),(726144,'food'),(731612,'sports'),(733216,'furniture'),(733490,'automotive'),(738327,'beauty'),(741733,'books'),(748756,'furniture'),(750415,'sports'),(767655,'automotive'),(772288,'automotive'),(773663,'travel'),(781209,'food'),(781385,'travel'),(781581,'health'),(785346,'beauty'),(812713,'electronic'),(813261,'automotive'),(823563,'beauty'),(829002,'books'),(839473,'sports'),(842595,'clothing'),(843873,'sports'),(845842,'electronic'),(846270,'books'),(847482,'beauty'),(854133,'clothing'),(858198,'sports'),(859253,'food'),(865712,'electronic'),(866257,'sports'),(866450,'furniture'),(869221,'automotive'),(875260,'electronic'),(880473,'automotive'),(885202,'travel'),(886180,'food'),(890309,'travel'),(891930,'food'),(898189,'beauty'),(901983,'travel'),(907196,'clothing'),(908857,'health'),(910932,'health'),(911575,'travel'),(912391,'electronic'),(918710,'travel'),(918901,'furniture'),(919601,'travel'),(921341,'sports'),(923809,'sports'),(924543,'electronic'),(938521,'electronic'),(938941,'furniture'),(939566,'electronic'),(941400,'books'),(943393,'furniture'),(951149,'electronic'),(957297,'books'),(958338,'food'),(959122,'electronic'),(960784,'health'),(968744,'beauty'),(969466,'electronic'),(974651,'books'),(975413,'travel'),(981087,'sports'),(982329,'books'),(984678,'clothing'),(985037,'beauty'),(985973,'sports'),(986803,'automotive'),(991109,'health'),(991288,'electronic'),(994983,'sports');
/*!40000 ALTER TABLE `merchant_data` ENABLE KEYS */;
UNLOCK TABLES;

--
-- Table structure for table `party_table`
--

DROP TABLE IF EXISTS `party_table`;
/*!40101 SET @saved_cs_client     = @@character_set_client */;
/*!50503 SET character_set_client = utf8mb4 */;
CREATE TABLE `party_table` (
  `party_id` int NOT NULL,
  `name` varchar(100) DEFAULT NULL,
  `email` varchar(100) DEFAULT NULL,
  `party_type` varchar(20) DEFAULT NULL,
  `created_at` datetime DEFAULT NULL,
  PRIMARY KEY (`party_id`)
) ENGINE=InnoDB DEFAULT CHARSET=utf8mb4 COLLATE=utf8mb4_0900_ai_ci;
/*!40101 SET character_set_client = @saved_cs_client */;

--
-- Dumping data for table `party_table`
--

LOCK TABLES `party_table` WRITE;
/*!40000 ALTER TABLE `party_table` DISABLE KEYS */;
INSERT INTO `party_table` VALUES (101688,'Name_101688','user101688@example.com','customer','2024-07-29 11:31:32'),(102023,'Name_102023','user102023@example.com','merchant','2024-04-17 16:07:35'),(102106,'Name_102106','user102106@example.com','merchant','2024-03-07 03:48:22'),(102475,'Name_102475','user102475@example.com','customer','2025-03-04 02:50:50'),(106059,'Name_106059','user106059@example.com','merchant','2024-11-18 11:30:27'),(106146,'Name_106146','user106146@example.com','merchant','2024-07-12 11:57:06'),(106403,'Name_106403','user106403@example.com','merchant','2023-09-03 23:45:45'),(107171,'Name_107171','user107171@example.com','customer','2023-10-29 22:48:59'),(109347,'Name_109347','user109347@example.com','merchant','2023-12-21 22:33:22'),(110406,'Name_110406','user110406@example.com','merchant','2025-02-21 15:00:10'),(110773,'Name_110773','user110773@example.com','merchant','2025-06-20 11:46:56'),(112765,'Name_112765','user112765@example.com','merchant','2024-01-03 05:17:26'),(113126,'Name_113126','user113126@example.com','merchant','2024-08-26 05:49:01'),(118675,'Name_118675','user118675@example.com','customer','2024-04-22 09:32:01'),(120373,'Name_120373','user120373@example.com','customer','2023-08-12 20:33:05'),(120400,'Name_120400','user120400@example.com','customer','2024-11-11 12:29:02'),(124876,'Name_124876','user124876@example.com','customer','2024-06-07 19:34:35'),(125280,'Name_125280','user125280@example.com','merchant','2024-05-23 05:04:46'),(126133,'Name_126133','user126133@example.com','merchant','2024-04-12 01:40:52'),(126546,'Name_126546','user126546@example.com','merchant','2024-06-21 15:33:14'),(127073,'Name_127073','user127073@example.com','merchant','2023-11-12 22:18:11'),(127697,'Name_127697','user127697@example.com','customer','2023-09-25 11:54:52'),(130676,'Name_130676','user130676@example.com','merchant','2025-03-08 14:15:55'),(132874,'Name_132874','user132874@example.com','customer','2025-03-23 19:37:33'),(136888,'Name_136888','user136888@example.com','customer','2024-03-24 03:24:39'),(137895,'Name_137895','user137895@example.com','customer','2024-02-14 19:46:46'),(140937,'Name_140937','user140937@example.com','customer','2024-08-16 15:27:29'),(141729,'Name_141729','user141729@example.com','merchant','2024-12-23 22:38:35'),(142237,'Name_142237','user142237@example.com','merchant','2024-01-26 07:10:47'),(142263,'Name_142263','user142263@example.com','merchant','2023-10-20 21:28:58'),(142347,'Name_142347','user142347@example.com','customer','2024-11-28 13:33:58'),(142537,'Name_142537','user142537@example.com','customer','2024-07-13 22:24:34'),(145270,'Name_145270','user145270@example.com','customer','2024-08-24 01:17:52'),(145419,'Name_145419','user145419@example.com','merchant','2025-03-14 12:02:45'),(149433,'Name_149433','user149433@example.com','merchant','2024-10-19 18:15:25'),(150555,'Name_150555','user150555@example.com','customer','2024-04-30 04:49:14'),(152017,'Name_152017','user152017@example.com','customer','2024-06-18 08:46:59'),(156059,'Name_156059','user156059@example.com','customer','2025-03-06 05:57:54'),(161769,'Name_161769','user161769@example.com','customer','2025-01-06 09:24:53'),(165878,'Name_165878','user165878@example.com','customer','2025-01-25 20:45:22'),(166701,'Name_166701','user166701@example.com','customer','2024-01-05 21:59:59'),(167072,'Name_167072','user167072@example.com','merchant','2024-06-04 19:15:15'),(169397,'Name_169397','user169397@example.com','merchant','2023-09-28 08:04:38'),(173743,'Name_173743','user173743@example.com','customer','2023-11-11 02:14:44'),(176521,'Name_176521','user176521@example.com','merchant','2025-04-05 15:53:33'),(176588,'Name_176588','user176588@example.com','customer','2024-07-15 04:31:30'),(177411,'Name_177411','user177411@example.com','merchant','2025-05-27 23:10:27'),(178476,'Name_178476','user178476@example.com','customer','2024-06-01 23:01:31'),(183571,'Name_183571','user183571@example.com','customer','2024-01-29 10:26:58'),(183720,'Name_183720','user183720@example.com','customer','2023-10-04 08:21:53'),(184650,'Name_184650','user184650@example.com','customer','2024-07-06 21:15:05'),(185131,'Name_185131','user185131@example.com','customer','2024-10-24 10:53:18'),(186222,'Name_186222','user186222@example.com','merchant','2024-09-10 12:48:51'),(187821,'Name_187821','user187821@example.com','merchant','2023-12-13 01:06:47'),(191947,'Name_191947','user191947@example.com','customer','2023-08-18 01:44:56'),(192141,'Name_192141','user192141@example.com','customer','2023-11-02 01:50:49'),(192453,'Name_192453','user192453@example.com','customer','2023-12-12 05:26:26'),(193195,'Name_193195','user193195@example.com','merchant','2025-05-26 17:07:46'),(194184,'Name_194184','user194184@example.com','merchant','2023-10-16 23:34:07'),(194595,'Name_194595','user194595@example.com','customer','2023-09-14 07:48:57'),(197599,'Name_197599','user197599@example.com','merchant','2024-10-01 14:16:23'),(199234,'Name_199234','user199234@example.com','customer','2024-07-31 18:05:53'),(204417,'Name_204417','user204417@example.com','customer','2023-08-31 15:44:45'),(206043,'Name_206043','user206043@example.com','merchant','2024-03-06 14:30:49'),(206328,'Name_206328','user206328@example.com','customer','2023-12-29 10:51:37'),(210200,'Name_210200','user210200@example.com','customer','2023-11-14 07:05:10'),(211282,'Name_211282','user211282@example.com','merchant','2024-12-02 13:02:54'),(211347,'Name_211347','user211347@example.com','customer','2024-09-01 08:19:22'),(215560,'Name_215560','user215560@example.com','customer','2024-09-20 20:51:48'),(215714,'Name_215714','user215714@example.com','merchant','2025-03-03 05:53:18'),(215883,'Name_215883','user215883@example.com','merchant','2025-05-29 09:15:15'),(217105,'Name_217105','user217105@example.com','merchant','2024-05-24 01:11:20'),(218381,'Name_218381','user218381@example.com','merchant','2024-06-03 15:55:03'),(219406,'Name_219406','user219406@example.com','merchant','2024-11-17 03:18:30'),(220192,'Name_220192','user220192@example.com','merchant','2025-07-20 07:27:53'),(221412,'Name_221412','user221412@example.com','customer','2025-01-13 03:49:57'),(222328,'Name_222328','user222328@example.com','customer','2024-01-28 15:57:41'),(223412,'Name_223412','user223412@example.com','customer','2025-04-20 19:15:48'),(225009,'Name_225009','user225009@example.com','customer','2024-05-08 07:21:55'),(225284,'Name_225284','user225284@example.com','merchant','2025-02-05 07:00:09'),(225295,'Name_225295','user225295@example.com','merchant','2024-05-27 18:27:40'),(231918,'Name_231918','user231918@example.com','customer','2024-05-09 18:36:40'),(233335,'Name_233335','user233335@example.com','merchant','2023-11-03 05:44:26'),(237268,'Name_237268','user237268@example.com','merchant','2024-12-27 21:43:55'),(239917,'Name_239917','user239917@example.com','customer','2024-09-26 13:03:40'),(243838,'Name_243838','user243838@example.com','customer','2025-02-15 03:15:15'),(245284,'Name_245284','user245284@example.com','customer','2024-12-21 16:22:49'),(246201,'Name_246201','user246201@example.com','merchant','2024-07-25 08:19:49'),(246651,'Name_246651','user246651@example.com','customer','2024-03-16 18:03:39'),(251434,'Name_251434','user251434@example.com','merchant','2024-01-20 04:57:31'),(255538,'Name_255538','user255538@example.com','merchant','2024-10-29 09:50:58'),(258311,'Name_258311','user258311@example.com','merchant','2024-12-09 18:31:38'),(259486,'Name_259486','user259486@example.com','merchant','2024-05-19 17:00:41'),(262641,'Name_262641','user262641@example.com','merchant','2024-02-26 06:49:04'),(263426,'Name_263426','user263426@example.com','customer','2024-08-12 15:16:54'),(265756,'Name_265756','user265756@example.com','customer','2023-11-03 08:29:40'),(266711,'Name_266711','user266711@example.com','merchant','2025-05-01 07:23:30'),(266813,'Name_266813','user266813@example.com','merchant','2023-12-03 15:13:33'),(267090,'Name_267090','user267090@example.com','merchant','2024-10-23 06:37:17'),(267355,'Name_267355','user267355@example.com','customer','2025-05-19 10:24:19'),(267626,'Name_267626','user267626@example.com','merchant','2024-02-29 20:04:02'),(270269,'Name_270269','user270269@example.com','merchant','2024-12-10 08:26:37'),(270886,'Name_270886','user270886@example.com','customer','2024-02-27 14:22:07'),(273042,'Name_273042','user273042@example.com','merchant','2025-01-17 15:09:14'),(273148,'Name_273148','user273148@example.com','customer','2025-04-15 18:43:24'),(273308,'Name_273308','user273308@example.com','customer','2024-01-14 02:27:11'),(276171,'Name_276171','user276171@example.com','customer','2024-06-02 00:39:05'),(278072,'Name_278072','user278072@example.com','merchant','2024-01-09 03:00:39'),(278362,'Name_278362','user278362@example.com','customer','2023-11-06 12:07:13'),(278450,'Name_278450','user278450@example.com','customer','2024-01-12 14:58:41'),(278745,'Name_278745','user278745@example.com','customer','2024-11-28 01:35:22'),(279414,'Name_279414','user279414@example.com','customer','2025-07-06 06:00:30'),(284063,'Name_284063','user284063@example.com','customer','2024-02-29 20:47:07'),(285598,'Name_285598','user285598@example.com','customer','2025-01-21 15:25:09'),(286919,'Name_286919','user286919@example.com','merchant','2024-12-29 02:47:42'),(289061,'Name_289061','user289061@example.com','customer','2025-05-02 09:47:23'),(289311,'Name_289311','user289311@example.com','merchant','2023-12-20 20:17:05'),(294470,'Name_294470','user294470@example.com','customer','2024-09-17 20:34:23'),(298585,'Name_298585','user298585@example.com','customer','2025-01-20 18:17:50'),(301108,'Name_301108','user301108@example.com','customer','2025-04-19 09:39:21'),(302361,'Name_302361','user302361@example.com','customer','2024-08-01 21:40:55'),(302426,'Name_302426','user302426@example.com','merchant','2024-10-19 15:39:32'),(304408,'Name_304408','user304408@example.com','merchant','2024-08-18 20:21:11'),(304794,'Name_304794','user304794@example.com','merchant','2024-05-05 04:15:24'),(304849,'Name_304849','user304849@example.com','merchant','2025-01-26 05:52:19'),(304850,'Name_304850','user304850@example.com','customer','2023-12-20 18:51:43'),(307937,'Name_307937','user307937@example.com','customer','2024-08-31 19:24:42'),(309143,'Name_309143','user309143@example.com','merchant','2024-04-02 14:11:06'),(310181,'Name_310181','user310181@example.com','customer','2025-06-04 17:47:46'),(312414,'Name_312414','user312414@example.com','merchant','2024-05-04 12:37:00'),(313071,'Name_313071','user313071@example.com','merchant','2025-06-20 20:12:48'),(313802,'Name_313802','user313802@example.com','customer','2024-01-30 17:08:15'),(321588,'Name_321588','user321588@example.com','merchant','2025-01-18 17:04:35'),(325640,'Name_325640','user325640@example.com','customer','2023-11-28 15:05:58'),(326547,'Name_326547','user326547@example.com','customer','2025-04-30 13:26:46'),(327694,'Name_327694','user327694@example.com','merchant','2023-08-15 14:06:40'),(328532,'Name_328532','user328532@example.com','merchant','2023-08-27 20:29:08'),(328815,'Name_328815','user328815@example.com','customer','2024-02-11 22:56:22'),(329091,'Name_329091','user329091@example.com','merchant','2024-05-02 14:27:17'),(332057,'Name_332057','user332057@example.com','merchant','2025-07-11 15:35:35'),(332189,'Name_332189','user332189@example.com','merchant','2025-04-02 01:29:49'),(332361,'Name_332361','user332361@example.com','customer','2024-12-19 07:50:41'),(332762,'Name_332762','user332762@example.com','customer','2025-03-26 18:56:24'),(335732,'Name_335732','user335732@example.com','merchant','2025-07-08 04:55:00'),(339643,'Name_339643','user339643@example.com','customer','2023-10-28 00:11:20'),(340644,'Name_340644','user340644@example.com','merchant','2025-05-18 02:37:48'),(342503,'Name_342503','user342503@example.com','merchant','2024-07-12 01:44:29'),(342889,'Name_342889','user342889@example.com','customer','2024-08-12 20:43:10'),(343764,'Name_343764','user343764@example.com','merchant','2024-01-06 14:16:07'),(346238,'Name_346238','user346238@example.com','merchant','2023-11-28 06:22:13'),(346636,'Name_346636','user346636@example.com','merchant','2024-01-27 07:37:28'),(346901,'Name_346901','user346901@example.com','merchant','2024-02-02 12:35:05'),(350032,'Name_350032','user350032@example.com','merchant','2023-11-15 02:08:44'),(350668,'Name_350668','user350668@example.com','merchant','2023-10-27 18:22:57'),(351676,'Name_351676','user351676@example.com','customer','2025-03-23 14:33:18'),(353168,'Name_353168','user353168@example.com','customer','2024-12-08 23:41:18'),(354993,'Name_354993','user354993@example.com','customer','2024-11-23 21:37:04'),(357070,'Name_357070','user357070@example.com','customer','2025-06-22 05:01:56'),(357833,'Name_357833','user357833@example.com','merchant','2024-03-24 16:47:53'),(359108,'Name_359108','user359108@example.com','merchant','2025-02-04 08:07:28'),(360610,'Name_360610','user360610@example.com','customer','2024-07-31 10:45:12'),(362339,'Name_362339','user362339@example.com','merchant','2023-12-02 04:59:32'),(363028,'Name_363028','user363028@example.com','customer','2024-11-24 17:00:18'),(363227,'Name_363227','user363227@example.com','customer','2025-04-11 10:18:47'),(363598,'Name_363598','user363598@example.com','merchant','2025-04-22 04:56:46'),(368754,'Name_368754','user368754@example.com','merchant','2024-04-30 07:03:56'),(369304,'Name_369304','user369304@example.com','customer','2025-02-12 20:31:42'),(370507,'Name_370507','user370507@example.com','merchant','2023-12-10 20:55:11'),(373069,'Name_373069','user373069@example.com','merchant','2023-12-03 10:43:36'),(374452,'Name_374452','user374452@example.com','customer','2023-08-22 23:06:00'),(376515,'Name_376515','user376515@example.com','customer','2024-05-08 05:49:35'),(381632,'Name_381632','user381632@example.com','customer','2024-08-23 19:32:20'),(381705,'Name_381705','user381705@example.com','customer','2024-10-31 04:32:44'),(385089,'Name_385089','user385089@example.com','merchant','2024-02-06 07:06:07'),(385804,'Name_385804','user385804@example.com','customer','2024-06-18 03:23:35'),(388002,'Name_388002','user388002@example.com','customer','2025-03-31 03:46:41'),(389547,'Name_389547','user389547@example.com','merchant','2023-09-15 20:40:30'),(392618,'Name_392618','user392618@example.com','merchant','2023-08-05 18:25:43'),(394867,'Name_394867','user394867@example.com','customer','2023-12-26 03:17:09'),(394899,'Name_394899','user394899@example.com','customer','2024-05-09 08:11:51'),(397949,'Name_397949','user397949@example.com','customer','2025-01-10 13:45:13'),(405144,'Name_405144','user405144@example.com','customer','2023-11-02 19:30:30'),(405344,'Name_405344','user405344@example.com','customer','2024-12-05 01:30:02'),(408448,'Name_408448','user408448@example.com','merchant','2025-02-18 09:28:19'),(409228,'Name_409228','user409228@example.com','merchant','2023-09-03 09:31:27'),(413424,'Name_413424','user413424@example.com','merchant','2024-10-24 21:29:45'),(415959,'Name_415959','user415959@example.com','merchant','2023-10-31 00:48:20'),(423125,'Name_423125','user423125@example.com','merchant','2024-03-01 02:35:33'),(423471,'Name_423471','user423471@example.com','merchant','2024-11-04 03:33:10'),(425661,'Name_425661','user425661@example.com','merchant','2025-05-28 09:55:11'),(426751,'Name_426751','user426751@example.com','customer','2025-05-25 15:34:45'),(431096,'Name_431096','user431096@example.com','merchant','2024-05-21 18:47:04'),(434764,'Name_434764','user434764@example.com','merchant','2025-05-10 19:05:48'),(434982,'Name_434982','user434982@example.com','customer','2023-10-14 13:53:09'),(435649,'Name_435649','user435649@example.com','customer','2025-03-06 19:05:03'),(437427,'Name_437427','user437427@example.com','customer','2024-08-21 05:30:39'),(440795,'Name_440795','user440795@example.com','merchant','2024-09-02 16:28:41'),(440865,'Name_440865','user440865@example.com','merchant','2024-02-07 04:02:04'),(442950,'Name_442950','user442950@example.com','customer','2024-09-12 15:04:10'),(443269,'Name_443269','user443269@example.com','customer','2023-07-27 03:41:53'),(445958,'Name_445958','user445958@example.com','customer','2024-03-01 09:39:30'),(447566,'Name_447566','user447566@example.com','merchant','2025-06-11 20:39:17'),(449192,'Name_449192','user449192@example.com','customer','2025-02-24 13:44:01'),(454569,'Name_454569','user454569@example.com','customer','2024-07-12 00:36:56'),(454854,'Name_454854','user454854@example.com','customer','2024-02-01 11:34:50'),(455782,'Name_455782','user455782@example.com','customer','2024-11-22 08:00:45'),(459569,'Name_459569','user459569@example.com','merchant','2024-05-01 00:30:37'),(461301,'Name_461301','user461301@example.com','merchant','2023-10-23 17:20:59'),(464060,'Name_464060','user464060@example.com','merchant','2024-11-12 21:57:24'),(464362,'Name_464362','user464362@example.com','customer','2024-06-29 04:32:56'),(464366,'Name_464366','user464366@example.com','customer','2025-05-02 10:35:51'),(465595,'Name_465595','user465595@example.com','merchant','2024-09-18 12:01:58'),(466940,'Name_466940','user466940@example.com','merchant','2024-01-06 19:55:24'),(467418,'Name_467418','user467418@example.com','customer','2025-05-16 19:43:44'),(478894,'Name_478894','user478894@example.com','merchant','2023-07-27 12:10:22'),(481010,'Name_481010','user481010@example.com','customer','2024-06-29 18:58:08'),(481874,'Name_481874','user481874@example.com','merchant','2025-01-09 00:22:26'),(482841,'Name_482841','user482841@example.com','customer','2023-08-29 09:08:38'),(487532,'Name_487532','user487532@example.com','merchant','2024-02-28 14:44:00'),(489089,'Name_489089','user489089@example.com','customer','2023-09-19 09:12:51'),(489801,'Name_489801','user489801@example.com','merchant','2023-12-09 19:47:25'),(490754,'Name_490754','user490754@example.com','customer','2025-06-25 13:43:40'),(492493,'Name_492493','user492493@example.com','customer','2024-02-03 22:37:30'),(492774,'Name_492774','user492774@example.com','merchant','2023-10-11 02:12:44'),(492904,'Name_492904','user492904@example.com','customer','2024-03-25 12:58:46'),(493092,'Name_493092','user493092@example.com','customer','2024-12-10 12:07:11'),(496323,'Name_496323','user496323@example.com','customer','2024-07-19 16:43:00'),(496915,'Name_496915','user496915@example.com','merchant','2024-11-20 15:28:21'),(498067,'Name_498067','user498067@example.com','customer','2024-03-29 04:04:22'),(503012,'Name_503012','user503012@example.com','merchant','2024-01-10 16:12:01'),(508476,'Name_508476','user508476@example.com','merchant','2025-04-23 11:51:08'),(510757,'Name_510757','user510757@example.com','customer','2023-10-22 19:17:47'),(510893,'Name_510893','user510893@example.com','merchant','2024-02-15 15:37:41'),(510987,'Name_510987','user510987@example.com','customer','2025-02-10 08:14:45'),(512461,'Name_512461','user512461@example.com','customer','2024-10-19 01:39:53'),(516875,'Name_516875','user516875@example.com','customer','2023-09-21 02:09:03'),(517213,'Name_517213','user517213@example.com','customer','2025-01-17 13:20:19'),(520198,'Name_520198','user520198@example.com','merchant','2024-08-03 11:57:42'),(521681,'Name_521681','user521681@example.com','merchant','2023-08-29 01:51:39'),(522606,'Name_522606','user522606@example.com','customer','2023-09-16 19:03:04'),(523106,'Name_523106','user523106@example.com','merchant','2025-04-13 14:24:22'),(524726,'Name_524726','user524726@example.com','customer','2024-04-19 12:43:27'),(525664,'Name_525664','user525664@example.com','merchant','2024-05-06 20:12:45'),(527742,'Name_527742','user527742@example.com','merchant','2024-05-31 06:44:16'),(528226,'Name_528226','user528226@example.com','merchant','2023-08-08 20:19:51'),(531175,'Name_531175','user531175@example.com','merchant','2024-12-04 11:07:06'),(531554,'Name_531554','user531554@example.com','merchant','2024-11-09 04:47:29'),(531846,'Name_531846','user531846@example.com','customer','2024-08-28 19:06:15'),(532741,'Name_532741','user532741@example.com','merchant','2024-02-04 03:49:27'),(533753,'Name_533753','user533753@example.com','customer','2024-03-05 16:32:47'),(534660,'Name_534660','user534660@example.com','merchant','2023-11-03 21:36:35'),(538136,'Name_538136','user538136@example.com','merchant','2023-12-13 20:53:27'),(539725,'Name_539725','user539725@example.com','merchant','2024-08-28 00:45:06'),(539820,'Name_539820','user539820@example.com','merchant','2024-12-26 06:54:29'),(542389,'Name_542389','user542389@example.com','customer','2024-12-18 02:50:11'),(544582,'Name_544582','user544582@example.com','customer','2024-09-26 09:28:11'),(544683,'Name_544683','user544683@example.com','customer','2024-06-03 10:32:51'),(545031,'Name_545031','user545031@example.com','customer','2024-09-29 20:48:18'),(545759,'Name_545759','user545759@example.com','merchant','2024-11-19 20:37:40'),(545952,'Name_545952','user545952@example.com','merchant','2025-04-28 20:30:15'),(547239,'Name_547239','user547239@example.com','merchant','2024-11-06 08:07:22'),(547839,'Name_547839','user547839@example.com','merchant','2025-04-07 17:48:09'),(549361,'Name_549361','user549361@example.com','customer','2024-12-19 00:11:16'),(549427,'Name_549427','user549427@example.com','customer','2024-05-25 03:18:42'),(550379,'Name_550379','user550379@example.com','customer','2024-10-20 08:41:54'),(553059,'Name_553059','user553059@example.com','merchant','2024-07-15 02:45:04'),(553606,'Name_553606','user553606@example.com','customer','2023-10-31 02:44:40'),(555576,'Name_555576','user555576@example.com','customer','2024-11-21 05:16:44'),(560657,'Name_560657','user560657@example.com','customer','2025-04-14 20:21:23'),(562418,'Name_562418','user562418@example.com','merchant','2024-03-05 21:58:53'),(562958,'Name_562958','user562958@example.com','merchant','2024-06-21 14:59:42'),(563052,'Name_563052','user563052@example.com','merchant','2023-12-08 18:17:12'),(565165,'Name_565165','user565165@example.com','merchant','2024-05-26 15:08:28'),(568764,'Name_568764','user568764@example.com','customer','2024-12-20 20:18:08'),(573022,'Name_573022','user573022@example.com','merchant','2025-01-27 11:45:58'),(573360,'Name_573360','user573360@example.com','merchant','2025-03-20 22:44:20'),(576134,'Name_576134','user576134@example.com','customer','2023-10-13 19:03:31'),(582393,'Name_582393','user582393@example.com','merchant','2025-06-09 11:34:14'),(589266,'Name_589266','user589266@example.com','merchant','2024-06-13 12:20:40'),(594403,'Name_594403','user594403@example.com','merchant','2024-02-07 17:59:25'),(596587,'Name_596587','user596587@example.com','merchant','2024-04-07 18:59:55'),(597505,'Name_597505','user597505@example.com','merchant','2024-12-23 20:40:44'),(599038,'Name_599038','user599038@example.com','merchant','2025-05-31 01:04:33'),(606263,'Name_606263','user606263@example.com','customer','2024-07-13 05:09:04'),(606888,'Name_606888','user606888@example.com','merchant','2024-01-11 16:25:54'),(607556,'Name_607556','user607556@example.com','merchant','2025-02-13 12:55:39'),(608483,'Name_608483','user608483@example.com','customer','2024-08-02 22:52:28'),(609870,'Name_609870','user609870@example.com','merchant','2024-08-09 08:16:20'),(616728,'Name_616728','user616728@example.com','merchant','2023-11-05 21:20:51'),(617300,'Name_617300','user617300@example.com','customer','2024-02-18 19:22:14'),(618056,'Name_618056','user618056@example.com','merchant','2025-07-08 17:12:02'),(620456,'Name_620456','user620456@example.com','customer','2024-02-14 21:08:13'),(623248,'Name_623248','user623248@example.com','merchant','2024-06-21 05:51:19'),(626883,'Name_626883','user626883@example.com','merchant','2025-01-10 15:22:12'),(627694,'Name_627694','user627694@example.com','customer','2024-05-20 19:42:08'),(627699,'Name_627699','user627699@example.com','customer','2023-12-25 07:32:26'),(628668,'Name_628668','user628668@example.com','customer','2025-07-14 03:45:34'),(630171,'Name_630171','user630171@example.com','customer','2024-04-23 04:40:53'),(631998,'Name_631998','user631998@example.com','customer','2025-02-09 21:05:13'),(633917,'Name_633917','user633917@example.com','customer','2025-05-23 21:33:09'),(638021,'Name_638021','user638021@example.com','merchant','2025-07-13 09:49:15'),(638387,'Name_638387','user638387@example.com','customer','2024-12-05 16:30:03'),(640867,'Name_640867','user640867@example.com','customer','2025-04-29 09:27:20'),(642047,'Name_642047','user642047@example.com','merchant','2023-11-13 00:01:35'),(642667,'Name_642667','user642667@example.com','customer','2025-05-26 03:05:07'),(646843,'Name_646843','user646843@example.com','merchant','2024-07-06 20:52:18'),(647640,'Name_647640','user647640@example.com','customer','2024-10-20 11:00:51'),(648138,'Name_648138','user648138@example.com','customer','2023-08-20 17:31:53'),(650695,'Name_650695','user650695@example.com','merchant','2025-04-20 17:42:47'),(654523,'Name_654523','user654523@example.com','customer','2024-06-03 20:57:30'),(656919,'Name_656919','user656919@example.com','customer','2024-08-19 01:58:38'),(660209,'Name_660209','user660209@example.com','customer','2024-07-28 01:21:34'),(662879,'Name_662879','user662879@example.com','merchant','2023-11-13 10:45:21'),(663869,'Name_663869','user663869@example.com','customer','2024-08-15 08:25:51'),(664709,'Name_664709','user664709@example.com','merchant','2025-03-12 02:25:12'),(665978,'Name_665978','user665978@example.com','merchant','2024-08-31 18:32:30'),(666258,'Name_666258','user666258@example.com','customer','2024-12-20 20:59:10'),(669175,'Name_669175','user669175@example.com','merchant','2023-12-06 03:59:20'),(674253,'Name_674253','user674253@example.com','merchant','2024-04-10 15:57:29'),(679337,'Name_679337','user679337@example.com','merchant','2025-03-11 23:10:15'),(681576,'Name_681576','user681576@example.com','customer','2024-01-06 12:21:00'),(681619,'Name_681619','user681619@example.com','merchant','2025-07-03 02:24:20'),(684170,'Name_684170','user684170@example.com','customer','2023-12-10 21:54:17'),(688573,'Name_688573','user688573@example.com','merchant','2025-03-09 13:50:00'),(690831,'Name_690831','user690831@example.com','customer','2024-01-04 06:12:48'),(693875,'Name_693875','user693875@example.com','customer','2023-08-03 16:02:31'),(695822,'Name_695822','user695822@example.com','customer','2024-12-22 09:24:00'),(700634,'Name_700634','user700634@example.com','customer','2024-09-30 11:37:55'),(702347,'Name_702347','user702347@example.com','customer','2025-04-14 00:13:42'),(703047,'Name_703047','user703047@example.com','customer','2025-07-19 06:55:29'),(703269,'Name_703269','user703269@example.com','merchant','2023-12-05 19:56:30'),(707848,'Name_707848','user707848@example.com','customer','2023-12-11 08:23:28'),(712216,'Name_712216','user712216@example.com','customer','2024-05-06 23:05:22'),(715531,'Name_715531','user715531@example.com','merchant','2024-12-18 12:49:23'),(716300,'Name_716300','user716300@example.com','merchant','2024-08-27 03:03:21'),(716509,'Name_716509','user716509@example.com','merchant','2024-06-15 18:21:17'),(717805,'Name_717805','user717805@example.com','merchant','2024-01-08 20:31:55'),(718191,'Name_718191','user718191@example.com','merchant','2025-04-30 10:51:47'),(720230,'Name_720230','user720230@example.com','merchant','2024-04-02 04:15:31'),(721692,'Name_721692','user721692@example.com','customer','2025-06-27 04:13:40'),(723573,'Name_723573','user723573@example.com','customer','2025-07-08 08:31:41'),(724144,'Name_724144','user724144@example.com','customer','2024-05-01 06:39:13'),(724414,'Name_724414','user724414@example.com','merchant','2025-06-18 09:41:13'),(725418,'Name_725418','user725418@example.com','customer','2023-12-26 02:15:27'),(726144,'Name_726144','user726144@example.com','merchant','2025-07-07 12:07:07'),(730556,'Name_730556','user730556@example.com','customer','2025-04-01 16:01:52'),(731213,'Name_731213','user731213@example.com','customer','2024-06-09 01:47:06'),(731612,'Name_731612','user731612@example.com','merchant','2025-05-25 02:06:19'),(733216,'Name_733216','user733216@example.com','merchant','2024-07-27 06:17:55'),(733490,'Name_733490','user733490@example.com','merchant','2025-07-12 14:05:42'),(736402,'Name_736402','user736402@example.com','customer','2023-11-09 11:50:37'),(737012,'Name_737012','user737012@example.com','customer','2025-02-16 01:47:00'),(738327,'Name_738327','user738327@example.com','merchant','2023-08-22 17:15:22'),(741733,'Name_741733','user741733@example.com','merchant','2024-09-09 09:33:51'),(742541,'Name_742541','user742541@example.com','customer','2023-11-01 15:32:26'),(742673,'Name_742673','user742673@example.com','customer','2024-07-28 21:46:56'),(748756,'Name_748756','user748756@example.com','merchant','2023-11-07 05:43:31'),(749920,'Name_749920','user749920@example.com','customer','2025-06-22 05:03:14'),(750415,'Name_750415','user750415@example.com','merchant','2024-09-04 15:22:01'),(750586,'Name_750586','user750586@example.com','customer','2025-05-25 10:11:23'),(753483,'Name_753483','user753483@example.com','customer','2024-08-18 01:05:08'),(756144,'Name_756144','user756144@example.com','customer','2024-03-11 11:49:20'),(756916,'Name_756916','user756916@example.com','customer','2023-07-28 04:50:45'),(757216,'Name_757216','user757216@example.com','customer','2024-03-22 04:01:14'),(764417,'Name_764417','user764417@example.com','customer','2024-02-02 09:35:24'),(766398,'Name_766398','user766398@example.com','customer','2024-12-10 08:07:44'),(767655,'Name_767655','user767655@example.com','merchant','2024-12-27 09:30:33'),(768390,'Name_768390','user768390@example.com','customer','2024-10-19 00:25:31'),(770348,'Name_770348','user770348@example.com','customer','2024-08-17 06:36:12'),(771452,'Name_771452','user771452@example.com','customer','2023-10-22 22:24:27'),(772288,'Name_772288','user772288@example.com','merchant','2023-08-07 04:07:29'),(773663,'Name_773663','user773663@example.com','merchant','2024-09-11 15:17:48'),(778853,'Name_778853','user778853@example.com','customer','2023-08-05 07:04:55'),(781209,'Name_781209','user781209@example.com','merchant','2025-02-21 16:42:10'),(781385,'Name_781385','user781385@example.com','merchant','2025-02-24 09:14:46'),(781546,'Name_781546','user781546@example.com','customer','2024-01-29 03:48:34'),(781581,'Name_781581','user781581@example.com','merchant','2024-03-20 05:08:31'),(783804,'Name_783804','user783804@example.com','customer','2024-10-29 18:24:07'),(784246,'Name_784246','user784246@example.com','customer','2024-03-03 12:05:37'),(785346,'Name_785346','user785346@example.com','merchant','2024-03-08 18:36:55'),(790154,'Name_790154','user790154@example.com','customer','2024-08-16 11:01:17'),(791592,'Name_791592','user791592@example.com','customer','2024-12-17 14:36:44'),(792623,'Name_792623','user792623@example.com','customer','2025-06-27 06:09:43'),(794486,'Name_794486','user794486@example.com','customer','2023-11-17 06:50:11'),(796365,'Name_796365','user796365@example.com','customer','2025-01-08 10:16:22'),(800558,'Name_800558','user800558@example.com','customer','2024-07-10 04:02:38'),(802344,'Name_802344','user802344@example.com','customer','2025-04-30 23:26:40'),(805775,'Name_805775','user805775@example.com','customer','2025-05-06 10:50:24'),(806515,'Name_806515','user806515@example.com','customer','2023-09-03 08:13:05'),(809235,'Name_809235','user809235@example.com','customer','2025-05-31 03:24:36'),(812713,'Name_812713','user812713@example.com','merchant','2023-09-01 15:42:37'),(813261,'Name_813261','user813261@example.com','merchant','2024-12-05 07:24:15'),(823236,'Name_823236','user823236@example.com','customer','2024-04-13 11:00:31'),(823563,'Name_823563','user823563@example.com','merchant','2024-01-08 21:12:24'),(829002,'Name_829002','user829002@example.com','merchant','2025-06-02 06:04:06'),(831142,'Name_831142','user831142@example.com','customer','2025-04-03 00:47:16'),(832368,'Name_832368','user832368@example.com','customer','2024-11-20 16:29:42'),(839134,'Name_839134','user839134@example.com','customer','2023-10-17 21:12:31'),(839473,'Name_839473','user839473@example.com','merchant','2024-08-12 10:56:22'),(841384,'Name_841384','user841384@example.com','customer','2023-11-01 19:47:03'),(842595,'Name_842595','user842595@example.com','merchant','2025-04-21 12:03:26'),(843873,'Name_843873','user843873@example.com','merchant','2023-09-27 01:51:20'),(844547,'Name_844547','user844547@example.com','customer','2024-08-14 20:12:21'),(845842,'Name_845842','user845842@example.com','merchant','2024-01-01 18:33:37'),(846102,'Name_846102','user846102@example.com','customer','2025-06-13 01:06:09'),(846270,'Name_846270','user846270@example.com','merchant','2025-01-15 02:56:15'),(847482,'Name_847482','user847482@example.com','merchant','2024-06-14 20:57:52'),(848469,'Name_848469','user848469@example.com','customer','2025-03-21 10:06:54'),(853594,'Name_853594','user853594@example.com','customer','2025-04-03 20:58:11'),(854133,'Name_854133','user854133@example.com','merchant','2025-01-20 07:31:07'),(855845,'Name_855845','user855845@example.com','customer','2024-12-24 04:22:15'),(857288,'Name_857288','user857288@example.com','customer','2025-01-11 07:38:39'),(858198,'Name_858198','user858198@example.com','merchant','2023-07-29 20:19:58'),(859253,'Name_859253','user859253@example.com','merchant','2023-09-21 02:23:54'),(859857,'Name_859857','user859857@example.com','customer','2024-08-29 21:21:20'),(860481,'Name_860481','user860481@example.com','customer','2024-08-14 06:10:14'),(861689,'Name_861689','user861689@example.com','customer','2023-07-27 08:16:35'),(862525,'Name_862525','user862525@example.com','customer','2024-11-02 20:05:21'),(865307,'Name_865307','user865307@example.com','customer','2023-12-21 10:54:08'),(865712,'Name_865712','user865712@example.com','merchant','2025-06-30 13:52:21'),(866257,'Name_866257','user866257@example.com','merchant','2025-06-25 23:24:07'),(866450,'Name_866450','user866450@example.com','merchant','2025-02-04 08:12:44'),(869221,'Name_869221','user869221@example.com','merchant','2024-07-19 06:35:15'),(870797,'Name_870797','user870797@example.com','customer','2024-10-10 22:12:58'),(873824,'Name_873824','user873824@example.com','customer','2023-12-18 02:41:24'),(874299,'Name_874299','user874299@example.com','customer','2023-09-10 20:58:46'),(875260,'Name_875260','user875260@example.com','merchant','2024-04-24 05:01:04'),(880473,'Name_880473','user880473@example.com','merchant','2025-03-26 07:50:09'),(882208,'Name_882208','user882208@example.com','customer','2024-01-17 19:57:44'),(882939,'Name_882939','user882939@example.com','customer','2024-12-11 17:01:23'),(883545,'Name_883545','user883545@example.com','customer','2025-07-17 18:39:21'),(885202,'Name_885202','user885202@example.com','merchant','2023-09-12 10:01:39'),(886180,'Name_886180','user886180@example.com','merchant','2025-01-12 01:07:24'),(890309,'Name_890309','user890309@example.com','merchant','2023-11-14 13:15:59'),(891092,'Name_891092','user891092@example.com','customer','2023-11-04 13:00:40'),(891930,'Name_891930','user891930@example.com','merchant','2024-03-22 16:33:41'),(894429,'Name_894429','user894429@example.com','customer','2024-05-16 07:39:33'),(896180,'Name_896180','user896180@example.com','customer','2024-10-04 01:49:39'),(898189,'Name_898189','user898189@example.com','merchant','2024-11-06 19:05:20'),(899690,'Name_899690','user899690@example.com','customer','2024-02-12 20:23:03'),(901983,'Name_901983','user901983@example.com','merchant','2024-03-05 01:21:54'),(907196,'Name_907196','user907196@example.com','merchant','2024-07-15 23:58:30'),(908857,'Name_908857','user908857@example.com','merchant','2024-10-14 13:13:35'),(910932,'Name_910932','user910932@example.com','merchant','2025-01-20 09:02:11'),(911575,'Name_911575','user911575@example.com','merchant','2024-03-26 14:44:40'),(912391,'Name_912391','user912391@example.com','merchant','2024-01-27 08:55:52'),(912442,'Name_912442','user912442@example.com','customer','2023-12-31 11:24:54'),(912674,'Name_912674','user912674@example.com','customer','2024-01-11 13:55:15'),(918605,'Name_918605','user918605@example.com','customer','2024-07-06 22:44:21'),(918710,'Name_918710','user918710@example.com','merchant','2024-03-06 09:53:08'),(918807,'Name_918807','user918807@example.com','customer','2023-10-04 10:27:31'),(918901,'Name_918901','user918901@example.com','merchant','2024-08-26 05:56:14'),(918904,'Name_918904','user918904@example.com','customer','2024-07-19 05:12:02'),(919601,'Name_919601','user919601@example.com','merchant','2024-03-13 11:10:52'),(920879,'Name_920879','user920879@example.com','customer','2024-02-16 10:41:55'),(921341,'Name_921341','user921341@example.com','merchant','2025-02-24 17:19:08'),(921884,'Name_921884','user921884@example.com','customer','2023-10-05 09:36:27'),(923809,'Name_923809','user923809@example.com','merchant','2024-09-04 16:48:37'),(924197,'Name_924197','user924197@example.com','customer','2024-12-10 16:13:49'),(924543,'Name_924543','user924543@example.com','merchant','2024-10-19 16:13:12'),(927372,'Name_927372','user927372@example.com','customer','2024-01-09 04:03:51'),(932942,'Name_932942','user932942@example.com','customer','2024-10-20 08:47:52'),(933473,'Name_933473','user933473@example.com','customer','2024-09-12 19:54:07'),(938521,'Name_938521','user938521@example.com','merchant','2023-12-25 07:04:54'),(938941,'Name_938941','user938941@example.com','merchant','2025-07-11 22:00:58'),(939566,'Name_939566','user939566@example.com','merchant','2023-10-09 13:22:08'),(941400,'Name_941400','user941400@example.com','merchant','2024-03-04 19:13:16'),(942532,'Name_942532','user942532@example.com','customer','2025-07-03 14:31:10'),(943393,'Name_943393','user943393@example.com','merchant','2024-08-13 16:41:18'),(945168,'Name_945168','user945168@example.com','customer','2024-04-03 02:41:00'),(950421,'Name_950421','user950421@example.com','customer','2025-04-06 19:47:25'),(951149,'Name_951149','user951149@example.com','merchant','2024-03-09 17:20:16'),(957297,'Name_957297','user957297@example.com','merchant','2024-06-20 09:14:18'),(957476,'Name_957476','user957476@example.com','customer','2024-02-21 12:20:23'),(957570,'Name_957570','user957570@example.com','customer','2025-02-09 00:18:02'),(958338,'Name_958338','user958338@example.com','merchant','2024-12-16 04:03:58'),(959122,'Name_959122','user959122@example.com','merchant','2023-08-28 21:05:44'),(959182,'Name_959182','user959182@example.com','customer','2024-04-12 16:22:35'),(960168,'Name_960168','user960168@example.com','customer','2025-04-03 08:53:59'),(960784,'Name_960784','user960784@example.com','merchant','2025-03-02 17:15:48'),(965973,'Name_965973','user965973@example.com','customer','2024-08-16 09:27:42'),(966334,'Name_966334','user966334@example.com','customer','2024-05-16 00:04:43'),(968744,'Name_968744','user968744@example.com','merchant','2023-08-29 10:25:22'),(968810,'Name_968810','user968810@example.com','customer','2024-03-18 06:50:26'),(969466,'Name_969466','user969466@example.com','merchant','2025-07-13 11:51:33'),(974651,'Name_974651','user974651@example.com','merchant','2025-03-26 04:15:13'),(975413,'Name_975413','user975413@example.com','merchant','2024-12-21 16:02:26'),(976203,'Name_976203','user976203@example.com','customer','2023-11-15 16:58:16'),(977008,'Name_977008','user977008@example.com','customer','2025-06-04 12:43:06'),(978433,'Name_978433','user978433@example.com','customer','2023-12-15 12:50:27'),(981087,'Name_981087','user981087@example.com','merchant','2025-05-26 15:54:45'),(982329,'Name_982329','user982329@example.com','merchant','2025-05-05 17:50:43'),(984678,'Name_984678','user984678@example.com','merchant','2023-09-30 06:45:35'),(985037,'Name_985037','user985037@example.com','merchant','2024-12-17 18:18:59'),(985973,'Name_985973','user985973@example.com','merchant','2024-04-29 05:20:29'),(986803,'Name_986803','user986803@example.com','merchant','2025-04-10 05:20:42'),(991109,'Name_991109','user991109@example.com','merchant','2025-07-02 11:09:28'),(991288,'Name_991288','user991288@example.com','merchant','2023-10-21 05:08:38'),(992416,'Name_992416','user992416@example.com','customer','2025-05-03 00:29:36'),(994983,'Name_994983','user994983@example.com','merchant','2024-01-31 22:01:02');
/*!40000 ALTER TABLE `party_table` ENABLE KEYS */;
UNLOCK TABLES;

--
-- Table structure for table `transaction_data`
--

DROP TABLE IF EXISTS `transaction_data`;
/*!40101 SET @saved_cs_client     = @@character_set_client */;
/*!50503 SET character_set_client = utf8mb4 */;
CREATE TABLE `transaction_data` (
  `transaction_id` int NOT NULL,
  `payer_party_id` int DEFAULT NULL,
  `payee_party_id` int DEFAULT NULL,
  `amount` decimal(10,2) DEFAULT NULL,
  `currency` varchar(10) DEFAULT NULL,
  `timestamp` datetime DEFAULT NULL,
  `is_fraud` tinyint(1) DEFAULT NULL,
  `fraud_score` float DEFAULT NULL,
  PRIMARY KEY (`transaction_id`)
) ENGINE=InnoDB DEFAULT CHARSET=utf8mb4 COLLATE=utf8mb4_0900_ai_ci;
/*!40101 SET character_set_client = @saved_cs_client */;

--
-- Dumping data for table `transaction_data`
--

LOCK TABLES `transaction_data` WRITE;
/*!40000 ALTER TABLE `transaction_data` DISABLE KEYS */;
INSERT INTO `transaction_data` VALUES (1,493092,239917,4300.06,'CAD','2024-10-21 08:42:46',0,48.65),(2,370507,723573,3549.43,'GBP','2023-08-28 19:34:37',0,38.35),(3,239917,225284,3691.97,'EUR','2023-10-09 07:17:57',0,37.17),(4,194184,141729,3580.95,'JPY','2024-11-19 11:26:02',0,2.92),(5,187821,736402,9462.45,'GBP','2025-04-13 09:37:51',0,43.4),(6,454854,894429,4736.27,'GBP','2024-03-09 23:15:39',0,13.28),(7,498067,246201,540.20,'JPY','2025-01-18 02:25:13',0,29.6),(8,957570,102475,6460.29,'JPY','2025-02-10 01:32:57',0,9.51),(9,141729,255538,2809.69,'EUR','2023-09-15 04:00:44',0,13.37),(10,943393,489801,7730.74,'GBP','2024-11-28 00:25:25',0,45.41),(11,742673,206328,8602.94,'USD','2024-06-09 03:30:22',0,8.24),(12,309143,545952,1760.94,'GBP','2023-12-20 22:21:25',0,22.99),(13,464366,910932,350.80,'GBP','2023-12-23 16:31:35',0,15.43),(14,169397,447566,4679.52,'USD','2025-03-18 04:34:50',1,96.22),(15,721692,984678,175.40,'GBP','2024-12-02 17:13:00',0,0.86),(16,681576,901983,2914.65,'CAD','2024-05-18 09:01:13',0,4.21),(17,397949,440795,9255.88,'GBP','2024-07-06 14:32:10',0,10.26),(18,809235,284063,4802.09,'CAD','2023-11-22 00:14:54',0,17.81),(19,792623,381705,8546.75,'EUR','2025-07-18 14:03:30',0,16.59),(20,279414,768390,6257.62,'JPY','2024-08-13 14:59:49',0,41),(21,891930,958338,4942.68,'EUR','2023-09-19 11:19:21',0,31.31),(22,478894,132874,9063.87,'GBP','2024-05-23 19:44:15',0,8.74),(23,656919,346901,9613.84,'CAD','2025-04-28 08:53:30',0,19.77),(24,279414,533753,5990.48,'USD','2024-03-17 03:09:40',0,20.96),(25,753483,829002,5745.27,'EUR','2025-01-12 07:17:55',0,26.5),(26,703047,901983,3760.74,'JPY','2023-09-23 22:26:53',0,1.7),(27,959122,302426,2872.26,'GBP','2025-02-06 21:29:59',0,14.19),(28,211282,957476,5069.40,'CAD','2024-10-16 11:45:13',0,43.02),(29,855845,149433,2637.98,'JPY','2024-06-23 21:43:21',0,32.42),(30,113126,960168,8976.20,'CAD','2023-12-15 06:49:20',0,25.2),(31,211282,626883,3372.04,'GBP','2024-07-18 15:41:05',1,71.78),(32,880473,294470,6949.88,'USD','2025-02-27 03:24:57',0,48.09),(33,938521,594403,3827.83,'JPY','2023-09-02 17:22:12',0,16.13),(34,660209,731213,4485.09,'JPY','2024-01-26 06:23:22',0,11.02),(35,757216,991288,2430.87,'CAD','2024-02-25 11:15:50',0,32.55),(36,597505,805775,921.82,'JPY','2024-02-27 09:42:08',0,23),(37,102106,187821,5469.71,'USD','2024-11-26 04:25:23',0,13.44),(38,562418,141729,8560.94,'JPY','2025-06-05 00:20:37',0,10.73),(39,301108,510893,1183.60,'USD','2024-09-30 05:27:01',0,4.16),(40,802344,562958,6159.85,'GBP','2024-11-17 10:09:45',0,18.69),(41,725418,512461,144.93,'USD','2024-07-21 10:06:15',0,3.54),(42,328532,237268,963.71,'EUR','2024-07-05 20:59:33',1,77.39),(43,665978,225295,3030.18,'JPY','2025-01-03 21:26:11',0,33.36),(44,823236,703047,6196.98,'GBP','2024-12-07 20:51:20',0,46.03),(45,255538,630171,8860.81,'CAD','2024-04-20 03:32:22',0,39.95),(46,823563,978433,623.89,'CAD','2024-07-11 18:04:21',0,18.01),(47,363028,703269,8814.86,'EUR','2023-09-16 12:16:47',0,12.13),(48,512461,346636,6226.80,'CAD','2024-03-08 11:36:58',0,16.52),(49,353168,749920,8199.78,'GBP','2025-01-26 19:41:24',0,15.46),(50,750415,408448,8399.39,'CAD','2025-07-12 17:22:31',0,2.46),(51,965973,985973,840.63,'JPY','2024-06-29 17:41:32',0,11.38),(52,960784,278450,552.33,'GBP','2024-06-14 11:33:54',1,77.03),(53,533753,301108,7877.46,'USD','2023-11-10 03:09:09',0,22.66),(54,646843,385804,2880.18,'GBP','2024-12-11 19:04:20',0,26.34),(55,102023,992416,8870.14,'JPY','2025-05-06 02:17:36',0,23.79),(56,596587,568764,2499.59,'JPY','2023-09-12 11:08:46',0,14.2),(57,733490,839134,5087.77,'CAD','2024-11-11 08:57:02',0,34.53),(58,781209,606263,8276.15,'USD','2023-12-27 04:32:54',0,38.63),(59,525664,957297,5778.01,'JPY','2023-11-03 08:30:00',0,0.52),(60,609870,866257,2765.32,'USD','2024-11-24 02:03:20',0,42.56),(61,237268,843873,2281.21,'GBP','2024-02-21 07:12:16',0,16.89),(62,823236,217105,9571.41,'JPY','2023-09-24 16:07:47',0,28.17),(63,167072,302361,8146.25,'EUR','2025-01-10 02:29:35',0,22.9),(64,950421,161769,6108.45,'EUR','2025-04-24 12:27:43',0,16.6),(65,627694,176588,2311.32,'JPY','2024-09-26 02:06:52',0,38.35),(66,120400,549361,6905.90,'CAD','2025-02-06 15:19:09',0,2.87),(67,681619,846270,3265.69,'USD','2024-12-12 20:34:35',0,0.62),(68,142537,647640,5227.33,'JPY','2024-08-23 03:15:05',0,7.6),(69,589266,631998,4890.52,'EUR','2024-06-24 05:40:56',0,2.09),(70,278072,142263,5538.75,'CAD','2024-09-04 20:40:30',0,23.66),(71,664709,233335,4992.70,'USD','2024-02-15 07:05:57',0,35.38),(72,199234,648138,603.53,'USD','2023-07-31 06:22:30',0,18.26),(73,785346,178476,5885.63,'EUR','2024-11-07 00:49:56',0,0.21),(74,757216,251434,9718.34,'JPY','2025-05-14 22:27:31',0,25.07),(75,176588,522606,5932.31,'CAD','2024-04-09 09:48:43',0,11.15),(76,376515,848469,1218.72,'CAD','2024-06-10 15:32:13',0,22.85),(77,945168,225295,1543.53,'JPY','2024-12-20 13:49:07',0,10.56),(78,532741,233335,8838.95,'JPY','2023-08-20 09:29:39',0,24.59),(79,346901,901983,2531.17,'USD','2024-01-24 23:58:12',0,30.17),(80,313802,298585,4326.89,'GBP','2025-02-08 21:32:41',0,14.03),(81,273042,152017,5952.69,'JPY','2024-11-14 09:13:07',0,36.72),(82,742673,304850,1637.43,'EUR','2023-08-30 12:55:02',0,38.88),(83,846270,362339,5630.37,'EUR','2024-04-26 12:48:49',0,31.97),(84,265756,531554,1925.20,'EUR','2024-10-05 05:47:40',0,7.83),(85,684170,772288,1550.73,'EUR','2023-10-20 22:14:53',0,27.27),(86,110406,231918,3845.89,'GBP','2025-06-13 01:11:59',1,79.29),(87,215560,723573,7390.69,'EUR','2023-12-01 08:55:53',0,19.07),(88,353168,721692,1509.02,'EUR','2024-10-11 18:03:54',0,32.67),(89,703269,435649,1638.98,'GBP','2023-09-14 09:30:19',0,19.91),(90,608483,204417,2713.23,'EUR','2024-01-27 01:10:04',0,1.05),(91,844547,773663,6327.28,'CAD','2023-11-10 17:41:47',0,16.11),(92,185131,942532,7692.81,'GBP','2025-02-02 18:36:45',0,13.74),(93,873824,161769,944.69,'GBP','2025-07-11 11:30:08',0,4.79),(94,531846,357833,2135.88,'GBP','2025-05-08 14:02:12',0,6.47),(95,278362,920879,1562.90,'USD','2024-01-01 22:01:09',0,20.12),(96,302361,638021,8904.43,'GBP','2024-11-06 04:03:21',0,17.42),(97,991109,968810,1276.65,'CAD','2025-05-19 22:38:25',0,37.42),(98,748756,848469,1459.05,'GBP','2024-11-18 22:19:29',0,11.96),(99,638021,113126,5802.22,'EUR','2023-09-10 08:22:25',0,29.4),(100,538136,733490,1560.03,'JPY','2024-06-19 07:05:52',0,4.95),(101,233335,880473,2728.24,'EUR','2024-03-25 18:24:24',0,40.4),(102,921341,137895,7820.30,'USD','2024-11-10 01:13:59',0,6.44),(103,703269,464060,4631.66,'USD','2023-09-10 12:45:51',0,3.43),(104,304850,142263,3028.58,'CAD','2024-11-19 13:08:57',0,47.7),(105,493092,298585,9698.97,'USD','2023-08-31 11:28:06',0,30.76),(106,464362,528226,4125.20,'JPY','2023-09-06 11:40:24',0,30.82),(107,620456,531846,6648.30,'USD','2024-01-10 04:27:10',0,41.52),(108,285598,684170,8813.71,'USD','2025-04-17 17:45:51',0,15.16),(109,413424,350032,1760.55,'USD','2025-02-07 01:32:54',0,34.01),(110,464362,267355,3022.46,'JPY','2024-02-05 07:07:38',0,48.77),(111,350032,527742,6471.95,'JPY','2023-08-03 12:48:14',0,15.96),(112,496323,186222,7774.96,'GBP','2024-02-03 04:34:55',0,45.87),(113,646843,764417,3988.41,'GBP','2025-06-07 16:11:22',0,6.57),(114,289311,332057,4328.04,'GBP','2024-09-05 02:31:32',0,30.01),(115,950421,606263,2529.91,'CAD','2023-09-23 21:37:32',0,14.09),(116,731612,617300,9209.81,'USD','2025-01-06 18:40:49',0,2.11),(117,440865,455782,2135.99,'GBP','2024-10-28 14:06:31',0,19.28),(118,866257,941400,1538.52,'GBP','2025-04-06 03:36:30',0,9.96),(119,191947,425661,7414.04,'JPY','2025-07-11 21:16:23',0,17.47),(120,286919,346238,6910.30,'JPY','2025-04-05 17:29:44',0,25.88),(121,545952,185131,1205.83,'JPY','2024-12-03 19:47:11',0,9.65),(122,126133,440795,5144.79,'JPY','2025-04-27 23:08:53',0,3.19),(123,142237,267355,9371.76,'CAD','2024-10-22 14:25:05',0,45.52),(124,723573,950421,6413.95,'EUR','2023-12-28 19:14:40',0,49.58),(125,866257,662879,105.47,'USD','2024-08-06 06:29:36',0,7.47),(126,725418,785346,4410.74,'JPY','2024-03-01 16:31:27',0,47.12),(127,839473,413424,9292.42,'JPY','2024-01-24 11:29:19',0,35.94),(128,886180,523106,9133.40,'JPY','2023-12-09 18:10:04',0,46),(129,370507,674253,502.72,'EUR','2023-09-14 15:42:45',0,10.76),(130,177411,169397,5109.21,'JPY','2024-02-20 17:22:24',0,20.55),(131,187821,126546,4333.51,'GBP','2025-04-27 11:05:52',0,16.44),(132,524726,568764,193.68,'JPY','2024-08-01 17:07:58',0,21.03),(133,627699,342889,3478.08,'GBP','2024-08-17 06:55:45',0,6.15),(134,120373,149433,950.11,'USD','2023-10-16 10:01:05',0,23.32),(135,534660,965973,6845.46,'USD','2025-06-25 07:17:11',0,43.96),(136,454854,767655,5766.32,'GBP','2023-10-23 10:42:28',0,41.17),(137,289311,127073,4186.62,'USD','2025-07-01 01:24:08',0,39.32),(138,910932,606263,4139.95,'GBP','2023-12-10 12:25:17',0,17.11),(139,298585,326547,6211.27,'USD','2023-09-01 10:04:25',0,11.08),(140,177411,263426,6689.04,'CAD','2025-06-13 07:34:00',0,0.34),(141,267355,870797,6434.36,'USD','2023-08-19 03:08:16',0,18.1),(142,958338,991109,1102.32,'EUR','2024-02-10 23:58:02',0,30.61),(143,368754,496915,3170.04,'EUR','2024-11-19 19:17:41',0,38.98),(144,267626,626883,1686.93,'USD','2024-09-17 13:12:02',1,94.3),(145,326547,492493,6837.48,'USD','2025-01-12 05:35:22',0,37.44),(146,991109,550379,4561.65,'CAD','2024-03-13 16:41:13',0,37.85),(147,130676,767655,630.87,'EUR','2025-01-26 17:43:17',0,0.03),(148,142237,388002,1485.00,'CAD','2023-09-05 20:08:21',0,34.33),(149,346901,700634,29.76,'CAD','2023-08-20 16:03:48',0,42.97),(150,805775,156059,8809.31,'GBP','2024-01-13 21:30:59',0,43.71),(151,717805,563052,6371.10,'JPY','2025-03-22 10:17:18',0,11.85),(152,545952,440795,2297.44,'USD','2023-10-17 06:44:38',0,38.96),(153,756144,120400,4082.70,'USD','2025-01-14 01:54:05',0,6.27),(154,326547,842595,3152.64,'GBP','2025-06-14 11:58:21',0,29.01),(155,702347,882939,1826.65,'EUR','2025-07-05 06:29:06',0,33.76),(156,623248,376515,5539.08,'GBP','2023-10-02 03:16:31',0,48.06),(157,309143,435649,2889.07,'GBP','2024-01-30 06:08:32',0,33.28),(158,984678,859857,3337.25,'USD','2023-09-07 12:56:00',0,2.13),(159,869221,547239,8949.28,'JPY','2025-02-02 18:23:23',0,48.29),(160,210200,589266,9897.90,'JPY','2024-05-31 12:13:28',0,5.47),(161,794486,126546,8929.39,'CAD','2024-02-05 19:22:37',0,20.26),(162,492904,304850,5990.09,'JPY','2025-05-15 17:02:44',0,39.11),(163,278072,633917,2542.05,'EUR','2024-09-30 21:36:20',0,1.42),(164,918605,332762,5565.00,'USD','2025-07-08 23:11:02',0,18.49),(165,991288,496915,7565.74,'JPY','2024-12-05 12:56:20',0,20.39),(166,565165,304849,2629.63,'EUR','2023-10-16 07:10:09',0,40.64),(167,246201,110773,9216.71,'GBP','2023-11-03 00:38:42',0,31.58),(168,161769,772288,9185.05,'EUR','2023-10-21 14:25:03',0,47.28),(169,492774,794486,3515.36,'JPY','2024-04-16 14:25:15',0,30.33),(170,599038,770348,6120.87,'CAD','2025-02-22 00:02:10',0,47.62),(171,666258,520198,2383.04,'EUR','2025-05-27 08:20:46',0,5.56),(172,294470,918605,2385.25,'GBP','2023-09-04 21:07:58',0,24.59),(173,510757,638021,8983.40,'GBP','2024-05-20 19:31:47',0,17.9),(174,185131,693875,9488.25,'CAD','2025-06-13 22:18:53',0,49.27),(175,938521,332189,6333.55,'EUR','2025-03-01 20:24:13',0,14.02),(176,273308,389547,4411.25,'USD','2024-02-16 17:48:18',0,35.9),(177,267090,553059,1624.70,'JPY','2025-05-12 14:00:45',0,28.43),(178,503012,748756,2921.11,'GBP','2023-11-05 02:09:44',0,37.78),(179,813261,923809,8134.37,'JPY','2024-03-28 08:39:02',0,12.89),(180,812713,310181,5730.87,'JPY','2023-12-23 17:50:42',0,5.6),(181,332762,924197,1737.57,'EUR','2024-06-01 02:58:32',0,41.36),(182,957297,539820,5256.33,'EUR','2024-08-20 05:30:16',0,33.39),(183,423471,301108,1468.86,'CAD','2023-09-18 17:43:07',0,21.25),(184,186222,823563,3956.71,'GBP','2023-12-02 22:31:22',0,12.77),(185,771452,362339,8866.46,'USD','2024-10-20 23:14:27',0,15.11),(186,985037,357833,9426.08,'GBP','2025-03-31 17:57:03',0,15.62),(187,781546,298585,9708.48,'EUR','2023-09-30 07:05:52',0,23.28),(188,861689,959182,6764.38,'JPY','2025-06-24 17:08:06',0,14.73),(189,276171,102106,6617.06,'CAD','2024-07-27 01:37:51',0,12.18),(190,199234,120373,8163.18,'USD','2025-02-12 01:57:09',0,48.93),(191,791592,679337,3214.56,'GBP','2023-09-08 04:30:43',0,44.65),(192,192453,642047,6892.24,'JPY','2024-04-13 07:28:17',0,41.77),(193,325640,302426,199.92,'CAD','2024-06-28 15:21:40',0,20.16),(194,145419,185131,9326.35,'EUR','2024-09-11 17:21:03',0,6.18),(195,596587,223412,6453.14,'USD','2025-06-29 08:33:17',0,16.53),(196,859253,992416,9527.90,'GBP','2024-07-30 08:38:02',0,2.96),(197,866450,869221,1550.73,'JPY','2025-05-24 09:44:06',0,27.07),(198,211282,616728,1867.97,'CAD','2025-07-02 22:44:57',0,4.47),(199,370507,210200,8436.12,'GBP','2025-05-10 04:36:33',0,41.84),(200,764417,492904,6364.99,'JPY','2024-04-09 02:00:34',0,28.87),(201,231918,861689,3053.28,'CAD','2025-04-20 22:31:49',0,26.05),(202,901983,405344,1029.79,'USD','2024-03-12 01:25:58',0,15.89),(203,246201,957570,8860.19,'JPY','2025-01-02 01:38:38',0,13.17),(204,270269,662879,9339.70,'JPY','2024-12-17 08:48:15',0,14.44),(205,278072,246201,3959.99,'CAD','2024-10-09 02:47:55',0,8.35),(206,510893,981087,5312.87,'GBP','2025-05-14 13:03:29',0,5.82),(207,965973,966334,3277.12,'CAD','2025-02-26 11:52:04',0,43.46),(208,237268,461301,1200.37,'CAD','2025-03-12 07:26:12',0,34.48),(209,715531,648138,643.84,'EUR','2024-06-01 00:13:21',0,23.4),(210,112765,431096,9714.81,'GBP','2025-05-04 03:34:47',0,14.54),(211,120373,243838,2953.53,'JPY','2025-01-09 18:22:00',0,27.07),(212,607556,176521,3822.52,'CAD','2024-03-13 20:52:16',0,27.89),(213,357833,646843,5774.30,'GBP','2024-05-30 15:14:31',1,73.06),(214,768390,912674,6815.87,'GBP','2024-01-17 23:01:51',0,18.23),(215,215560,481874,9176.81,'USD','2025-04-08 14:43:18',0,4.59),(216,890309,107171,496.97,'USD','2024-04-25 00:35:42',0,16.19),(217,707848,437427,7391.97,'EUR','2024-04-26 08:39:59',0,23.12),(218,919601,631998,1211.57,'EUR','2024-05-05 13:50:26',0,32.21),(219,912391,512461,4801.79,'JPY','2024-09-07 18:48:06',1,95.72),(220,423125,848469,4285.43,'USD','2024-02-18 10:52:41',0,31.17),(221,498067,707848,8201.36,'USD','2025-03-16 19:02:35',0,9.55),(222,102023,440865,4069.13,'JPY','2024-11-27 03:53:20',0,16.25),(223,688573,357833,7962.33,'JPY','2025-02-24 15:51:17',0,35.28),(224,346238,563052,7424.92,'USD','2023-09-15 09:13:59',0,37.22),(225,142347,408448,415.84,'GBP','2024-04-27 10:48:32',0,47.28),(226,258311,270269,7663.92,'EUR','2023-12-25 22:49:02',0,38.08),(227,870797,626883,8779.59,'GBP','2023-12-15 14:53:50',0,14),(228,627699,957297,5073.00,'EUR','2024-03-29 12:22:56',0,43.76),(229,781581,489801,3173.71,'CAD','2025-04-09 22:01:31',0,21.09),(230,464366,332057,2351.79,'CAD','2024-04-28 04:59:47',0,13.46),(231,742673,346636,1944.49,'JPY','2023-09-11 11:57:38',0,3.69),(232,142537,273148,5102.06,'EUR','2025-04-06 07:52:42',0,33.36),(233,731213,703269,1019.00,'EUR','2025-02-20 13:10:58',0,34.69),(234,278450,617300,2696.59,'USD','2024-08-30 22:25:17',0,48.97),(235,459569,508476,6571.31,'GBP','2023-08-30 09:14:19',0,29.57),(236,918710,512461,3462.22,'CAD','2023-11-16 01:00:55',0,48.46),(237,156059,784246,3582.93,'EUR','2024-04-13 13:49:59',0,22.34),(238,440795,255538,3601.48,'EUR','2024-05-25 14:34:31',0,10.55),(239,855845,582393,5353.20,'CAD','2024-03-02 12:20:09',0,30.18),(240,467418,270269,4106.67,'CAD','2025-02-06 17:35:45',0,47.24),(241,301108,630171,570.69,'USD','2025-07-02 16:36:39',0,18.23),(242,176588,791592,589.89,'USD','2024-06-03 14:30:59',0,29.21),(243,960784,289061,6572.97,'JPY','2023-11-29 06:13:33',0,40.73),(244,959122,440795,9599.10,'CAD','2024-06-21 03:33:16',0,5.71),(245,423125,992416,9100.07,'USD','2023-11-05 04:11:32',0,12.41),(246,243838,781385,333.36,'JPY','2024-06-30 04:14:00',0,10.62),(247,258311,742673,2231.65,'CAD','2024-05-21 05:07:50',0,6.15),(248,425661,284063,9005.59,'CAD','2025-07-13 12:14:38',0,44.52),(249,340644,942532,5273.61,'EUR','2024-04-09 16:50:10',0,0.48),(250,490754,620456,1234.82,'USD','2023-10-24 11:49:36',0,20.41),(251,370507,487532,6422.29,'GBP','2025-06-06 01:21:52',0,11.5),(252,327694,360610,4983.24,'CAD','2024-12-22 02:44:39',0,31.5),(253,381705,842595,9780.28,'EUR','2024-12-16 16:42:21',0,45.66),(254,662879,246201,8712.22,'CAD','2024-03-21 01:38:49',0,31.96),(255,440865,310181,3822.78,'EUR','2023-12-23 00:35:20',0,46.16),(256,733490,742541,3305.65,'GBP','2024-12-28 12:46:52',0,15.06),(257,802344,304794,8808.12,'CAD','2024-02-23 19:54:12',0,28.9),(258,239917,623248,9874.49,'CAD','2024-10-18 13:24:21',0,37.24),(259,510987,215883,9177.66,'USD','2023-10-03 23:20:41',0,2.74),(260,766398,434764,3272.95,'GBP','2024-06-11 03:42:01',0,21.21),(261,736402,650695,9182.55,'JPY','2024-11-02 12:31:53',0,36.28),(262,389547,690831,9432.44,'EUR','2024-09-01 09:24:50',0,34.63),(263,481010,631998,5705.39,'EUR','2024-11-04 18:02:36',1,86.65),(264,478894,385804,5547.40,'JPY','2024-01-11 17:16:11',0,14.88),(265,796365,193195,8048.72,'USD','2024-06-23 14:23:23',0,32.54),(266,437427,920879,7092.33,'USD','2023-09-13 08:35:03',0,19),(267,724414,623248,93.16,'EUR','2023-09-20 23:45:57',0,19.09),(268,246651,654523,960.06,'EUR','2023-12-25 15:11:35',0,35.72),(269,623248,273308,6345.46,'JPY','2024-11-11 06:56:59',0,16.51),(270,669175,656919,7188.87,'JPY','2025-02-26 21:13:22',0,36.16),(271,596587,183571,3914.29,'GBP','2024-10-06 06:17:00',1,79.34),(272,455782,772288,9635.57,'USD','2024-04-12 10:08:37',0,12.7),(273,363227,191947,5577.38,'JPY','2023-08-01 19:35:16',0,45.74),(274,231918,503012,7595.70,'EUR','2024-12-15 16:13:13',0,46),(275,102023,912391,8998.48,'JPY','2025-04-08 04:09:38',0,35.03),(276,326547,251434,4241.52,'EUR','2023-08-03 12:25:21',0,19.75),(277,860481,957297,1128.99,'GBP','2024-10-20 01:58:04',0,9.95),(278,332762,957476,852.90,'CAD','2024-04-04 00:03:36',0,12.83),(279,693875,958338,2840.98,'USD','2024-05-22 07:28:11',0,9.93),(280,443269,194595,3150.22,'JPY','2025-01-12 18:08:18',0,27.76),(281,945168,823236,2353.91,'GBP','2024-06-07 23:41:23',0,26.78),(282,521681,898189,8324.87,'JPY','2024-08-31 15:57:01',0,31.68),(283,992416,982329,2059.84,'GBP','2024-12-14 11:49:43',0,32.26),(284,907196,332189,480.14,'USD','2024-11-20 07:13:25',0,48.75),(285,531554,932942,6645.83,'JPY','2024-07-08 19:06:41',0,40.69),(286,482841,431096,3784.02,'USD','2024-08-22 07:17:03',0,36.04),(287,733490,294470,9828.92,'CAD','2024-11-09 05:21:45',0,44.63),(288,259486,481010,9198.70,'GBP','2023-08-06 07:04:19',0,23.27),(289,273148,994983,9800.01,'JPY','2023-08-13 09:26:53',0,40.61),(290,539820,246651,9388.61,'CAD','2024-07-01 07:04:40',0,4.23),(291,750415,527742,9686.69,'EUR','2024-12-24 20:20:05',0,26.22),(292,984678,512461,3768.16,'EUR','2025-06-20 16:49:09',0,28.96),(293,703047,455782,1907.97,'JPY','2024-08-14 18:08:45',0,9.06),(294,533753,262641,8102.57,'GBP','2024-11-30 12:30:07',0,26.5),(295,855845,772288,1061.95,'EUR','2025-05-29 18:18:29',0,19.83),(296,312414,991288,5929.78,'JPY','2023-10-08 02:41:33',1,89.15),(297,939566,582393,4904.24,'CAD','2023-10-28 12:12:15',0,41.21),(298,239917,597505,8442.67,'USD','2024-07-09 10:05:19',0,11.83),(299,608483,409228,7890.79,'CAD','2024-09-13 12:49:34',0,41.94),(300,869221,627699,4619.01,'JPY','2024-03-05 07:25:04',0,0.56),(301,882208,981087,7607.66,'USD','2024-05-04 11:05:10',0,5.82),(302,959182,607556,2900.70,'CAD','2025-04-22 06:27:12',0,45.19),(303,443269,267355,6961.97,'USD','2024-08-18 07:42:31',0,28.17),(304,289311,924543,3143.32,'EUR','2024-09-17 20:42:36',0,48.09),(305,186222,106059,3867.83,'GBP','2025-06-04 02:52:42',0,14.14),(306,869221,489801,307.38,'USD','2024-10-03 21:53:44',0,5.5),(307,869221,215883,6598.26,'USD','2024-06-28 18:36:43',0,44.76),(308,531846,968810,5755.98,'JPY','2023-12-04 14:08:54',0,45.87),(309,101688,496915,1862.92,'JPY','2023-12-13 23:03:24',0,45.57),(310,684170,959182,7103.06,'JPY','2024-07-30 08:39:27',0,26.8),(311,304794,508476,7280.45,'JPY','2023-08-29 13:22:06',0,9.11),(312,845842,703047,8214.77,'JPY','2024-08-02 02:09:29',0,28.22),(313,866257,785346,8498.00,'USD','2025-04-30 11:06:18',0,15.63),(314,431096,191947,7227.23,'JPY','2024-05-06 00:35:57',0,45.42),(315,245284,510893,1402.01,'CAD','2025-03-30 14:02:15',0,47.7),(316,920879,126133,7100.79,'GBP','2025-01-26 02:21:22',0,30.18),(317,531846,582393,6133.71,'GBP','2025-03-12 08:09:43',0,42.8),(318,489089,960168,177.86,'EUR','2024-03-30 05:31:15',0,22.76),(319,512461,332189,487.53,'JPY','2024-10-14 14:26:39',1,83.19),(320,568764,951149,9902.96,'USD','2024-11-15 01:23:32',0,42.49),(321,959122,435649,5612.38,'EUR','2023-10-08 00:28:04',0,5.32),(322,646843,631998,205.86,'GBP','2023-11-28 16:44:09',0,30.49),(323,273308,994983,438.40,'USD','2024-11-28 22:48:04',0,46.6),(324,357833,359108,5676.70,'USD','2025-01-03 18:01:52',0,45.15),(325,750586,927372,9404.07,'JPY','2023-08-26 02:43:49',0,13.09),(326,527742,784246,7430.86,'USD','2024-07-15 17:10:06',0,35.67),(327,445958,120400,7875.09,'JPY','2024-07-11 15:22:49',0,41.91),(328,563052,231918,1740.39,'USD','2024-06-01 07:39:30',0,43.84),(329,385089,192453,3425.37,'EUR','2025-02-03 13:36:21',0,16.36),(330,911575,487532,5254.16,'EUR','2025-07-05 02:03:17',0,42.92),(331,397949,831142,5401.95,'EUR','2023-08-19 07:48:10',0,6.36),(332,310181,620456,2784.12,'EUR','2025-06-05 02:14:42',0,38.48),(333,389547,882208,6274.03,'USD','2025-01-15 01:10:33',0,15.55),(334,665978,628668,6543.82,'GBP','2024-05-01 12:39:27',0,27.54),(335,957476,527742,1915.20,'JPY','2024-01-15 07:58:29',0,43.03),(336,981087,950421,9154.92,'EUR','2024-09-28 10:55:43',0,1.63),(337,118675,957297,2123.65,'EUR','2024-08-20 23:33:32',0,31.8),(338,573360,215714,9882.48,'GBP','2025-06-18 22:36:39',0,12.18),(339,627694,346636,9605.04,'USD','2025-07-07 20:54:48',0,29.09),(340,700634,911575,9612.77,'GBP','2025-02-14 22:57:33',0,19.01),(341,246201,265756,6987.93,'JPY','2025-04-28 09:26:25',0,15.74),(342,757216,901983,417.92,'JPY','2024-12-13 13:56:35',0,2.84),(343,994983,738327,690.26,'JPY','2025-02-19 20:14:46',0,27.37),(344,966334,346636,3946.83,'EUR','2024-08-19 23:06:02',0,30.95),(345,896180,542389,2809.45,'EUR','2024-12-20 03:15:47',0,16.12),(346,192141,771452,3588.25,'EUR','2024-06-10 10:30:15',0,7.83),(347,276171,183720,3688.79,'JPY','2025-05-30 06:53:39',0,45.59),(348,781209,517213,2324.84,'USD','2025-05-25 20:16:51',0,20.03),(349,243838,919601,3569.15,'JPY','2025-07-24 00:10:21',0,35.22),(350,724144,127697,430.81,'JPY','2024-01-30 13:11:24',0,2.21),(351,258311,270886,5079.54,'EUR','2024-01-01 21:49:35',0,17.71),(352,127697,251434,1314.34,'CAD','2024-10-19 13:01:12',0,10.11),(353,276171,664709,4330.71,'USD','2024-04-22 07:18:35',0,17.08),(354,560657,496323,3118.76,'USD','2024-05-12 01:58:42',0,29.19),(355,142263,102023,3487.08,'CAD','2025-02-10 05:41:39',0,43.38),(356,178476,278072,397.22,'CAD','2024-12-02 00:22:28',0,1.32),(357,142537,531175,341.91,'EUR','2025-04-10 18:02:26',0,44.93),(358,731612,609870,4991.83,'EUR','2025-03-08 12:56:37',0,15.26),(359,921884,715531,7051.66,'USD','2024-07-19 01:24:06',0,17.25),(360,278072,737012,7138.62,'CAD','2023-10-11 17:06:50',0,15.56),(361,186222,106059,2330.31,'EUR','2024-05-30 15:57:05',0,33.39),(362,381705,730556,1128.50,'CAD','2025-02-22 16:56:03',0,44.02),(363,695822,408448,1389.66,'CAD','2024-04-20 10:18:31',0,10.86),(364,939566,298585,5465.10,'CAD','2025-04-02 11:57:16',0,33.99),(365,489089,313071,4982.47,'EUR','2024-05-13 20:05:18',0,32.29),(366,194595,408448,6084.91,'CAD','2025-03-15 13:26:19',0,2.1),(367,233335,957476,7797.02,'GBP','2025-01-31 15:09:43',0,39.93),(368,869221,141729,252.41,'JPY','2024-11-28 17:32:56',0,19.27),(369,388002,467418,1335.14,'JPY','2023-08-01 15:24:17',0,45.42),(370,695822,221412,517.12,'JPY','2025-06-02 06:28:13',0,8.48),(371,681619,350032,1757.57,'JPY','2024-04-20 08:35:27',0,15.36),(372,503012,796365,7045.94,'EUR','2023-10-02 23:32:56',0,21.51),(373,517213,800558,4261.94,'CAD','2023-08-05 17:43:46',0,36.61),(374,510893,717805,9979.06,'EUR','2025-04-15 22:39:11',0,1.55),(375,489089,857288,4995.08,'USD','2024-05-27 23:34:20',0,23.71),(376,426751,177411,1025.16,'JPY','2024-09-27 14:37:39',0,6.58),(377,607556,304794,2608.03,'CAD','2025-07-15 07:15:54',0,46.79),(378,332361,688573,93.32,'CAD','2025-06-09 00:55:57',0,15.99),(379,350668,702347,5619.46,'GBP','2024-10-29 06:24:30',0,24.63),(380,750586,284063,7697.83,'JPY','2025-01-11 11:35:08',0,19.84),(381,142347,924197,842.84,'CAD','2024-11-08 03:30:24',0,1.69),(382,607556,461301,505.44,'CAD','2024-05-28 13:55:18',0,11.45),(383,132874,966334,2885.99,'CAD','2023-10-20 03:42:01',1,83.03),(384,845842,194595,1503.98,'JPY','2023-12-25 14:51:52',0,6.29),(385,638021,109347,9265.26,'GBP','2024-02-29 23:31:00',0,19.71),(386,276171,267355,8144.85,'JPY','2023-12-30 17:46:38',0,28.11),(387,951149,991288,8032.03,'EUR','2025-06-06 14:59:16',0,42.74),(388,301108,176588,1680.09,'JPY','2023-12-24 03:34:54',0,11.92),(389,492904,150555,2050.31,'CAD','2024-01-15 08:04:38',0,37.02),(390,750415,553606,5860.98,'USD','2024-12-16 11:14:09',0,35.13),(391,523106,568764,201.64,'JPY','2025-07-05 03:13:10',0,33.83),(392,191947,120400,8165.50,'JPY','2024-11-03 21:58:25',0,42.86),(393,440795,681576,4794.25,'CAD','2024-02-26 10:26:07',0,26.91),(394,120373,325640,5812.91,'CAD','2025-03-13 13:39:20',0,39.51),(395,531846,409228,2250.89,'EUR','2023-11-18 14:28:27',0,5.87),(396,245284,270886,6345.00,'GBP','2024-11-12 06:26:25',0,24.64),(397,176588,839134,449.52,'CAD','2024-07-22 04:17:36',0,25.87),(398,313802,741733,4483.75,'CAD','2025-01-26 09:32:23',0,21.4),(399,413424,919601,4195.45,'CAD','2024-07-16 04:19:01',0,45.03),(400,218381,279414,6583.60,'USD','2024-10-23 01:18:27',0,45.49),(401,449192,783804,6325.66,'GBP','2023-07-29 16:56:01',0,2.08),(402,865307,847482,7254.81,'EUR','2025-04-03 06:55:16',0,37.55),(403,633917,545759,821.37,'GBP','2025-01-06 11:20:10',0,39.02),(404,339643,912674,8383.76,'JPY','2023-12-18 16:02:24',1,92.23),(405,974651,465595,2356.25,'USD','2025-06-17 07:13:19',0,44.36),(406,712216,896180,8231.70,'GBP','2025-07-18 23:58:37',0,6.87),(407,328815,847482,5486.94,'GBP','2024-10-28 04:02:16',0,21.38),(408,388002,737012,4339.35,'EUR','2025-03-28 17:17:23',0,4.81),(409,725418,266711,2272.37,'JPY','2025-07-19 00:33:52',0,31.74),(410,730556,512461,4512.79,'GBP','2024-03-06 02:43:08',0,44.69),(411,492904,388002,2586.63,'CAD','2023-12-09 12:07:12',0,36.88),(412,991109,161769,9345.22,'JPY','2024-03-19 17:59:37',0,8.25),(413,492904,642047,19.76,'USD','2025-07-02 06:53:42',0,28.81),(414,870797,301108,530.18,'CAD','2024-02-28 10:43:03',0,17),(415,724414,194595,5774.38,'USD','2024-06-20 15:49:29',0,15.72),(416,258311,684170,7891.82,'JPY','2025-04-08 19:00:12',0,44.07),(417,332189,191947,9904.65,'GBP','2023-12-04 00:49:56',0,32.95),(418,370507,141729,2625.02,'JPY','2024-06-22 19:49:25',0,6.94),(419,862525,638021,9945.60,'EUR','2024-02-05 05:49:44',0,21.08),(420,246651,517213,3807.30,'CAD','2024-05-28 16:51:25',0,39.1),(421,532741,806515,2755.59,'GBP','2025-06-27 22:44:50',0,27.3),(422,883545,440795,4527.21,'USD','2024-06-10 17:17:56',1,91.34),(423,343764,875260,7900.94,'CAD','2023-09-10 12:07:11',0,4.41),(424,781546,941400,7219.57,'JPY','2025-05-09 04:10:41',0,32.32),(425,520198,481010,8166.63,'GBP','2025-04-13 09:21:56',0,45.18),(426,912391,623248,6380.28,'GBP','2024-04-02 20:29:28',0,15.72),(427,781385,912391,2528.99,'GBP','2023-09-01 05:31:01',0,46.96),(428,911575,562958,8287.26,'CAD','2024-07-22 09:44:23',0,19.18),(429,547839,370507,3471.43,'GBP','2024-11-06 07:00:16',0,11.43),(430,886180,932942,7613.45,'JPY','2024-06-11 18:58:22',0,11.21),(431,368754,192141,3525.72,'USD','2023-09-14 15:36:59',0,16),(432,654523,267626,2286.79,'USD','2023-10-03 17:33:35',0,5.93),(433,363598,273308,7531.97,'USD','2025-01-23 20:09:16',0,33.7),(434,278072,985037,2633.11,'EUR','2024-08-20 21:24:17',0,46.92),(435,440865,792623,9447.54,'CAD','2024-11-12 16:55:40',0,28.06),(436,489089,854133,2224.53,'EUR','2024-02-28 07:08:41',0,7.4),(437,731213,620456,6573.64,'GBP','2024-06-10 00:42:00',0,4.44),(438,259486,731612,8372.92,'GBP','2024-04-01 15:32:01',0,6.75),(439,197599,985037,5529.23,'GBP','2024-11-16 14:20:46',0,5.25),(440,273148,363028,5561.96,'GBP','2024-06-23 16:49:45',0,36.75),(441,357070,381632,7867.37,'GBP','2023-10-16 21:02:11',0,27.77),(442,618056,423125,8222.52,'USD','2024-12-03 23:38:08',0,44.41),(443,327694,662879,7565.74,'CAD','2025-07-07 03:52:59',0,25.11),(444,233335,176588,1765.09,'EUR','2024-05-23 12:46:44',0,24.22),(445,150555,520198,8110.41,'GBP','2023-08-20 12:23:26',0,13.98),(446,966334,211282,9854.05,'JPY','2024-08-25 21:41:30',0,4.53),(447,700634,392618,8239.61,'EUR','2024-11-03 22:10:50',0,47.55),(448,991109,957297,2677.10,'JPY','2024-04-11 03:27:40',1,95.03),(449,756916,521681,5856.05,'GBP','2025-05-14 02:08:30',0,27.65),(450,346901,255538,5038.66,'USD','2025-06-20 11:24:28',0,11.95),(451,397949,265756,5895.18,'CAD','2024-07-04 19:54:01',0,35.91),(452,370507,646843,1607.42,'GBP','2024-07-29 07:55:46',0,1.99),(453,608483,533753,7824.96,'GBP','2024-06-02 05:03:18',0,41.17),(454,531846,339643,2799.30,'USD','2024-12-08 03:48:39',0,33.6),(455,748756,894429,567.03,'CAD','2023-09-08 12:15:07',0,37.76),(456,222328,376515,616.57,'USD','2024-03-06 06:04:23',0,4.65),(457,459569,562418,3782.56,'JPY','2025-03-02 09:35:38',0,8.55),(458,796365,510757,9425.40,'GBP','2023-12-16 14:49:36',0,16),(459,650695,991288,6414.51,'CAD','2024-08-23 10:09:04',0,30.05),(460,270269,102106,1917.77,'EUR','2024-01-02 05:17:36',0,39.12),(461,142537,493092,2058.76,'EUR','2023-10-19 06:25:10',0,49.35),(462,142537,896180,3820.89,'JPY','2024-05-18 01:15:01',0,24.89),(463,957570,113126,4631.07,'GBP','2024-08-31 10:09:04',0,2.95),(464,278072,959182,8091.37,'CAD','2024-02-03 23:59:18',0,24.01),(465,748756,220192,1002.53,'USD','2024-03-31 12:07:01',0,3.64),(466,313071,481874,8326.08,'EUR','2024-06-21 02:12:16',0,21.48),(467,492493,332057,9754.28,'CAD','2025-01-09 20:29:25',0,49.6),(468,173743,736402,6664.87,'EUR','2023-11-13 12:31:36',0,10.06),(469,555576,538136,9509.71,'USD','2024-09-28 23:23:25',1,72.67),(470,454854,346636,8932.25,'GBP','2024-10-05 20:51:55',0,23.42),(471,607556,492774,1223.13,'JPY','2025-07-07 10:34:52',0,7.45),(472,832368,813261,3717.24,'CAD','2024-10-11 11:32:41',0,31.87),(473,313071,211282,6947.57,'JPY','2024-05-19 05:26:08',0,19.28),(474,839473,304408,4180.67,'EUR','2024-07-13 11:09:42',0,42.56),(475,492904,342889,3483.33,'EUR','2024-10-17 07:29:33',0,45.84),(476,360610,346238,5496.00,'EUR','2024-08-19 02:20:36',0,7.43),(477,848469,276171,880.14,'GBP','2024-11-30 13:11:18',0,33.97),(478,285598,640867,178.15,'GBP','2024-02-26 21:35:49',1,73.33),(479,464060,933473,1619.72,'JPY','2024-01-23 11:14:56',0,10.05),(480,707848,741733,5935.85,'CAD','2025-07-10 13:45:07',1,96.42),(481,102023,781209,1928.77,'JPY','2025-06-13 19:20:21',0,17.53),(482,466940,385089,9691.41,'USD','2025-01-17 05:35:53',0,8.08),(483,563052,496323,8354.88,'GBP','2025-07-13 00:28:24',0,26.29),(484,263426,859857,1402.78,'CAD','2025-07-21 15:23:34',0,33.67),(485,522606,332762,9914.12,'JPY','2024-02-10 03:08:23',0,5.17),(486,688573,376515,7335.25,'GBP','2024-04-04 16:28:50',0,42.67),(487,215560,563052,7769.95,'CAD','2025-05-30 01:13:22',0,26.31),(488,724414,606263,6462.23,'JPY','2024-12-31 17:42:28',0,25.29),(489,211282,918904,8151.26,'EUR','2023-11-13 06:57:00',1,87.67),(490,225295,748756,6753.01,'USD','2025-02-21 22:36:34',0,12.44),(491,169397,582393,6609.25,'JPY','2023-12-15 19:56:58',0,22.17),(492,927372,270269,2419.04,'JPY','2023-12-24 12:39:01',0,33.26),(493,431096,957297,6112.06,'USD','2024-10-17 12:21:41',0,10.03),(494,626883,335732,1525.62,'USD','2023-12-26 18:10:08',0,37.69),(495,267355,823236,6868.05,'EUR','2024-04-30 19:01:18',0,5.07),(496,938941,120373,8157.20,'USD','2023-11-23 15:20:36',1,74.99),(497,194184,313802,8975.96,'JPY','2024-12-11 19:43:12',0,18.81),(498,492904,806515,9725.33,'EUR','2024-10-18 13:25:13',0,33.65),(499,304849,127697,9012.03,'EUR','2025-05-19 17:00:17',0,27.85),(500,753483,487532,1003.65,'GBP','2023-10-05 04:15:53',0,28.44),(501,693875,265756,6116.34,'GBP','2025-07-16 08:26:01',0,5.66),(502,510757,945168,2076.26,'EUR','2024-03-08 02:50:45',0,49.36),(503,733216,899690,4589.47,'CAD','2023-08-17 16:11:53',0,32.82),(504,266711,211282,9222.44,'JPY','2024-04-07 10:21:32',0,27.24),(505,125280,736402,5839.45,'USD','2025-06-18 03:45:45',0,32.37),(506,959122,938521,5049.19,'USD','2024-02-24 08:28:12',0,6.22),(507,638387,225284,5983.90,'EUR','2024-07-20 21:51:49',0,47.14),(508,882939,325640,4050.90,'EUR','2024-02-13 12:20:33',0,43.4),(509,304850,197599,5269.40,'CAD','2024-12-02 10:14:52',0,28.77),(510,549427,623248,2270.04,'USD','2024-04-23 18:24:38',0,45.57),(511,381705,294470,2973.99,'JPY','2025-06-01 12:02:12',0,36.73),(512,394867,219406,8979.70,'EUR','2023-10-15 04:34:18',0,25.95),(513,225295,434764,8419.16,'GBP','2024-10-26 20:49:50',0,28.16),(514,211282,882208,5020.76,'JPY','2025-07-17 08:00:48',0,38.06),(515,957570,806515,2708.58,'EUR','2024-04-21 23:13:00',0,27.5),(516,217105,110406,6349.33,'CAD','2024-08-21 02:12:11',0,27.85),(517,478894,328815,4786.66,'EUR','2025-02-11 02:17:43',0,39.22),(518,908857,640867,7578.00,'JPY','2023-11-10 18:32:22',0,36.75),(519,606263,596587,5382.40,'USD','2024-07-08 06:56:11',0,38.82),(520,654523,490754,2624.78,'CAD','2025-04-11 12:35:04',0,36.08),(521,866257,766398,7442.17,'JPY','2025-04-30 00:54:39',0,46.07),(522,517213,102106,9666.51,'JPY','2024-08-15 01:14:47',0,25.15),(523,550379,442950,7301.27,'EUR','2025-03-01 01:04:04',0,14.64),(524,215560,360610,9397.18,'EUR','2024-08-20 05:11:54',0,46.92),(525,623248,286919,317.31,'CAD','2024-12-06 01:32:51',0,12.65),(526,882939,865307,2497.09,'CAD','2025-03-09 23:44:44',0,27.28),(527,805775,748756,9879.15,'CAD','2023-09-21 00:45:40',0,37.48),(528,951149,898189,9489.82,'CAD','2023-10-03 17:15:42',0,42.12),(529,435649,346636,2726.27,'EUR','2023-08-29 03:06:33',0,41.31),(530,219406,784246,6626.42,'EUR','2025-05-13 01:51:21',0,41.3),(531,756144,534660,9842.71,'USD','2024-01-03 21:23:11',0,10.26),(532,846270,994983,2142.81,'JPY','2024-07-30 12:15:20',0,19.1),(533,726144,550379,9187.60,'CAD','2024-04-12 07:22:36',0,25.53),(534,259486,883545,8911.77,'CAD','2024-05-06 21:59:35',0,35.33),(535,525664,576134,9006.98,'GBP','2024-04-06 21:49:51',1,96.09),(536,278450,918904,78.08,'EUR','2025-04-20 13:47:20',0,17.75),(537,681576,204417,6286.51,'GBP','2023-10-12 13:59:58',0,30.78),(538,286919,193195,8845.36,'USD','2025-01-18 14:12:25',0,39.69),(539,167072,102023,3091.68,'JPY','2024-07-28 18:19:55',0,26.4),(540,959122,276171,1286.29,'CAD','2024-09-27 01:02:11',0,35.4),(541,647640,847482,1855.07,'JPY','2024-07-04 14:13:25',0,3.52),(542,342889,176521,6489.60,'GBP','2025-02-11 16:07:26',0,29.37),(543,638021,258311,7028.72,'JPY','2024-08-26 21:37:24',0,46.59),(544,730556,966334,518.31,'USD','2024-05-22 06:33:51',0,32.3),(545,215560,145419,1486.39,'JPY','2024-05-23 09:06:32',0,23.39),(546,885202,156059,4460.94,'JPY','2024-06-01 21:17:13',0,20.24),(547,911575,859253,3794.15,'CAD','2024-09-02 18:32:07',0,11.81),(548,363028,106059,6667.52,'CAD','2024-01-21 15:40:08',0,33.59),(549,681576,127073,9160.86,'CAD','2025-07-09 20:36:52',0,11.99),(550,847482,137895,72.21,'EUR','2025-04-15 10:08:35',0,37.79),(551,173743,831142,7236.07,'USD','2024-03-29 11:34:22',0,46.62),(552,353168,298585,4827.07,'EUR','2024-08-18 18:15:36',0,34.63),(553,270269,206328,8217.41,'JPY','2024-11-11 22:35:51',0,0.78),(554,844547,413424,2965.33,'USD','2024-07-21 14:34:31',0,26.79),(555,733490,539725,6165.98,'GBP','2023-11-30 11:20:34',0,7.94),(556,703047,861689,7451.16,'EUR','2024-11-08 10:34:37',0,6.98),(557,742673,662879,586.23,'JPY','2024-11-25 10:09:37',0,1.34),(558,498067,357833,6884.02,'CAD','2024-09-27 23:06:55',0,2.21),(559,524726,942532,2406.69,'JPY','2024-08-10 19:08:50',0,16.91),(560,466940,891930,5704.32,'EUR','2024-07-03 19:26:08',0,13.96),(561,839473,405144,76.17,'EUR','2025-07-10 10:07:09',0,16.05),(562,912391,350032,2000.97,'USD','2023-10-06 23:28:48',0,9.15),(563,750586,617300,8340.59,'CAD','2025-05-03 18:08:23',0,40.19),(564,503012,385804,1679.95,'EUR','2023-07-28 19:59:48',0,32.32),(565,176588,332762,5497.71,'CAD','2025-01-31 06:39:40',0,20.74),(566,800558,278072,3885.87,'CAD','2024-06-26 18:58:15',0,23.42),(567,545952,932942,5321.90,'CAD','2024-08-18 23:49:52',0,48.78),(568,766398,823563,844.38,'USD','2023-09-02 19:51:23',0,2.19),(569,265756,767655,5096.82,'CAD','2025-06-23 19:14:49',0,0.92),(570,750415,640867,8893.87,'GBP','2023-12-06 13:01:00',0,15.19),(571,957297,642047,2700.48,'JPY','2025-03-21 21:45:33',0,18.51),(572,757216,521681,717.94,'CAD','2025-07-23 11:51:41',0,24.5),(573,846102,215560,2887.36,'USD','2025-05-04 23:34:00',0,25.01),(574,409228,243838,2853.39,'JPY','2024-11-03 06:33:00',0,28.78),(575,630171,957476,1920.39,'EUR','2023-11-15 14:47:26',0,9.03),(576,832368,183571,1829.68,'JPY','2024-10-01 23:46:39',0,42.89),(577,239917,932942,1096.70,'CAD','2024-12-01 23:19:12',0,35.25),(578,425661,332762,1310.58,'EUR','2025-06-04 17:40:15',0,39.09),(579,737012,197599,3853.68,'USD','2024-12-09 08:13:20',0,17.08),(580,912391,167072,1925.58,'CAD','2023-11-22 12:15:13',0,11.99),(581,966334,263426,5759.87,'GBP','2023-08-24 05:15:33',0,13.5),(582,770348,656919,1469.20,'JPY','2025-03-07 23:49:06',0,4.45),(583,301108,263426,691.31,'GBP','2024-04-09 16:36:38',0,16.1),(584,409228,880473,3489.08,'CAD','2024-03-28 14:53:21',0,11.56),(585,599038,523106,1368.45,'CAD','2024-04-07 18:01:57',0,25.22),(586,784246,616728,2829.42,'GBP','2025-05-31 05:41:03',0,47.67),(587,563052,756916,5328.00,'EUR','2025-03-28 22:26:58',0,7.9),(588,730556,197599,4421.69,'GBP','2025-02-23 19:26:03',0,41.87),(589,638021,778853,8543.78,'GBP','2024-07-15 21:54:17',0,14.84),(590,255538,911575,4456.71,'USD','2025-07-15 01:09:39',0,37.85),(591,544683,142263,4219.57,'USD','2024-09-21 16:39:02',0,48.54),(592,638387,823563,9788.73,'JPY','2025-05-05 23:56:54',0,3.09),(593,106403,187821,4738.86,'CAD','2025-07-02 18:49:50',0,9.34),(594,662879,219406,7665.18,'CAD','2024-10-08 16:33:33',0,1.96),(595,332057,363598,1933.54,'EUR','2024-10-02 10:04:47',1,78.65),(596,302426,327694,2323.07,'JPY','2025-06-29 13:38:52',0,33.32),(597,273042,126133,3025.82,'USD','2023-08-18 13:57:59',0,43.79),(598,357833,845842,4786.92,'CAD','2024-08-23 13:44:18',0,49.48),(599,576134,894429,8520.53,'CAD','2023-10-21 23:08:16',0,2.9),(600,354993,368754,7559.62,'CAD','2025-03-16 04:46:13',0,22.09),(601,959122,443269,7789.82,'EUR','2025-06-09 11:46:29',1,75.62),(602,246651,608483,2965.38,'GBP','2024-09-08 20:13:48',0,16.46),(603,246651,267626,1641.56,'EUR','2024-03-01 17:46:01',0,25.01),(604,304849,757216,4730.14,'EUR','2025-05-15 07:57:30',0,15.43),(605,539725,130676,6210.83,'CAD','2023-10-10 10:56:02',0,33.8),(606,647640,276171,85.34,'CAD','2025-02-22 11:03:10',0,42.83),(607,193195,431096,2383.76,'JPY','2023-08-26 20:05:29',0,10.7),(608,627699,767655,5538.29,'USD','2025-02-13 05:27:16',1,75.96),(609,381632,373069,7962.61,'USD','2025-02-03 19:06:10',0,26.22),(610,957297,823236,4220.44,'USD','2025-02-23 22:26:26',0,12.79),(611,508476,907196,6500.38,'EUR','2024-11-22 08:38:27',0,3.58),(612,284063,489801,3766.39,'EUR','2023-12-07 11:04:23',0,44.07),(613,860481,919601,2923.21,'EUR','2025-03-18 23:53:15',0,0.97),(614,434764,394899,3989.61,'USD','2024-01-07 00:41:34',0,36.68),(615,724414,193195,6894.33,'EUR','2025-03-23 12:24:49',0,48.71),(616,263426,950421,4137.25,'GBP','2024-10-27 02:16:00',0,5.5),(617,161769,846102,4237.23,'USD','2025-04-02 09:30:16',0,34.71),(618,832368,562958,1031.40,'USD','2024-08-23 06:25:29',0,29.37),(619,426751,266813,5083.15,'USD','2023-08-06 09:14:23',0,43.24),(620,539725,405144,2607.43,'CAD','2025-05-31 07:55:13',0,13.27),(621,862525,991109,2058.59,'EUR','2024-09-13 14:57:20',0,3.73),(622,860481,533753,7388.64,'JPY','2024-06-17 07:25:04',0,6.18),(623,335732,555576,4171.66,'CAD','2024-06-25 05:50:51',0,2.7),(624,794486,700634,2641.65,'GBP','2024-09-12 16:25:44',0,14.84),(625,510757,490754,9902.16,'JPY','2025-02-17 07:23:49',0,16.6),(626,423471,630171,8173.74,'GBP','2024-03-14 09:36:34',0,35.44),(627,985973,150555,3479.09,'JPY','2024-06-04 08:32:19',0,44.35),(628,770348,278745,8250.26,'CAD','2023-12-13 13:34:56',0,5.49),(629,718191,911575,3188.96,'JPY','2024-07-12 00:54:50',0,40.48),(630,832368,126546,1605.72,'EUR','2025-02-13 15:07:31',0,5.57),(631,626883,783804,2216.84,'GBP','2023-08-27 14:39:14',0,35.1),(632,664709,273308,7142.12,'CAD','2025-04-06 04:43:11',1,85.52),(633,748756,467418,3808.87,'GBP','2023-11-20 21:47:20',0,31.89),(634,927372,549361,265.85,'USD','2023-11-23 18:21:56',0,35.1),(635,350668,843873,9442.21,'USD','2023-12-29 02:50:40',1,72.07),(636,101688,222328,1119.90,'JPY','2025-01-18 04:52:36',1,71.68),(637,773663,350032,6832.75,'EUR','2024-12-09 14:38:56',0,30.44),(638,794486,974651,1528.11,'CAD','2025-04-06 09:19:55',0,5.42),(639,883545,654523,8858.08,'GBP','2023-12-12 10:58:08',0,45.72),(640,368754,217105,1349.68,'JPY','2025-05-17 13:40:02',0,7.61),(641,609870,350032,4445.80,'JPY','2023-11-22 04:14:22',0,1.39),(642,958338,464060,3707.39,'USD','2023-11-21 16:47:02',0,23.53),(643,197599,183720,3578.88,'EUR','2024-05-29 17:46:14',0,46.63),(644,647640,883545,5182.80,'CAD','2024-03-28 07:43:33',0,31.8),(645,784246,302361,9177.31,'CAD','2025-02-01 04:00:53',0,34.11),(646,178476,908857,3393.52,'EUR','2024-12-01 15:36:08',1,89.12),(647,309143,350032,2321.52,'JPY','2023-09-09 00:35:25',0,48.19),(648,357070,796365,646.17,'JPY','2023-10-15 14:56:42',0,4.44),(649,785346,405144,229.16,'CAD','2024-08-13 19:53:01',0,42.18),(650,459569,120373,5692.89,'JPY','2023-10-11 11:25:13',0,17.41),(651,857288,531175,3776.72,'EUR','2024-09-09 16:12:23',0,9.44),(652,620456,405144,8937.76,'GBP','2025-01-02 03:36:18',0,14.2),(653,695822,376515,5989.83,'JPY','2024-10-21 03:56:35',0,19.81),(654,126133,339643,3856.05,'USD','2023-08-03 08:53:05',0,1.5),(655,267626,733490,5682.38,'CAD','2025-06-09 18:33:27',0,29.62),(656,332361,975413,259.50,'USD','2024-01-29 05:02:23',0,11.99),(657,553059,426751,4231.27,'CAD','2024-06-25 16:55:38',0,49.72),(658,573360,858198,7104.40,'EUR','2024-08-13 12:05:35',0,4.07),(659,768390,360610,3013.90,'EUR','2025-07-09 23:05:29',0,43.73),(660,539820,408448,3190.50,'EUR','2024-03-09 04:20:29',0,4.02),(661,943393,141729,8026.24,'JPY','2024-11-18 13:21:30',0,41.05),(662,918605,994983,7199.65,'GBP','2025-03-30 12:36:42',0,10.22),(663,279414,977008,5611.18,'JPY','2024-09-11 14:45:58',0,45.27),(664,681619,730556,2000.48,'GBP','2024-01-06 03:53:12',0,9.1),(665,986803,768390,1332.18,'EUR','2024-02-15 11:44:43',1,92.56),(666,846270,381705,248.79,'GBP','2023-10-30 22:21:56',0,2.71),(667,700634,304408,7145.14,'EUR','2025-01-11 20:23:55',0,3.37),(668,756144,302426,4026.11,'USD','2024-07-23 01:58:14',0,36.79),(669,221412,106403,91.34,'EUR','2024-03-23 21:24:45',0,6.25),(670,731612,750415,9766.75,'CAD','2025-05-27 19:05:26',0,9.15),(671,901983,152017,8905.65,'GBP','2023-12-20 06:44:10',0,9.51),(672,149433,461301,6644.46,'JPY','2023-10-28 00:46:52',0,35.97),(673,742673,106403,8457.85,'GBP','2024-10-22 11:40:10',0,12.46),(674,109347,192453,7284.66,'CAD','2024-05-09 21:32:13',0,19.56),(675,357833,326547,1166.08,'JPY','2024-04-29 06:23:13',0,35.5),(676,405344,959122,9390.35,'USD','2024-09-29 13:44:53',0,41.31),(677,233335,381632,5597.21,'JPY','2024-10-14 03:36:54',0,49.97),(678,866257,332361,3935.98,'CAD','2023-08-10 11:36:31',0,13.31),(679,854133,357833,4720.78,'EUR','2023-10-07 07:29:23',0,38.37),(680,642047,873824,1078.91,'CAD','2023-08-31 05:14:36',0,43.6),(681,373069,781209,1059.33,'EUR','2023-08-21 05:24:50',0,9.33),(682,517213,184650,8456.11,'USD','2023-12-28 17:52:25',0,46.76),(683,270886,173743,5795.63,'CAD','2025-05-22 01:04:41',0,14.18),(684,276171,771452,3922.55,'EUR','2023-09-21 09:19:46',0,46.89),(685,731612,594403,3655.37,'EUR','2023-12-15 14:03:00',0,1.85),(686,726144,880473,3939.58,'JPY','2024-09-20 11:13:37',0,38.32),(687,278450,531554,372.60,'EUR','2024-04-28 20:54:17',0,30.82),(688,533753,606263,5332.83,'CAD','2024-11-24 11:44:39',0,18.24),(689,757216,654523,9073.97,'GBP','2023-12-25 14:39:51',0,8.91),(690,363028,627699,5336.23,'EUR','2024-12-11 16:51:09',0,8.03),(691,681619,368754,466.83,'JPY','2023-09-20 01:41:05',0,12.44),(692,736402,106146,6118.01,'EUR','2024-04-10 11:33:50',0,40.73),(693,589266,173743,4502.77,'USD','2024-06-03 09:31:53',0,40.26),(694,374452,332189,9545.73,'USD','2024-10-17 19:42:54',0,20.13),(695,132874,848469,1925.68,'EUR','2023-08-09 07:02:14',0,14.91),(696,350668,859253,578.29,'CAD','2023-08-19 22:36:08',0,4.48),(697,346238,684170,4147.56,'JPY','2023-10-19 12:10:38',0,38.29),(698,478894,847482,2547.92,'USD','2024-10-08 14:50:22',0,44.13),(699,107171,721692,5897.70,'GBP','2024-06-12 10:29:19',0,23.34),(700,918904,313071,4695.39,'EUR','2024-12-14 12:34:46',0,32.74),(701,684170,650695,2170.70,'EUR','2024-06-18 05:06:56',0,40.48),(702,939566,126546,916.60,'CAD','2023-08-01 22:25:59',0,29.15),(703,918710,173743,3864.50,'GBP','2024-01-22 21:06:06',0,21.31),(704,225295,733490,8326.02,'USD','2025-06-06 19:33:24',1,79.32),(705,258311,545031,687.92,'JPY','2025-03-26 08:05:54',0,25.99),(706,921884,912442,8222.94,'EUR','2025-01-26 00:57:07',0,41.73),(707,957570,812713,3264.46,'CAD','2024-03-14 08:28:28',1,92.9),(708,544582,549427,9114.62,'USD','2025-01-04 04:02:34',0,48.61),(709,482841,321588,9845.09,'EUR','2024-02-14 09:12:01',0,35.03),(710,278450,847482,5096.21,'GBP','2023-08-20 15:56:17',0,20.82),(711,193195,464060,4719.76,'CAD','2024-05-07 21:29:33',0,9.38),(712,642047,859253,483.51,'JPY','2024-12-14 04:35:50',1,82.04),(713,715531,882939,538.25,'EUR','2024-01-21 07:40:37',0,33.9),(714,313802,136888,645.33,'GBP','2025-07-17 23:24:26',0,6.97),(715,342889,860481,4939.68,'JPY','2024-03-14 01:38:49',1,81.69),(716,702347,328815,3242.95,'JPY','2024-10-25 11:42:55',0,14.56),(717,464366,197599,2350.73,'CAD','2023-10-12 08:10:29',1,70.23),(718,781581,839134,7852.31,'USD','2023-09-30 01:47:14',0,43.58),(719,846102,106403,851.16,'CAD','2025-03-03 06:58:53',0,23.16),(720,862525,408448,3925.04,'GBP','2024-10-05 22:19:41',0,17.96),(721,772288,731213,2224.88,'JPY','2023-10-13 00:04:45',0,32.52),(722,388002,549361,7031.59,'USD','2024-05-08 07:32:57',0,47.33),(723,225009,409228,295.20,'GBP','2024-10-27 23:51:54',0,34.23),(724,924543,246201,4612.26,'EUR','2025-03-05 09:16:19',1,87.73),(725,354993,839473,5709.48,'CAD','2024-06-11 11:42:06',0,44.13),(726,918605,576134,9125.52,'USD','2024-06-26 04:38:53',0,26.35),(727,142263,768390,1487.99,'EUR','2025-04-26 20:57:46',0,48.65),(728,975413,891930,4776.06,'JPY','2024-09-28 16:09:01',1,96.35),(729,176521,938521,7558.36,'JPY','2025-02-09 15:40:00',0,1.72),(730,783804,478894,5817.56,'GBP','2024-08-30 20:53:00',0,1.19),(731,896180,724144,4708.51,'JPY','2024-12-13 20:30:36',0,7.55),(732,273308,724144,1426.86,'USD','2025-03-07 12:38:51',1,89.72),(733,633917,767655,2656.52,'GBP','2025-03-27 02:45:15',0,14.22),(734,346901,376515,4522.15,'CAD','2023-12-08 22:38:48',0,19.03),(735,545031,919601,6021.14,'USD','2024-12-22 21:16:50',0,42.71),(736,187821,510757,1681.47,'EUR','2024-12-29 11:02:36',0,49.34),(737,350668,770348,474.67,'CAD','2024-06-07 16:30:48',1,72.58),(738,113126,717805,7726.00,'JPY','2024-03-05 03:40:43',0,21.29),(739,721692,845842,480.83,'EUR','2023-12-25 11:14:58',0,28.29),(740,481010,770348,7675.79,'USD','2025-06-13 14:12:37',0,33.63),(741,894429,812713,8540.35,'CAD','2024-12-09 01:34:26',0,29.57),(742,130676,339643,8415.17,'USD','2025-05-31 02:18:01',0,22.84),(743,435649,669175,6317.82,'GBP','2024-11-05 02:30:52',0,45.2),(744,325640,724144,1846.61,'EUR','2024-03-09 13:59:54',0,46.33),(745,325640,332762,14.98,'CAD','2025-02-17 12:25:12',0,25.7),(746,647640,206043,604.10,'GBP','2025-04-19 10:39:37',0,46.79),(747,443269,693875,3260.51,'CAD','2025-03-13 23:51:51',0,36.56),(748,332057,958338,9535.41,'JPY','2024-08-27 16:28:02',0,38.34),(749,215714,239917,3824.31,'CAD','2024-07-25 22:01:37',0,5.21),(750,342503,106059,1030.08,'EUR','2025-03-16 17:19:41',0,16.23),(751,550379,278362,2565.48,'GBP','2024-12-24 06:50:56',1,71.6),(752,273042,880473,1137.85,'CAD','2023-09-26 13:50:24',0,23.64),(753,832368,127697,7843.13,'GBP','2025-01-31 15:58:20',0,1.16),(754,461301,562958,7240.32,'GBP','2025-03-15 13:48:14',0,10.91),(755,783804,215560,7853.61,'JPY','2024-07-30 04:22:50',0,48.1),(756,921341,492774,4744.23,'EUR','2024-01-05 15:07:40',0,45.05),(757,266711,968810,1624.25,'USD','2024-06-21 22:41:07',0,31.22),(758,545031,413424,2823.01,'USD','2024-07-24 06:53:21',0,22.38),(759,753483,423125,2863.14,'CAD','2025-03-21 00:47:57',0,10.89),(760,265756,748756,8348.50,'EUR','2024-07-23 07:00:11',0,49.25),(761,642667,545952,6321.18,'GBP','2025-04-18 16:50:19',0,40.52),(762,187821,660209,6192.91,'USD','2024-06-01 04:51:12',0,43.91),(763,771452,184650,6752.61,'USD','2023-12-04 03:10:48',0,39.2),(764,845842,167072,6396.41,'USD','2024-05-21 16:09:26',0,25.49),(765,784246,309143,4180.50,'EUR','2025-03-01 23:32:58',0,33.81),(766,478894,363028,1289.76,'GBP','2024-10-14 11:03:46',0,3.69),(767,573022,385804,4327.90,'JPY','2025-05-24 02:43:29',0,33.49),(768,781546,132874,4151.44,'USD','2024-12-26 05:57:32',0,23.56),(769,370507,357070,3461.38,'GBP','2024-12-17 00:25:17',0,34.95),(770,266813,885202,9385.38,'USD','2025-05-31 13:46:22',0,15.94),(771,152017,304849,2243.67,'JPY','2025-01-02 06:35:04',0,17.55),(772,674253,607556,9783.62,'USD','2024-08-27 23:47:04',1,90.55),(773,620456,942532,2193.28,'EUR','2025-04-20 06:49:22',0,30.4),(774,918710,945168,2096.14,'CAD','2025-05-29 12:50:55',0,29.91),(775,126546,381705,187.73,'USD','2025-06-02 20:06:06',0,40.1),(776,165878,549427,5054.31,'JPY','2024-01-08 16:44:01',0,33.46),(777,640867,408448,8391.73,'CAD','2024-07-26 05:53:10',0,29.74),(778,304408,539725,6129.77,'GBP','2024-11-04 16:19:35',0,34.19),(779,726144,259486,6564.30,'JPY','2023-09-01 21:13:25',0,30.19),(780,464362,217105,9259.24,'USD','2024-05-24 07:36:51',0,24.25),(781,985973,237268,4080.00,'USD','2024-10-10 21:55:26',0,2.54),(782,110773,991288,9703.63,'CAD','2025-04-01 05:33:05',0,4.01),(783,859857,778853,4963.75,'EUR','2023-08-27 03:41:56',0,25.19),(784,695822,748756,4909.44,'GBP','2024-03-17 23:03:43',0,39.77),(785,768390,528226,4328.23,'USD','2024-03-13 15:32:20',1,94.71),(786,753483,193195,2393.12,'USD','2023-11-23 13:59:15',0,44.83),(787,896180,443269,6107.64,'JPY','2024-03-20 21:11:23',0,46.12),(788,183720,716300,2671.96,'JPY','2025-07-20 04:25:40',0,6.23),(789,464060,927372,4870.99,'CAD','2024-07-19 15:28:18',0,4.73),(790,703047,829002,4529.54,'CAD','2023-09-18 21:00:14',0,23.73),(791,545952,482841,2213.04,'EUR','2025-02-20 00:54:03',0,49.76),(792,650695,405344,4233.31,'CAD','2025-07-16 03:34:27',0,43.9),(793,481010,222328,1135.68,'GBP','2025-05-30 05:11:24',1,85.57),(794,102106,718191,6193.80,'JPY','2024-10-14 19:24:59',0,31.94),(795,648138,712216,6185.18,'USD','2024-05-16 06:13:43',0,33.43),(796,933473,102023,1476.31,'CAD','2025-03-17 20:25:47',0,41.96),(797,910932,126133,155.55,'EUR','2024-09-17 22:02:51',0,25.52),(798,197599,781385,8114.96,'CAD','2023-12-04 16:36:43',0,0.06),(799,328815,533753,6859.66,'GBP','2024-11-23 11:18:02',0,13.4),(800,960168,489089,290.57,'GBP','2024-07-08 13:07:41',0,14.65),(801,492493,885202,3842.60,'EUR','2024-12-18 13:43:39',0,10.54),(802,267090,941400,3753.05,'CAD','2023-12-24 20:23:19',0,7.06),(803,702347,631998,4339.24,'JPY','2024-02-24 06:27:26',0,26.85),(804,933473,912442,3662.44,'GBP','2024-03-05 20:52:43',0,4.65),(805,742541,173743,3132.77,'JPY','2024-02-24 10:14:04',0,38.13),(806,695822,542389,6778.53,'CAD','2024-12-22 00:19:15',0,13.09),(807,415959,394899,8987.95,'GBP','2024-04-08 16:58:07',0,36.85),(808,225009,431096,980.14,'CAD','2024-11-24 05:57:59',0,38.42),(809,943393,638021,8675.76,'USD','2023-08-07 15:25:03',0,4.06),(810,267626,781209,9486.41,'USD','2023-08-14 17:25:05',0,17.45),(811,107171,102106,3752.52,'EUR','2024-07-03 07:36:32',0,47.54),(812,802344,211347,5938.89,'GBP','2025-05-26 16:26:04',0,21.57),(813,553059,332057,3841.28,'GBP','2023-08-30 19:17:47',0,35.07),(814,517213,194184,7102.90,'CAD','2023-09-28 01:41:02',0,34.51),(815,802344,736402,8178.25,'USD','2025-07-26 08:31:16',0,8.26),(816,932942,327694,2329.08,'EUR','2024-03-10 12:42:30',0,10.59),(817,246651,342503,3472.08,'EUR','2023-09-19 11:00:30',0,30.71),(818,425661,332057,3776.56,'EUR','2023-09-11 02:46:55',0,3.54),(819,376515,785346,8458.93,'JPY','2023-09-23 22:50:17',0,24.35),(820,846270,633917,5198.00,'JPY','2024-01-06 23:03:22',0,44.2),(821,304408,766398,7283.68,'GBP','2024-09-28 18:17:19',0,45.59),(822,435649,737012,5160.53,'CAD','2023-08-21 16:22:58',0,46.96),(823,455782,941400,8121.38,'EUR','2025-03-31 18:45:41',0,47.69),(824,217105,405144,3618.10,'EUR','2025-06-13 19:31:00',0,47.02),(825,923809,703047,5901.63,'GBP','2024-03-27 01:06:30',1,96.28),(826,126133,950421,1377.60,'EUR','2025-03-24 09:21:01',0,48.63),(827,357833,302426,9612.68,'EUR','2024-10-13 14:04:32',0,19.25),(828,957297,565165,2296.88,'CAD','2023-08-13 21:37:32',0,34.05),(829,992416,262641,2572.43,'EUR','2025-03-23 08:47:04',0,42.52),(830,278362,772288,8197.72,'CAD','2025-07-08 07:38:00',0,26.17),(831,847482,848469,153.15,'USD','2025-01-12 21:46:02',0,13.25),(832,102023,302361,9813.49,'GBP','2025-01-09 03:14:35',0,16.85),(833,549427,267355,7214.34,'EUR','2024-05-17 12:19:58',0,11.65),(834,959182,646843,4452.92,'GBP','2025-04-11 20:57:25',0,3.72),(835,924197,510987,22.58,'USD','2023-08-15 09:50:57',0,20.52),(836,339643,550379,5283.79,'EUR','2024-04-12 07:34:32',0,15.66),(837,225295,784246,5231.80,'JPY','2025-03-23 12:21:25',0,43.52),(838,985973,859253,9438.29,'USD','2023-11-29 01:34:25',0,22.06),(839,357070,544582,9601.06,'EUR','2023-12-13 08:34:39',0,28.21),(840,544683,555576,3926.03,'USD','2023-09-03 23:06:43',0,5.07),(841,896180,156059,7680.53,'EUR','2023-08-17 19:05:29',0,24.47),(842,183571,770348,7765.96,'CAD','2025-05-04 21:31:37',0,10.08),(843,695822,339643,4808.08,'CAD','2025-02-08 19:56:33',0,15.7),(844,266813,857288,2255.96,'JPY','2024-08-27 12:41:42',0,48.67),(845,332189,662879,5032.17,'CAD','2025-04-04 03:53:02',0,1.91),(846,394899,487532,504.97,'USD','2023-11-15 05:15:43',0,10.19),(847,654523,681619,4842.88,'GBP','2025-07-15 14:23:08',0,21.41),(848,741733,359108,2800.42,'USD','2025-01-04 14:25:23',0,26.42),(849,107171,113126,7896.84,'GBP','2025-03-16 03:26:58',0,20.46),(850,986803,861689,5255.07,'USD','2024-01-31 14:36:06',0,32.65),(851,831142,482841,2863.47,'EUR','2023-08-10 11:12:27',0,34.54),(852,957297,246201,9453.31,'GBP','2024-10-16 11:36:40',0,14.1),(853,781581,369304,2386.32,'GBP','2025-01-24 21:52:53',0,47.53),(854,405144,534660,9774.53,'USD','2025-06-03 22:40:41',0,6.83),(855,939566,266813,5242.20,'GBP','2023-11-13 06:46:48',0,14.04),(856,106059,353168,8846.63,'CAD','2024-01-07 02:31:30',0,46.77),(857,223412,447566,8690.08,'EUR','2024-10-17 00:43:11',0,17.37),(858,142537,885202,146.36,'USD','2025-03-13 07:49:00',0,28.63),(859,510987,510893,596.79,'CAD','2024-02-29 06:38:38',0,11.4),(860,510987,853594,7777.94,'GBP','2024-05-08 03:25:20',0,11.99),(861,243838,369304,1738.31,'USD','2024-12-17 00:37:12',0,26.08),(862,273148,204417,4594.55,'JPY','2023-09-22 09:56:38',0,42.69),(863,289061,716509,6791.02,'USD','2024-07-09 08:45:36',0,17.22),(864,609870,720230,200.00,'USD','2024-02-08 03:01:16',0,48.71),(865,924197,918605,3295.80,'GBP','2023-08-20 23:21:45',0,32.48),(866,992416,773663,9303.02,'GBP','2024-04-19 12:46:26',0,41.12),(867,206043,405144,2167.24,'GBP','2024-02-29 20:43:08',0,34.88),(868,183720,425661,6258.59,'GBP','2025-05-10 13:09:23',1,89.26),(869,628668,522606,8381.62,'GBP','2024-09-12 03:49:26',0,31.46),(870,723573,156059,9854.39,'CAD','2024-01-13 20:33:32',0,19.49),(871,177411,459569,5741.81,'GBP','2024-03-07 15:08:01',1,87.41),(872,985973,120400,6090.39,'EUR','2024-08-13 10:24:45',0,13.01),(873,482841,206043,3576.28,'USD','2025-07-18 03:25:56',1,73.02),(874,662879,440795,2479.76,'EUR','2024-02-12 10:55:04',0,13.6),(875,773663,211347,6690.22,'CAD','2024-04-28 07:06:51',0,15.25),(876,276171,342503,2053.64,'EUR','2023-10-17 06:07:39',0,49.92),(877,589266,717805,7131.75,'GBP','2023-09-21 16:20:06',0,25.93),(878,137895,445958,6153.49,'EUR','2023-12-18 09:10:17',0,33.47),(879,582393,966334,9401.08,'EUR','2024-11-12 13:25:44',0,39.67),(880,388002,919601,1691.15,'CAD','2024-12-08 06:34:21',0,18.15),(881,679337,278362,6403.68,'CAD','2025-03-19 10:58:01',0,48.66),(882,503012,266813,7937.24,'USD','2025-03-21 23:30:58',0,27.36),(883,957297,266813,878.79,'JPY','2024-02-12 15:14:31',0,15.98),(884,289311,707848,6269.92,'EUR','2024-04-23 16:18:25',0,12.44),(885,270269,489089,5531.96,'CAD','2025-06-16 11:27:06',0,25.22),(886,503012,233335,3054.71,'GBP','2024-08-13 03:40:01',1,72.16),(887,681576,885202,1291.52,'JPY','2024-11-10 03:04:24',0,6.82),(888,150555,853594,9616.72,'CAD','2024-12-21 00:50:54',0,47.38),(889,392618,225009,8103.75,'CAD','2025-05-31 03:38:15',0,29.73),(890,545759,812713,6758.25,'EUR','2024-05-21 20:55:30',0,45.66),(891,839134,278072,398.26,'JPY','2025-02-12 07:37:41',0,18.87),(892,328532,313802,1956.02,'CAD','2024-06-16 00:27:29',0,39.15),(893,357070,664709,4541.88,'CAD','2024-04-02 04:24:20',0,20.61),(894,663869,764417,8852.51,'EUR','2025-01-15 11:34:06',0,20.52),(895,339643,545031,1676.56,'GBP','2024-10-17 16:33:33',0,6.27),(896,894429,690831,5579.00,'JPY','2024-03-09 16:29:01',0,29.6),(897,607556,969466,4084.68,'USD','2024-09-28 11:36:24',0,25.21),(898,749920,185131,4271.86,'CAD','2023-10-12 09:08:36',0,42.72),(899,859253,842595,3128.63,'GBP','2025-05-25 11:46:39',1,77.11),(900,553059,756144,810.33,'CAD','2023-08-19 12:21:05',0,20.99),(901,938521,951149,7560.40,'JPY','2023-09-17 12:40:36',0,37.85),(902,124876,756144,6325.51,'EUR','2024-12-16 13:58:20',0,24.37),(903,445958,423125,9204.04,'CAD','2025-02-19 12:36:35',0,7.12),(904,102475,454569,7764.69,'GBP','2025-06-08 03:53:38',0,40.66),(905,350032,310181,62.15,'JPY','2024-05-31 01:21:17',0,12.67),(906,437427,363598,6642.37,'EUR','2025-06-13 07:19:47',0,12.4),(907,809235,498067,8433.17,'JPY','2024-07-28 06:27:36',0,39.14),(908,773663,534660,5519.52,'GBP','2023-10-01 22:48:37',0,47.82),(909,510987,866257,8103.19,'EUR','2024-02-28 05:49:56',0,8.35),(910,381705,594403,1875.54,'USD','2024-07-23 04:33:40',0,40.87),(911,854133,669175,3722.98,'USD','2025-04-30 18:09:49',0,15.3),(912,112765,346901,2578.97,'EUR','2023-09-09 00:58:07',0,20.24),(913,907196,120373,6009.56,'GBP','2024-08-26 07:18:49',0,22.07),(914,449192,354993,5773.66,'JPY','2024-08-31 21:58:38',0,1.45),(915,669175,981087,296.11,'CAD','2025-04-19 10:54:00',0,28.26),(916,278072,498067,3529.83,'EUR','2024-04-23 07:17:21',0,34.38),(917,772288,981087,6355.16,'CAD','2024-07-07 12:08:15',0,31.94),(918,845842,870797,9733.79,'JPY','2024-11-23 14:41:49',0,23.26),(919,251434,304408,4645.72,'GBP','2024-01-08 19:54:42',0,34.94),(920,781581,255538,9175.63,'GBP','2024-11-02 17:57:23',0,10.99),(921,539725,674253,4855.75,'USD','2024-06-19 14:22:29',1,91.83),(922,753483,565165,2721.02,'USD','2024-01-18 23:30:34',0,13.23),(923,855845,756916,8956.36,'USD','2024-01-25 23:14:29',0,13.65),(924,791592,132874,2044.39,'CAD','2024-10-02 04:50:12',0,1.6),(925,781209,858198,9437.47,'USD','2024-12-03 10:16:57',0,28.56),(926,222328,718191,9547.73,'CAD','2024-02-19 10:57:53',1,75.47),(927,924543,493092,7715.21,'JPY','2024-05-04 07:37:27',0,45.14),(928,994983,920879,6636.57,'EUR','2025-07-01 13:45:25',0,44.51),(929,363028,549427,3043.39,'JPY','2024-04-04 17:29:11',0,24.15),(930,120400,225295,1396.58,'EUR','2024-10-01 06:50:18',0,48.77),(931,703269,435649,3652.00,'CAD','2024-06-25 01:23:10',0,37.68),(932,270269,950421,6756.25,'EUR','2024-05-25 05:56:35',0,47.54),(933,846102,492904,2645.08,'EUR','2024-01-12 03:15:11',0,37.35),(934,405344,142347,4579.00,'JPY','2024-04-25 06:04:36',0,20.14),(935,461301,771452,8080.10,'CAD','2025-03-24 05:33:23',0,34.18),(936,508476,169397,5058.52,'USD','2024-06-22 20:44:25',0,10.28),(937,270886,716300,6994.93,'GBP','2025-07-23 23:45:15',0,46.37),(938,285598,666258,8834.95,'USD','2025-06-22 14:16:46',1,73.49),(939,627699,866257,8575.72,'USD','2024-02-01 22:18:17',1,93.18),(940,918901,865712,4919.84,'USD','2023-10-30 07:21:30',0,43.23),(941,642047,703047,997.85,'GBP','2024-12-24 02:44:27',0,44.17),(942,891930,342503,6673.23,'CAD','2023-08-22 20:35:37',0,27.98),(943,481010,650695,8269.61,'EUR','2023-12-17 02:58:40',0,11.24),(944,939566,215560,7108.91,'CAD','2024-02-25 22:01:12',0,46.72),(945,346636,381705,2911.42,'USD','2024-01-17 02:14:17',0,32.24),(946,332361,596587,7205.17,'CAD','2024-06-26 08:47:52',0,46.16),(947,839473,222328,343.92,'JPY','2025-06-21 16:57:44',0,1.02),(948,640867,225009,5275.61,'EUR','2024-07-17 00:42:09',1,74.87),(949,606263,127697,6123.68,'CAD','2024-03-17 18:50:32',0,16.74),(950,809235,866257,1299.97,'CAD','2023-12-06 00:40:00',0,12.78),(951,343764,547239,9602.34,'USD','2024-07-28 21:15:29',0,31.57),(952,454569,859253,6924.46,'EUR','2023-07-29 22:39:09',0,18.67),(953,674253,865712,3180.49,'JPY','2024-01-04 17:22:52',0,25.32),(954,332361,166701,2429.01,'CAD','2024-08-23 07:28:23',0,26.67),(955,927372,516875,4753.36,'GBP','2025-04-19 12:51:02',0,38.44),(956,703269,206328,8685.85,'USD','2024-04-24 18:46:55',0,10.02),(957,215883,874299,8693.97,'EUR','2024-03-26 08:21:48',0,10.29),(958,626883,748756,2309.91,'EUR','2024-03-09 18:17:28',0,15.42),(959,265756,609870,1656.93,'CAD','2025-04-17 21:57:57',0,17.65),(960,862525,443269,8075.84,'GBP','2024-08-05 16:53:01',0,32.7),(961,679337,874299,5927.74,'USD','2025-05-13 17:00:24',0,37.25),(962,440795,608483,8432.90,'EUR','2024-11-30 13:01:43',0,30.43),(963,560657,695822,1108.33,'JPY','2024-01-30 19:28:36',0,34.06),(964,194595,924543,9290.88,'JPY','2024-05-05 06:18:29',0,17.08),(965,898189,246651,6601.04,'EUR','2023-09-26 23:27:15',0,12.76),(966,924543,489089,9671.55,'JPY','2023-09-07 13:18:22',0,3.99),(967,258311,764417,1821.39,'USD','2025-06-04 20:22:10',0,48.89),(968,215560,547239,8566.44,'CAD','2024-09-27 00:45:22',0,3.25),(969,846102,409228,9715.50,'JPY','2025-03-18 05:27:04',0,3.19),(970,332057,823236,3323.97,'JPY','2024-01-09 18:07:40',0,7.85),(971,126546,781209,8903.37,'EUR','2024-09-08 13:26:24',0,4.82),(972,918710,445958,3340.27,'USD','2024-08-24 04:44:46',0,24.39),(973,927372,813261,4856.49,'EUR','2023-10-28 13:31:20',0,14.39),(974,896180,650695,5476.18,'GBP','2025-03-11 23:28:17',0,7.74),(975,312414,177411,793.80,'GBP','2025-06-12 23:29:28',0,19.77),(976,800558,278450,5707.94,'GBP','2025-05-30 06:22:37',0,20.18),(977,263426,357070,5521.79,'JPY','2023-11-30 08:03:28',0,31.32),(978,270886,985037,7658.33,'EUR','2024-09-25 20:51:44',0,6.25),(979,978433,703047,7865.57,'EUR','2025-06-12 11:35:21',0,46.64),(980,255538,307937,3669.33,'JPY','2025-07-19 11:38:06',0,49.55),(981,270269,363028,7311.89,'CAD','2024-07-24 04:25:14',0,27.47),(982,531846,965973,957.44,'JPY','2025-05-04 06:52:40',0,3.76),(983,767655,718191,1421.44,'USD','2025-04-16 12:17:21',0,13.19),(984,609870,549361,5256.32,'USD','2025-04-28 16:35:19',0,34.25),(985,912442,481874,393.62,'EUR','2024-12-03 21:19:46',1,83.06),(986,813261,211347,1984.46,'CAD','2025-06-10 19:08:44',0,0.09),(987,197599,609870,5872.45,'USD','2024-12-05 12:18:32',0,31.07),(988,791592,847482,6615.21,'CAD','2023-10-22 22:36:43',0,45.44),(989,968744,845842,8430.57,'CAD','2023-12-27 20:53:37',0,5.94),(990,737012,617300,2294.92,'USD','2024-01-04 12:52:02',0,41.29),(991,197599,523106,5416.43,'EUR','2023-11-17 14:19:01',0,6.21),(992,112765,880473,6285.00,'CAD','2024-08-07 01:42:22',0,20.54),(993,684170,783804,1119.74,'USD','2024-03-06 21:40:37',0,41.04),(994,368754,724414,6658.64,'EUR','2024-02-27 20:22:12',0,29.47),(995,854133,353168,1295.40,'GBP','2024-04-03 00:05:53',0,21.04),(996,707848,969466,630.31,'EUR','2023-11-03 01:02:00',0,30.36),(997,978433,443269,7262.74,'CAD','2024-07-10 14:02:51',0,15.15),(998,167072,359108,6580.36,'EUR','2025-05-05 22:51:19',0,21.83),(999,145419,848469,152.48,'EUR','2024-08-04 06:26:14',0,34.6),(1000,802344,597505,889.54,'JPY','2025-02-03 07:26:43',0,46.52),(1001,415959,842595,9934.68,'USD','2024-05-06 13:41:52',0,28.78),(1002,839473,304408,7929.57,'EUR','2025-07-20 03:34:31',0,16.22),(1003,191947,855845,6063.64,'EUR','2024-04-06 16:07:57',0,18.87),(1004,688573,357070,9675.90,'GBP','2024-03-07 13:12:10',0,23.96),(1005,844547,726144,2340.26,'CAD','2024-12-03 18:56:42',1,79.08),(1006,445958,544582,5352.05,'CAD','2024-12-19 02:29:05',0,36.2),(1007,844547,141729,5753.29,'EUR','2024-04-27 12:49:34',0,35.79),(1008,802344,442950,2890.63,'EUR','2024-05-20 23:40:36',0,39.59),(1009,731612,938521,4952.02,'CAD','2023-12-28 11:54:08',0,39.64),(1010,132874,898189,6493.39,'GBP','2024-10-18 11:51:50',0,39.17),(1011,346238,749920,3977.60,'CAD','2024-01-30 00:18:14',0,15.58),(1012,270269,977008,8481.05,'USD','2024-08-11 14:23:48',0,6.16),(1013,742673,369304,5822.03,'CAD','2023-09-02 03:13:15',0,36.78),(1014,648138,335732,6397.83,'USD','2024-07-13 01:15:27',0,0.05),(1015,206328,215883,6694.23,'GBP','2025-04-18 22:14:50',0,34.16),(1016,127073,199234,8471.76,'CAD','2024-05-23 15:03:35',0,22.64),(1017,666258,857288,4752.16,'GBP','2024-10-05 13:41:22',0,7.45),(1018,594403,267355,6989.41,'EUR','2023-12-01 14:49:00',0,48.94),(1019,959182,656919,460.01,'JPY','2023-08-07 15:12:29',0,29.56),(1020,890309,194184,530.16,'GBP','2024-01-27 10:52:32',0,44.8),(1021,278362,899690,584.98,'CAD','2023-12-02 22:11:14',0,24.57),(1022,627699,161769,396.93,'JPY','2025-03-15 17:17:51',0,35.92),(1023,938521,409228,7754.09,'CAD','2024-02-11 14:19:57',0,41.14),(1024,865307,176521,4179.72,'CAD','2025-07-01 21:01:57',0,3.23),(1025,703047,120400,662.76,'CAD','2024-12-25 15:43:41',0,8.04),(1026,481010,516875,6476.15,'USD','2025-04-06 00:32:19',0,22.16),(1027,184650,910932,1398.13,'EUR','2023-10-10 09:14:47',0,30.04),(1028,785346,918710,1038.64,'JPY','2024-05-19 12:04:28',0,34.15),(1029,508476,362339,5719.27,'JPY','2024-03-24 21:37:55',0,49.08),(1030,589266,440795,4439.53,'CAD','2023-12-24 13:37:28',0,15.02),(1031,890309,197599,5435.53,'USD','2025-05-29 22:35:06',0,8.25),(1032,363028,985037,7218.35,'EUR','2025-02-18 08:18:34',0,3.47),(1033,770348,784246,3401.16,'JPY','2023-11-24 08:22:54',0,32.86),(1034,718191,326547,4260.32,'USD','2024-10-09 09:09:00',0,38.18),(1035,455782,405144,9063.84,'CAD','2025-03-19 13:19:59',0,35.11),(1036,423125,215883,3672.39,'GBP','2024-05-03 08:15:54',0,31.21),(1037,278362,278072,2380.10,'GBP','2025-03-19 22:21:26',0,49.12),(1038,385089,101688,4920.66,'GBP','2024-08-20 22:54:03',0,34.84),(1039,152017,370507,140.16,'JPY','2025-01-15 10:15:42',0,8.46),(1040,985973,270886,1600.98,'JPY','2025-03-11 17:18:38',1,93.53),(1041,492493,373069,9230.74,'EUR','2023-10-06 16:13:08',0,9.83),(1042,985973,279414,4169.59,'CAD','2025-02-14 09:51:26',0,27.61),(1043,783804,496323,5564.13,'EUR','2024-06-21 21:25:50',0,26.93),(1044,321588,187821,4741.64,'GBP','2025-04-03 21:48:52',0,45.89),(1045,781546,631998,916.60,'CAD','2023-11-04 03:46:53',0,34.48),(1046,527742,547239,926.20,'CAD','2024-03-05 04:16:34',0,13.05),(1047,883545,545952,1973.05,'GBP','2024-08-20 19:48:07',0,35.34),(1048,313071,794486,8635.77,'JPY','2024-11-15 05:14:42',0,41.59),(1049,991288,921341,7700.86,'EUR','2024-04-01 08:59:16',0,6.92),(1050,633917,550379,8147.85,'GBP','2024-12-04 08:26:09',0,39.51),(1051,617300,939566,9630.24,'EUR','2025-06-06 08:27:27',0,4.6),(1052,219406,370507,5833.72,'USD','2024-03-28 07:20:33',0,25.62),(1053,199234,112765,5105.60,'GBP','2023-09-14 20:03:29',1,81.92),(1054,796365,359108,4988.18,'CAD','2024-04-17 16:07:09',1,71.35),(1055,688573,313071,9450.70,'CAD','2023-08-07 02:10:27',1,82.65),(1056,532741,839473,7635.94,'CAD','2023-11-11 22:52:48',0,11.77),(1057,461301,192141,6946.80,'CAD','2024-11-23 14:37:12',0,22.61),(1058,346636,848469,1996.95,'JPY','2024-02-14 07:51:44',0,40.67),(1059,461301,435649,1680.87,'CAD','2023-10-28 06:03:51',0,5.99),(1060,869221,498067,5909.32,'CAD','2025-05-23 07:31:50',1,70.05),(1061,332189,950421,9107.79,'EUR','2023-11-22 15:23:35',0,16.37),(1062,756144,542389,8647.25,'USD','2024-04-01 12:31:04',0,28.54),(1063,665978,510987,2664.09,'EUR','2024-07-27 10:08:03',0,24.81),(1064,197599,974651,3628.35,'GBP','2025-04-17 05:29:18',0,0.23),(1065,562958,106403,7109.25,'USD','2025-01-28 20:24:12',0,40.61),(1066,342503,945168,9532.40,'CAD','2024-09-30 04:23:54',1,83.78),(1067,688573,957476,4887.78,'JPY','2025-07-10 21:46:12',1,82.41),(1068,716509,664709,7630.72,'EUR','2024-08-06 01:25:09',0,14.78),(1069,650695,102023,5765.44,'GBP','2023-12-16 18:20:25',0,49.28),(1070,547839,766398,691.11,'EUR','2024-07-18 05:25:15',0,11.3),(1071,733216,626883,6151.21,'JPY','2024-04-24 17:00:45',0,12.53),(1072,549361,802344,2265.97,'USD','2024-05-10 14:05:55',0,24.86),(1073,106059,725418,2798.21,'JPY','2024-07-23 06:08:06',0,45.97),(1074,130676,140937,5152.15,'GBP','2025-03-18 03:16:44',0,13.06),(1075,215560,532741,42.95,'EUR','2024-08-29 07:05:16',0,46.28),(1076,239917,950421,6651.26,'JPY','2024-12-21 11:12:02',0,17.54),(1077,957476,531554,2.70,'USD','2025-06-12 07:21:11',0,37.81),(1078,357070,211347,3580.36,'EUR','2023-10-23 18:03:49',1,82.23),(1079,891092,149433,5399.78,'EUR','2025-01-08 18:08:31',1,88.6),(1080,768390,106146,782.09,'EUR','2025-02-24 02:44:47',0,12.83),(1081,532741,218381,3463.86,'EUR','2024-10-22 21:21:54',0,45.21),(1082,748756,440795,5605.47,'EUR','2025-01-12 03:00:29',1,96.54),(1083,351676,496915,6446.68,'CAD','2024-03-14 05:08:08',0,40.31),(1084,289061,589266,9884.73,'JPY','2023-10-06 17:08:36',0,34.83),(1085,392618,126546,866.28,'JPY','2023-11-14 09:11:42',0,27.71),(1086,718191,405344,813.45,'GBP','2025-03-27 20:53:31',0,29.01),(1087,829002,136888,5329.61,'CAD','2024-07-22 19:42:00',0,29.25),(1088,360610,394899,8587.49,'JPY','2023-12-05 19:05:54',0,30.18),(1089,802344,520198,2724.86,'EUR','2024-06-27 01:28:59',0,23.25),(1090,327694,912674,944.97,'CAD','2024-08-14 16:18:05',0,29.85),(1091,266813,531846,808.45,'CAD','2024-07-12 09:34:26',0,19.46),(1092,875260,885202,4784.51,'EUR','2023-08-15 10:45:38',0,29.8),(1093,712216,340644,2556.56,'GBP','2023-12-10 19:36:12',0,38.33),(1094,791592,120400,1508.81,'CAD','2024-10-07 16:24:15',0,15.85),(1095,630171,415959,1716.37,'EUR','2024-04-01 01:23:29',0,38.7),(1096,957297,169397,7982.16,'EUR','2025-02-13 07:16:12',0,39.42),(1097,140937,332361,9704.90,'GBP','2024-03-09 12:47:43',0,21.6),(1098,225009,994983,4753.16,'JPY','2025-02-22 02:20:38',0,6.11),(1099,381632,880473,3887.16,'JPY','2024-09-11 21:21:37',0,44.39),(1100,749920,527742,9963.27,'GBP','2024-03-19 07:27:59',0,47.19),(1101,898189,968744,5724.39,'CAD','2024-03-04 08:00:06',0,22.71),(1102,286919,531175,1629.26,'EUR','2024-05-18 02:40:42',0,25.85),(1103,239917,778853,6.34,'JPY','2023-09-19 09:38:39',1,90.04),(1104,932942,654523,5034.82,'GBP','2025-02-16 04:43:02',0,30.95),(1105,767655,875260,2211.09,'JPY','2025-05-27 19:50:23',0,45.81),(1106,716509,431096,3771.56,'EUR','2024-11-05 15:11:19',0,39.54),(1107,794486,102023,5212.72,'GBP','2024-09-29 11:37:10',0,42.57),(1108,482841,413424,8314.38,'EUR','2025-02-19 19:41:49',0,39.72),(1109,756144,669175,7719.12,'USD','2023-10-04 05:18:34',0,30.2),(1110,321588,106146,801.65,'GBP','2025-01-22 16:04:48',0,41.07),(1111,525664,959122,1564.49,'GBP','2024-12-09 10:23:28',0,49.03),(1112,730556,898189,6310.10,'EUR','2023-11-16 09:56:58',0,3.72),(1113,302361,700634,6000.98,'GBP','2024-09-12 04:14:46',0,38.44),(1114,783804,193195,811.30,'USD','2025-03-04 11:55:40',0,0.07),(1115,750415,521681,9348.07,'CAD','2024-01-20 03:58:17',0,10.63),(1116,113126,950421,2759.85,'CAD','2023-09-23 06:08:33',0,20.23),(1117,599038,991288,192.30,'USD','2023-10-10 18:59:26',0,17.09),(1118,279414,654523,8130.34,'EUR','2024-03-07 17:41:51',0,34.19),(1119,749920,302361,1373.55,'USD','2024-05-02 20:19:49',1,94.53),(1120,545759,742541,5193.80,'JPY','2025-03-27 10:20:34',0,24.94),(1121,865307,328815,7019.09,'GBP','2024-07-09 20:22:10',0,33.87),(1122,415959,885202,6295.04,'USD','2025-02-03 23:47:23',0,49.56),(1123,516875,187821,9017.72,'USD','2024-01-15 13:54:31',1,98.98),(1124,440795,481874,3218.05,'JPY','2024-12-18 21:58:37',0,20.24),(1125,859857,674253,7080.22,'EUR','2025-07-08 23:55:13',0,2.23),(1126,215560,490754,5448.21,'EUR','2024-05-24 12:00:10',1,85.16),(1127,773663,912442,8189.67,'CAD','2025-04-16 19:19:01',0,23.35),(1128,969466,508476,6600.67,'CAD','2023-09-06 11:31:19',0,36.43),(1129,720230,599038,5109.28,'CAD','2023-09-22 07:30:49',0,38.62),(1130,861689,772288,9736.33,'EUR','2023-08-25 00:10:47',0,5.02),(1131,640867,847482,6516.50,'JPY','2025-04-15 04:44:11',0,9.12),(1132,617300,778853,1419.79,'CAD','2025-03-25 20:33:38',0,23.09),(1133,532741,357833,9919.77,'USD','2025-01-21 19:11:45',0,25.87),(1134,898189,599038,7469.49,'JPY','2025-04-30 10:05:23',0,9.72),(1135,731612,425661,1654.21,'JPY','2024-03-04 02:11:34',0,35.25),(1136,165878,106059,1499.73,'USD','2025-02-11 04:02:05',0,22.83),(1137,640867,831142,3465.67,'USD','2025-05-02 06:33:40',0,11.21),(1138,265756,647640,3097.85,'EUR','2024-10-08 01:42:57',0,28.71),(1139,278450,192141,4612.90,'GBP','2025-03-01 15:40:42',0,4.64),(1140,912674,169397,6232.85,'GBP','2025-03-27 06:33:49',0,49.59),(1141,860481,965973,1746.71,'GBP','2024-11-16 14:40:25',0,2.33),(1142,753483,194184,7746.33,'JPY','2025-03-02 01:08:07',0,3.78),(1143,858198,562958,6314.05,'CAD','2025-05-10 22:27:46',0,9.46),(1144,267355,545952,7868.46,'GBP','2023-12-31 06:14:18',0,41.13),(1145,225284,304794,1448.47,'JPY','2023-12-25 14:03:00',0,7.54),(1146,544683,210200,5239.41,'CAD','2024-10-19 12:47:32',0,28.78),(1147,854133,197599,347.42,'JPY','2025-04-30 21:15:06',0,40.92),(1148,716300,725418,2798.16,'USD','2025-03-14 19:59:32',0,40.68),(1149,737012,284063,4709.32,'GBP','2025-03-14 18:52:53',0,46.58),(1150,343764,986803,2966.69,'JPY','2023-11-17 21:33:50',0,12.16),(1151,616728,582393,4124.84,'USD','2024-02-05 04:25:27',0,3.09),(1152,243838,784246,8561.43,'JPY','2025-06-09 15:04:22',0,15.71),(1153,102475,565165,3222.80,'GBP','2025-01-06 12:51:48',0,23.62),(1154,176588,532741,262.48,'GBP','2025-01-06 00:17:13',0,27.9),(1155,573022,137895,3828.88,'JPY','2025-04-03 15:30:00',0,14.1),(1156,459569,943393,7155.46,'GBP','2024-12-04 04:29:14',0,28.27),(1157,520198,246651,5250.83,'EUR','2024-02-26 09:43:30',0,24.16),(1158,149433,321588,6908.75,'JPY','2025-05-01 20:55:54',0,37.09),(1159,265756,360610,4325.02,'EUR','2024-03-25 03:07:38',0,15.56),(1160,304850,218381,5230.56,'JPY','2025-06-17 05:30:32',0,4.65),(1161,464366,891092,9212.67,'GBP','2024-11-11 03:35:29',0,26.79),(1162,498067,992416,628.24,'CAD','2023-12-16 17:12:57',0,2.05),(1163,329091,938941,2780.45,'GBP','2025-04-12 00:19:10',0,10.94),(1164,408448,312414,2689.53,'GBP','2025-02-26 16:26:27',0,43.32),(1165,790154,359108,9248.16,'JPY','2025-05-01 19:26:38',0,1.67),(1166,246651,545759,8564.36,'EUR','2024-11-10 16:54:28',0,24.92),(1167,302361,265756,1641.91,'JPY','2023-11-10 06:02:39',0,17.14),(1168,547239,688573,2770.60,'JPY','2023-09-19 02:56:29',0,39.75),(1169,532741,231918,9613.20,'JPY','2023-10-31 19:07:47',0,6.71),(1170,794486,858198,4390.65,'USD','2024-08-16 12:56:58',0,31.63),(1171,875260,246651,4645.69,'EUR','2024-07-14 09:03:56',0,40.58),(1172,388002,222328,7947.56,'JPY','2024-09-26 12:26:40',0,34.77),(1173,363227,750586,3224.81,'JPY','2024-06-16 11:42:09',0,13.26),(1174,263426,933473,1063.23,'GBP','2024-12-30 19:28:52',0,29.76),(1175,880473,360610,3983.46,'JPY','2024-08-24 02:39:34',0,20.18),(1176,792623,464366,843.81,'USD','2024-11-13 04:44:37',0,39.9),(1177,860481,431096,9493.43,'GBP','2025-04-12 04:57:23',0,15.47),(1178,126133,521681,44.89,'USD','2023-09-27 23:55:02',0,6.36),(1179,273148,628668,1731.50,'USD','2025-04-07 13:49:22',0,37.39),(1180,869221,918710,5690.42,'GBP','2024-01-17 01:12:56',0,11.99),(1181,957297,278450,3331.86,'CAD','2025-07-04 11:28:36',0,7.71),(1182,938521,663869,376.89,'GBP','2024-06-25 08:49:47',1,84.5),(1183,562418,627694,4453.88,'CAD','2024-05-26 15:39:31',0,4.01),(1184,886180,409228,8343.15,'USD','2025-07-07 05:37:20',0,44.72),(1185,882208,461301,3049.47,'EUR','2024-09-05 18:16:25',1,92.87),(1186,656919,882939,8737.63,'USD','2023-08-28 15:11:33',0,7.66),(1187,965973,231918,5859.46,'EUR','2025-05-08 23:19:26',0,7.9),(1188,560657,608483,9723.57,'CAD','2024-02-13 06:16:16',0,14.05),(1189,221412,839134,6618.09,'GBP','2024-05-15 12:17:54',0,30.53),(1190,865712,524726,479.05,'CAD','2023-11-09 22:53:55',0,13.49),(1191,142237,109347,8199.84,'JPY','2025-07-22 18:10:21',0,17.48),(1192,141729,628668,2333.98,'USD','2024-11-07 00:19:04',0,8.89),(1193,145270,957297,2411.34,'CAD','2025-05-17 15:27:03',0,9.47),(1194,362339,350032,120.51,'CAD','2024-10-21 22:31:20',1,85.65),(1195,700634,927372,5067.89,'JPY','2025-04-17 16:12:14',0,33.07),(1196,482841,332762,4453.96,'EUR','2025-04-25 02:16:54',0,18.66),(1197,492904,102475,8625.23,'GBP','2025-06-25 12:03:52',0,24.93),(1198,454854,991288,721.87,'CAD','2025-02-01 06:58:07',0,49.58),(1199,544582,910932,943.11,'JPY','2025-06-21 23:40:23',0,36.23),(1200,772288,137895,7200.39,'JPY','2024-11-25 04:10:43',0,14.99),(1201,656919,865712,2760.42,'GBP','2025-01-17 21:33:02',0,8.09),(1202,968744,313071,2237.32,'GBP','2025-06-02 06:21:47',0,48.84),(1203,239917,304794,8685.41,'GBP','2025-06-14 13:48:22',0,9.33),(1204,496915,866257,2130.54,'EUR','2025-07-10 19:32:27',0,11.55),(1205,640867,921341,5936.56,'USD','2023-07-30 10:26:49',0,0.59),(1206,481010,126133,1844.93,'JPY','2024-09-26 09:36:30',0,18.58),(1207,206043,102475,8005.34,'USD','2025-06-27 13:42:00',0,12.37),(1208,545031,943393,8976.48,'GBP','2024-11-12 07:22:04',0,8.5),(1209,489089,465595,4405.06,'GBP','2023-12-14 15:35:27',0,4.92),(1210,524726,992416,9379.47,'EUR','2023-11-16 19:17:23',0,21.73),(1211,718191,445958,8464.00,'CAD','2024-03-28 21:58:28',0,18.7),(1212,408448,267090,8613.99,'USD','2024-08-15 17:12:18',0,40.77),(1213,666258,199234,5198.51,'CAD','2024-05-20 13:33:55',0,28.44),(1214,724414,194184,7042.35,'CAD','2024-04-21 23:40:11',0,44.65),(1215,294470,753483,8940.26,'JPY','2023-09-29 18:56:30',1,93.87),(1216,573022,141729,7788.88,'USD','2024-11-08 12:36:02',0,17.88),(1217,394899,510893,5143.52,'EUR','2024-05-05 20:44:32',0,44.46),(1218,278362,263426,8108.56,'JPY','2024-08-03 09:45:59',0,32.19),(1219,152017,690831,8254.97,'JPY','2023-09-03 11:52:35',0,34.91),(1220,733216,563052,1065.81,'EUR','2025-07-22 21:15:08',0,31.7),(1221,304849,790154,2467.72,'CAD','2024-02-27 02:39:23',0,13.89),(1222,124876,606263,575.91,'EUR','2024-12-27 09:40:58',0,1.68),(1223,693875,854133,2320.59,'CAD','2025-03-03 21:39:08',0,46.46),(1224,197599,141729,5632.83,'GBP','2023-11-28 09:38:44',0,42.98),(1225,199234,901983,4159.59,'GBP','2024-04-25 00:11:54',0,1.57),(1226,437427,262641,1749.63,'GBP','2024-04-09 22:44:25',0,43.85),(1227,960168,206328,5011.22,'EUR','2023-11-29 17:25:26',1,94.69),(1228,890309,912442,5571.28,'CAD','2024-11-17 19:51:04',0,16.41),(1229,370507,702347,3695.88,'CAD','2025-01-28 03:20:59',0,6.13),(1230,918807,553606,9805.67,'GBP','2024-11-13 05:42:44',0,16.73),(1231,707848,445958,9841.24,'JPY','2025-01-15 06:19:14',0,10.7),(1232,423471,638021,2783.79,'GBP','2023-10-03 17:35:26',0,14.34),(1233,394867,107171,7536.33,'EUR','2024-05-25 13:20:21',1,87.21),(1234,633917,627699,2108.61,'USD','2024-07-24 23:29:58',0,22.37),(1235,869221,829002,4889.83,'CAD','2025-07-03 09:56:53',0,31.76),(1236,233335,409228,5063.07,'USD','2024-06-22 17:39:56',0,21.62),(1237,725418,544683,2327.49,'JPY','2024-08-24 02:54:34',0,21.55),(1238,802344,886180,3713.75,'USD','2024-08-13 16:50:02',0,10.65),(1239,623248,346901,8158.29,'CAD','2023-12-04 16:01:11',0,46.73),(1240,736402,853594,2694.39,'EUR','2023-07-27 11:53:03',0,25.23),(1241,781581,326547,5630.45,'EUR','2025-05-07 23:33:16',0,36.74),(1242,532741,112765,8757.44,'CAD','2025-06-06 09:53:40',0,23.04),(1243,545952,265756,5497.67,'GBP','2023-08-09 04:59:56',0,2.73),(1244,843873,481010,2260.71,'GBP','2023-11-16 16:47:21',0,47.03),(1245,215714,738327,4934.59,'GBP','2025-04-30 08:57:51',0,36.56),(1246,845842,326547,5449.06,'GBP','2024-09-16 02:21:57',0,17.78),(1247,113126,703269,7932.33,'GBP','2023-09-27 23:55:01',0,27.96),(1248,912442,294470,7666.14,'JPY','2024-08-11 20:55:04',0,36.58),(1249,184650,493092,2361.19,'CAD','2025-03-05 04:52:30',0,28.34),(1250,932942,239917,199.02,'CAD','2024-02-02 04:12:15',0,41.08),(1251,921341,510893,5235.75,'JPY','2024-06-02 03:01:42',0,36.46),(1252,844547,764417,5396.32,'GBP','2025-01-16 00:20:01',0,20.51),(1253,792623,846270,9006.48,'CAD','2024-05-08 23:05:42',0,13.13),(1254,276171,974651,5572.49,'GBP','2023-07-30 13:22:42',0,40.25),(1255,461301,176588,6433.87,'EUR','2024-02-20 09:51:18',0,29.2),(1256,921884,376515,4239.52,'CAD','2024-09-02 16:58:59',0,29.11),(1257,631998,562418,8366.20,'USD','2024-12-10 16:09:10',1,93.38),(1258,243838,313071,1397.45,'CAD','2024-05-25 19:47:11',0,30.6),(1259,176521,981087,672.66,'EUR','2024-03-15 06:56:01',0,39.33),(1260,908857,968744,6072.01,'EUR','2024-12-22 22:11:19',0,4.27),(1261,442950,312414,5807.08,'CAD','2025-07-08 09:24:04',0,17.27),(1262,553606,725418,7924.76,'GBP','2025-04-20 06:33:32',0,27.98),(1263,381632,304794,4747.07,'EUR','2024-07-21 18:03:33',0,47.43),(1264,405344,301108,3587.45,'USD','2023-10-28 17:12:58',0,3.12),(1265,284063,127073,3662.68,'CAD','2024-11-20 16:40:34',0,32.49),(1266,858198,638387,7576.34,'USD','2023-12-27 20:43:56',0,6.49),(1267,749920,177411,1645.56,'JPY','2024-01-09 04:54:16',0,42.51),(1268,145270,599038,8808.74,'EUR','2024-10-27 22:23:43',0,5.79),(1269,520198,712216,331.81,'JPY','2024-01-06 09:42:41',0,3.53),(1270,481874,549427,8927.59,'USD','2024-12-28 09:03:38',0,48.55),(1271,549361,304849,2526.02,'JPY','2024-07-29 13:52:08',0,19.95),(1272,394899,120400,190.74,'EUR','2024-06-07 16:43:43',0,44.95),(1273,210200,510893,3401.58,'CAD','2025-03-05 04:24:01',0,30.06),(1274,894429,768390,4585.78,'GBP','2024-06-29 00:43:37',0,2.8),(1275,191947,325640,3872.17,'USD','2025-01-03 16:59:27',1,94.86),(1276,435649,809235,3446.73,'JPY','2024-10-21 17:44:44',0,16),(1277,764417,263426,7570.88,'CAD','2025-01-20 19:46:37',0,47.21),(1278,981087,286919,3913.91,'JPY','2025-05-08 19:32:53',0,38.39),(1279,766398,231918,8401.79,'CAD','2023-12-30 12:15:47',0,19.98),(1280,620456,373069,4561.92,'CAD','2024-12-03 08:35:21',0,17.59),(1281,219406,409228,9973.59,'JPY','2023-07-30 17:29:11',0,36.7),(1282,771452,481874,4271.47,'USD','2024-01-01 03:25:49',0,35.04),(1283,304849,273308,2212.97,'GBP','2025-01-18 14:50:45',0,8.94),(1284,363227,381705,584.13,'CAD','2024-03-07 23:02:09',0,5.13),(1285,357070,778853,6501.50,'USD','2024-01-02 03:34:32',0,2.44),(1286,957476,650695,2612.88,'JPY','2024-09-06 09:15:33',0,15.75),(1287,957297,716509,6109.57,'USD','2025-05-05 09:57:13',0,0.54),(1288,523106,353168,210.99,'EUR','2024-08-25 06:48:44',0,18.59),(1289,981087,646843,9015.54,'USD','2023-12-30 01:21:54',0,29.06),(1290,510987,918710,3537.68,'CAD','2024-02-26 12:45:33',0,42.78),(1291,781385,194595,8639.14,'JPY','2023-10-30 03:02:58',0,14.89),(1292,239917,982329,1764.92,'EUR','2024-03-25 00:56:15',0,30.06),(1293,847482,440865,9977.51,'EUR','2023-09-02 04:55:43',0,12.71),(1294,127073,106146,858.29,'GBP','2024-11-15 21:45:24',0,42.85),(1295,843873,642047,9135.82,'CAD','2024-08-18 00:45:15',0,25.11),(1296,857288,185131,8082.89,'JPY','2023-10-16 13:50:12',0,0.96),(1297,267090,335732,8265.25,'CAD','2023-08-30 17:06:26',0,2.76),(1298,647640,832368,7770.49,'USD','2023-11-11 16:32:47',0,42.95),(1299,720230,918710,1075.76,'JPY','2025-04-15 20:20:18',0,48.18),(1300,239917,503012,5819.13,'CAD','2025-06-29 10:05:39',0,36.33),(1301,860481,225295,4432.12,'CAD','2024-03-06 04:20:42',0,10.6),(1302,568764,617300,8734.18,'EUR','2024-06-13 11:44:13',0,24.62),(1303,918605,623248,5523.17,'EUR','2023-12-13 15:47:05',0,15.14),(1304,101688,423471,1336.16,'EUR','2025-01-08 02:48:43',0,21.02),(1305,860481,525664,4244.50,'EUR','2024-08-02 04:16:16',0,13.23),(1306,498067,284063,4144.89,'EUR','2023-08-05 11:20:27',0,1.73),(1307,259486,921341,3166.74,'GBP','2024-01-13 18:29:39',0,44.19),(1308,204417,385804,3362.76,'GBP','2023-08-02 08:13:06',0,17.39),(1309,215714,279414,5843.56,'USD','2024-06-10 22:13:58',0,23.42),(1310,440865,363028,2494.00,'JPY','2025-04-23 10:26:36',0,31.17),(1311,440795,423471,9868.62,'EUR','2025-04-30 08:50:05',0,46.18),(1312,730556,394867,3970.25,'GBP','2024-10-09 11:53:38',0,24.66),(1313,562418,943393,4969.89,'EUR','2025-06-26 23:13:56',1,72.13),(1314,409228,660209,7892.07,'GBP','2025-05-22 19:21:50',0,43.07),(1315,738327,700634,3559.89,'GBP','2024-08-03 03:59:03',0,34.77),(1316,844547,357070,9184.18,'USD','2024-05-09 14:50:31',0,28.12),(1317,267626,883545,3239.70,'EUR','2024-03-13 17:26:41',0,35),(1318,589266,968744,6007.81,'CAD','2023-11-26 07:30:37',0,42.94),(1319,693875,187821,609.18,'JPY','2024-09-01 12:57:43',0,2.97),(1320,848469,781546,8721.10,'JPY','2024-07-07 09:10:40',0,0.33),(1321,847482,941400,2562.85,'EUR','2023-08-03 20:12:24',0,23.14),(1322,549361,784246,1012.50,'CAD','2023-08-21 04:17:51',0,7.2),(1323,262641,596587,5323.77,'EUR','2024-01-02 01:48:39',0,14.06),(1324,405144,219406,8164.13,'EUR','2024-02-02 02:51:05',0,22.93),(1325,267090,346238,4442.69,'EUR','2024-06-19 22:16:52',1,73.08),(1326,738327,101688,6150.44,'GBP','2025-05-16 03:22:08',0,20.76),(1327,350032,910932,2351.59,'CAD','2025-05-31 17:09:14',0,3.11),(1328,642047,609870,2298.50,'EUR','2024-02-09 09:48:26',0,18.91),(1329,270886,346238,5636.69,'CAD','2024-12-03 19:32:46',0,24.76),(1330,854133,809235,7313.16,'USD','2024-09-05 10:21:28',0,32.81),(1331,392618,110773,8029.00,'EUR','2025-05-14 14:58:55',0,18.35),(1332,648138,289311,2461.90,'USD','2024-03-04 07:32:47',0,3.59),(1333,918710,741733,8804.75,'USD','2024-06-15 16:54:45',0,41.48),(1334,599038,982329,3585.49,'EUR','2024-10-03 18:00:52',0,33.65),(1335,707848,490754,8284.91,'USD','2024-05-28 16:49:33',0,34.22),(1336,321588,332057,3004.31,'USD','2024-05-27 17:23:16',0,14.93),(1337,492904,531554,7177.91,'GBP','2023-12-20 21:52:39',0,9.57),(1338,525664,211347,2165.33,'EUR','2025-01-18 22:45:48',0,49.54),(1339,392618,185131,3424.94,'USD','2025-03-12 11:32:46',0,24.48),(1340,866450,737012,3713.42,'EUR','2024-11-13 22:47:58',0,20.62),(1341,354993,885202,6317.59,'EUR','2024-09-10 07:38:44',0,34.54),(1342,918605,266813,193.88,'CAD','2025-04-30 03:44:49',0,28.22),(1343,435649,107171,5303.18,'CAD','2025-04-15 08:43:15',0,16.22),(1344,130676,183720,2607.93,'CAD','2023-08-10 22:31:39',0,7.32),(1345,211282,742541,2951.79,'JPY','2024-12-04 05:48:01',0,15.63),(1346,957570,568764,3800.18,'JPY','2023-08-11 12:49:35',0,1.15),(1347,455782,266711,5570.00,'JPY','2024-05-19 15:47:58',0,10.04),(1348,328532,389547,7140.92,'JPY','2023-12-21 03:15:00',0,0.76),(1349,246201,266711,4604.99,'GBP','2023-12-24 02:55:52',0,46.15),(1350,582393,192141,6910.66,'EUR','2024-06-09 12:21:10',0,11.73),(1351,221412,842595,2575.57,'GBP','2023-08-29 21:21:17',0,43.86),(1352,756916,392618,4388.20,'CAD','2025-01-06 09:42:50',0,47.41),(1353,522606,346636,8767.00,'GBP','2024-07-20 04:51:02',0,36.46),(1354,918710,267355,1199.30,'GBP','2025-04-24 13:24:11',0,35.86),(1355,891930,304408,8368.69,'USD','2024-02-11 22:13:16',0,8.34),(1356,986803,630171,1016.09,'GBP','2025-07-02 16:19:28',1,97.66),(1357,145419,267090,6051.80,'EUR','2025-06-29 10:59:07',0,24.06),(1358,660209,445958,5286.21,'GBP','2024-05-01 23:14:04',0,25.67),(1359,445958,631998,7126.25,'JPY','2023-11-17 03:03:57',0,20.91),(1360,662879,975413,8480.84,'JPY','2023-10-26 18:39:07',0,0.33),(1361,690831,885202,8017.06,'CAD','2023-09-15 17:10:59',0,9.56),(1362,631998,633917,8740.15,'CAD','2023-08-27 06:32:58',0,3.73),(1363,896180,573360,2729.84,'EUR','2025-04-21 09:47:42',0,23.56),(1364,302361,520198,5555.02,'CAD','2024-04-18 06:56:34',0,34.72),(1365,648138,270886,5344.22,'JPY','2024-07-02 17:26:42',0,18.97),(1366,681576,440865,9211.84,'USD','2024-06-09 18:43:50',0,28.76),(1367,368754,975413,2479.07,'JPY','2025-03-03 21:07:21',0,13.61),(1368,370507,700634,7338.54,'USD','2024-05-15 06:40:10',0,34.46),(1369,278072,985973,9626.42,'USD','2024-04-13 03:15:27',1,97.1),(1370,681619,886180,9518.43,'USD','2024-12-03 21:23:07',0,31.28),(1371,222328,368754,3744.53,'USD','2024-05-02 14:34:19',0,6.61),(1372,547839,627699,7031.02,'CAD','2024-11-18 14:33:20',0,44.53),(1373,173743,969466,809.85,'GBP','2024-06-25 21:40:36',0,16.69),(1374,749920,547239,8364.60,'EUR','2024-09-14 07:11:15',0,31.82),(1375,778853,531175,3876.28,'CAD','2024-05-16 08:29:22',0,20.49),(1376,531846,974651,1681.22,'JPY','2024-01-28 10:01:09',0,0.37),(1377,137895,466940,605.71,'EUR','2025-06-15 05:45:23',0,36.5),(1378,693875,857288,1728.41,'GBP','2024-09-29 05:53:53',0,17.64),(1379,329091,113126,5859.91,'USD','2024-11-02 19:47:14',0,47.4),(1380,859857,781209,527.82,'JPY','2024-02-21 16:34:30',0,16.28),(1381,813261,246651,5008.58,'GBP','2024-11-02 18:18:09',0,29.63),(1382,109347,434982,7431.87,'CAD','2024-09-02 21:56:14',0,46.5),(1383,781546,442950,1886.71,'CAD','2024-09-23 21:07:22',0,15.5),(1384,221412,958338,9303.41,'JPY','2024-08-24 00:49:44',0,20.53),(1385,464362,841384,3741.83,'CAD','2024-01-31 10:42:15',1,97.62),(1386,924197,443269,2119.13,'USD','2024-11-16 05:28:14',0,9.62),(1387,101688,957297,9347.06,'CAD','2023-09-24 09:56:34',0,18.75),(1388,750415,594403,1115.69,'JPY','2024-03-10 12:10:22',0,17.67),(1389,660209,858198,1617.88,'JPY','2024-03-05 02:46:13',0,48.17),(1390,487532,464366,4284.52,'USD','2024-06-08 14:07:21',0,35.92),(1391,919601,459569,7688.18,'USD','2023-07-29 11:25:25',0,12.87),(1392,869221,737012,2219.14,'GBP','2023-12-23 21:07:55',0,13.16),(1393,266813,842595,7329.38,'JPY','2025-04-10 21:25:47',0,30.73),(1394,221412,516875,8933.10,'GBP','2025-02-24 14:31:08',0,20.8),(1395,748756,921884,9746.72,'GBP','2023-08-06 04:01:17',0,32.01),(1396,449192,608483,8897.77,'GBP','2024-10-12 09:24:05',0,38.21),(1397,545031,339643,8900.49,'CAD','2024-08-06 11:28:17',0,9.1),(1398,715531,781385,3279.37,'EUR','2023-10-06 14:19:11',0,47.77),(1399,137895,267626,9939.15,'EUR','2025-01-18 22:20:46',0,29.14),(1400,933473,771452,2905.15,'CAD','2024-04-16 21:48:07',1,95.94),(1401,712216,957297,5773.18,'GBP','2024-05-01 11:52:36',0,0.33),(1402,161769,517213,6644.14,'EUR','2024-04-19 12:58:44',0,22.43),(1403,654523,666258,5120.03,'EUR','2024-10-13 13:04:38',1,98.76),(1404,127073,193195,8357.43,'JPY','2025-03-27 01:58:19',0,18.72),(1405,790154,660209,3701.16,'EUR','2025-04-02 10:55:30',0,38.64),(1406,425661,328532,7730.03,'EUR','2024-03-11 15:40:04',0,27.01),(1407,932942,539725,3169.57,'CAD','2025-05-12 16:52:56',1,72.28),(1408,912442,263426,9883.43,'CAD','2023-09-08 06:57:09',0,36.97),(1409,233335,912442,9323.64,'CAD','2024-10-24 05:43:22',0,24.61),(1410,109347,313071,2493.55,'USD','2024-12-19 20:05:32',0,38.49),(1411,870797,650695,645.19,'EUR','2025-06-24 04:12:05',0,47.09),(1412,409228,142537,4502.87,'USD','2024-05-27 01:06:30',0,23.38),(1413,941400,626883,4980.18,'JPY','2024-05-25 03:37:58',0,17.82),(1414,899690,307937,8803.88,'CAD','2024-10-27 16:45:35',0,33.07),(1415,508476,510757,5478.80,'GBP','2024-03-31 19:12:21',0,38.53),(1416,132874,633917,6425.14,'GBP','2025-07-03 14:25:47',0,16.34),(1417,663869,924543,8514.02,'GBP','2024-04-06 09:26:46',1,72.49),(1418,618056,332189,6260.17,'CAD','2023-11-11 17:02:14',0,37.53),(1419,405144,325640,2852.56,'USD','2024-03-31 07:34:20',0,32.54),(1420,508476,848469,7765.02,'JPY','2024-01-29 07:36:59',0,0.07),(1421,522606,270269,2958.12,'USD','2025-07-25 09:29:14',0,39.2),(1422,455782,633917,94.23,'CAD','2025-05-05 22:26:57',0,30.8),(1423,267355,724414,9856.32,'USD','2025-01-13 07:40:06',0,16.91),(1424,178476,492493,6983.18,'EUR','2024-02-12 15:38:54',0,47.35),(1425,919601,165878,9484.69,'USD','2024-02-18 02:31:36',0,18.86),(1426,806515,862525,9191.82,'JPY','2023-11-15 08:13:25',0,29.71),(1427,304408,742541,7488.51,'GBP','2024-09-26 08:31:25',1,96.04),(1428,466940,125280,1921.16,'EUR','2024-01-04 14:44:47',0,43.44),(1429,177411,149433,8863.18,'GBP','2023-10-11 19:20:52',0,5.87),(1430,886180,805775,2369.25,'GBP','2025-05-15 04:11:21',0,7.99),(1431,859253,302426,6577.34,'CAD','2024-02-08 22:05:06',0,44.55),(1432,487532,346636,1812.68,'CAD','2024-10-26 11:07:27',0,19.24),(1433,843873,650695,1217.98,'JPY','2023-10-29 22:15:11',0,26.44),(1434,389547,124876,9502.57,'GBP','2024-02-20 06:20:03',0,32.57),(1435,279414,522606,8179.54,'EUR','2023-11-05 12:49:03',0,34.1),(1436,542389,279414,1347.47,'USD','2024-02-13 23:58:08',0,26.62),(1437,222328,723573,6053.06,'CAD','2023-08-03 08:13:21',0,26.99),(1438,545759,141729,7518.00,'GBP','2024-04-16 13:58:13',0,20.4),(1439,941400,982329,8824.56,'EUR','2025-06-11 20:17:59',0,46.08),(1440,823563,910932,7227.85,'CAD','2024-10-26 09:46:03',0,46.54),(1441,544582,750586,7005.82,'JPY','2025-06-19 09:08:08',0,28.56),(1442,223412,750586,5003.43,'JPY','2024-06-20 21:45:59',0,10.31),(1443,302361,183571,8907.59,'GBP','2023-09-08 22:22:13',0,8.75),(1444,211282,806515,8788.00,'CAD','2023-11-16 13:44:04',0,10.84),(1445,152017,215883,589.57,'GBP','2024-07-17 03:23:39',0,35.82),(1446,187821,938521,2394.61,'JPY','2024-01-09 20:23:59',0,30.36),(1447,573360,354993,5149.74,'EUR','2023-10-02 09:12:34',0,44.06),(1448,498067,294470,1047.36,'USD','2024-02-04 05:00:16',0,36.56),(1449,442950,496915,9948.13,'USD','2024-07-03 06:36:40',0,0.82),(1450,859857,109347,3016.90,'CAD','2024-05-29 12:54:55',0,27.77),(1451,363227,251434,8210.07,'CAD','2025-01-24 14:37:48',0,44.92),(1452,132874,136888,1446.22,'EUR','2025-06-13 01:57:10',0,5.96),(1453,464060,243838,1608.85,'CAD','2024-08-27 00:45:42',0,33.24),(1454,270886,573022,8627.70,'USD','2023-10-01 21:06:16',0,4.01),(1455,921884,664709,8285.42,'GBP','2023-10-21 04:23:39',0,38.68),(1456,756144,492774,4277.95,'USD','2024-05-16 22:03:24',0,18.5),(1457,278072,185131,5773.72,'JPY','2023-09-28 04:07:54',0,17.42),(1458,750586,206328,2694.15,'USD','2024-08-27 02:28:52',0,47.58),(1459,977008,394899,6501.86,'CAD','2024-12-26 10:02:44',0,10.8),(1460,385804,225009,5847.47,'CAD','2024-02-23 23:23:01',0,28.1),(1461,368754,136888,7799.54,'CAD','2024-08-11 09:29:34',1,87.33),(1462,891930,442950,8540.03,'GBP','2025-07-11 04:58:11',0,47.8),(1463,405344,102023,8131.10,'USD','2023-11-26 00:04:44',0,42.02),(1464,846270,573022,2112.23,'EUR','2025-06-04 22:35:24',0,44.63),(1465,346901,210200,9875.25,'EUR','2024-05-25 06:22:49',0,30.65),(1466,794486,924543,9304.73,'EUR','2025-04-30 03:10:08',0,22.21),(1467,886180,790154,4665.77,'EUR','2024-04-25 10:11:12',0,45.5),(1468,185131,781385,1654.06,'CAD','2025-05-27 17:31:10',0,0.2),(1469,630171,389547,6059.35,'JPY','2025-04-30 19:00:48',0,0.61),(1470,351676,215560,964.20,'EUR','2025-03-24 20:50:28',0,38.45),(1471,178476,342889,120.35,'CAD','2024-03-23 21:21:10',0,40.26),(1472,733216,959122,3177.66,'CAD','2024-02-01 17:59:34',0,49.83),(1473,368754,647640,7953.26,'EUR','2023-10-07 06:56:32',1,71.64),(1474,136888,861689,6932.02,'GBP','2025-02-15 11:39:18',0,18.01),(1475,225009,959122,4912.35,'USD','2024-05-14 17:19:56',0,8.38),(1476,304849,192141,9958.81,'JPY','2024-06-30 21:02:32',0,47.19),(1477,149433,394867,4135.74,'CAD','2023-10-05 01:44:46',0,21.43),(1478,918710,492774,5865.46,'GBP','2023-09-16 02:02:23',0,23.01),(1479,447566,368754,2324.24,'CAD','2025-04-01 20:14:07',0,8.74),(1480,346636,899690,553.48,'USD','2024-09-07 07:07:16',0,27.03),(1481,127073,353168,1089.95,'USD','2023-11-25 02:52:05',0,48.02),(1482,841384,757216,721.45,'CAD','2023-12-12 17:48:43',0,43.51),(1483,523106,974651,7187.35,'USD','2024-04-15 09:35:18',0,44.7),(1484,695822,968744,369.26,'JPY','2024-02-06 12:31:00',0,9.63),(1485,328815,965973,5131.04,'CAD','2023-11-04 02:36:19',1,93.38),(1486,137895,633917,84.64,'EUR','2023-08-02 00:36:45',0,29.83),(1487,785346,565165,269.34,'CAD','2025-06-23 18:12:27',0,22.61),(1488,608483,304849,3249.66,'USD','2024-06-15 19:33:59',0,48),(1489,397949,211282,7581.95,'EUR','2024-11-21 05:16:04',0,8.91),(1490,161769,853594,2686.76,'EUR','2024-09-12 08:02:50',0,0.93),(1491,912442,932942,9269.10,'JPY','2024-12-20 17:14:57',0,21.75),(1492,870797,977008,5345.09,'JPY','2025-05-07 17:14:07',0,11.96),(1493,273148,832368,8104.25,'CAD','2024-03-23 16:07:06',0,36.64),(1494,508476,791592,5599.17,'USD','2024-11-18 03:03:10',0,9.84),(1495,482841,945168,8350.19,'JPY','2023-08-07 07:41:39',0,2.96),(1496,724414,927372,1886.98,'GBP','2024-02-29 02:06:40',0,35.05),(1497,957570,425661,7428.71,'GBP','2023-08-15 13:36:15',0,43.52),(1498,346901,791592,6454.82,'CAD','2024-06-15 05:42:04',1,77.13),(1499,346901,360610,1320.86,'JPY','2025-04-13 01:36:55',0,11.73),(1500,166701,528226,4734.93,'CAD','2025-05-09 12:04:49',0,21.44),(1501,102106,192141,5870.49,'EUR','2024-11-28 05:32:33',0,17.71),(1502,606263,467418,8242.93,'USD','2025-04-05 00:28:57',0,38.63),(1503,924197,550379,7896.73,'EUR','2024-07-06 15:22:53',0,23.71),(1504,862525,106059,8512.62,'EUR','2023-09-25 13:22:47',0,30.98),(1505,321588,666258,2299.01,'CAD','2024-06-30 21:43:24',0,14.18),(1506,589266,363227,8333.81,'JPY','2025-01-01 19:07:08',0,25.15),(1507,812713,194595,392.99,'CAD','2024-01-07 21:04:55',0,7.12),(1508,301108,549361,8873.39,'EUR','2023-10-28 20:12:05',0,28.58),(1509,167072,184650,6155.76,'JPY','2025-07-15 07:18:47',0,49.19),(1510,977008,623248,2231.62,'EUR','2024-06-17 08:05:43',0,33.56),(1511,405144,217105,2290.36,'CAD','2024-11-11 18:09:40',0,14.2),(1512,607556,950421,4701.86,'USD','2025-07-20 20:09:08',0,46.93),(1513,464362,342889,6900.63,'CAD','2024-12-18 03:53:03',1,96.08),(1514,304408,977008,6415.93,'JPY','2024-05-24 19:03:55',0,14.75),(1515,492493,957297,4619.14,'EUR','2024-08-24 20:28:34',0,9.51),(1516,690831,898189,2823.05,'GBP','2024-07-23 20:13:19',0,5.53),(1517,459569,547839,9700.03,'GBP','2024-06-20 18:35:37',0,14.11),(1518,773663,225009,6209.03,'GBP','2024-09-13 21:16:09',0,21.73),(1519,204417,553606,859.23,'JPY','2024-03-09 03:08:08',1,76.53),(1520,555576,723573,6441.98,'CAD','2023-10-19 06:04:37',0,15.44),(1521,302426,225284,8795.87,'CAD','2025-06-29 09:49:26',0,42.98),(1522,750586,270886,1766.04,'CAD','2025-05-17 05:47:40',0,42.64),(1523,646843,669175,9986.37,'JPY','2024-12-10 11:42:24',0,48.71),(1524,215714,405344,737.29,'JPY','2024-06-13 13:51:55',0,32.32),(1525,211347,985973,8067.37,'CAD','2025-05-07 10:18:14',0,29.49),(1526,225009,243838,6834.59,'USD','2024-07-01 04:23:14',0,27.82),(1527,102106,531846,5873.27,'CAD','2024-11-07 18:21:52',0,7.33),(1528,741733,858198,6269.58,'USD','2025-06-01 22:55:31',0,26.17),(1529,666258,423125,5761.00,'GBP','2023-12-04 14:40:09',0,32.97),(1530,582393,885202,1197.69,'CAD','2025-02-05 09:48:00',0,8.67),(1531,278362,960784,507.76,'GBP','2025-06-08 04:33:14',0,46.44),(1532,608483,899690,8310.20,'GBP','2024-05-22 15:32:11',0,13.25),(1533,781209,731213,9975.81,'EUR','2024-09-09 01:11:37',0,1.82),(1534,565165,405344,6505.57,'USD','2024-03-25 01:56:44',1,70.86),(1535,642047,351676,513.97,'JPY','2025-06-06 04:10:22',0,40.21),(1536,489801,267626,8192.20,'USD','2024-03-28 10:05:09',0,38.13),(1537,766398,102106,720.12,'CAD','2024-01-21 01:53:30',0,42.45),(1538,339643,204417,2886.85,'USD','2024-05-08 16:08:28',1,97.1),(1539,245284,982329,135.42,'EUR','2023-10-06 03:58:47',0,30.75),(1540,346238,423471,9371.18,'GBP','2023-11-20 19:13:25',1,83.16),(1541,945168,413424,7521.09,'JPY','2023-10-06 05:01:18',0,13.4),(1542,278072,721692,9248.69,'JPY','2024-12-27 20:25:44',0,15.84),(1543,233335,855845,879.76,'USD','2024-03-25 21:34:25',0,18.12),(1544,440865,512461,301.58,'CAD','2023-08-23 18:09:43',0,35.85),(1545,413424,284063,368.96,'JPY','2024-12-12 20:02:09',0,28.12),(1546,307937,215714,1182.53,'GBP','2024-03-01 17:21:41',0,39.47),(1547,302426,770348,3810.45,'EUR','2025-03-10 04:26:14',0,10.51),(1548,839473,225295,8495.73,'USD','2025-05-27 12:47:49',0,45.93),(1549,284063,589266,856.88,'USD','2024-09-26 17:54:05',0,9.77),(1550,142263,951149,4171.96,'GBP','2025-06-06 21:33:15',0,42.67),(1551,831142,369304,1382.78,'JPY','2025-05-31 08:06:12',0,19.6),(1552,313071,273148,8157.45,'GBP','2024-05-09 04:24:47',0,25.32),(1553,802344,781385,4584.20,'EUR','2024-12-28 18:30:45',0,9.5),(1554,278745,731612,8443.28,'GBP','2023-08-11 00:04:10',0,45.22),(1555,951149,717805,4889.02,'GBP','2024-10-31 08:14:27',0,46.49),(1556,781546,908857,7623.83,'EUR','2025-07-03 12:13:55',0,13.83),(1557,767655,185131,6316.51,'USD','2024-09-15 06:15:32',0,22.51),(1558,703047,918904,4986.96,'EUR','2024-02-29 07:04:21',0,40.16),(1559,991109,549427,5888.97,'EUR','2024-08-24 11:06:30',1,72.06),(1560,351676,608483,7253.31,'EUR','2024-05-01 06:57:20',0,2.29),(1561,957297,883545,4615.27,'CAD','2024-02-28 02:32:13',0,39.05),(1562,941400,898189,2291.42,'JPY','2024-06-19 06:11:36',0,47.91),(1563,206328,183571,1767.45,'GBP','2024-01-08 00:28:19',0,39.07),(1564,894429,620456,7896.09,'JPY','2024-07-07 10:36:13',0,36),(1565,492493,873824,81.61,'EUR','2024-01-17 13:43:04',0,29.62),(1566,531175,609870,94.61,'JPY','2023-08-09 15:31:36',0,1.33),(1567,394867,237268,6087.21,'JPY','2023-08-12 16:46:31',0,27.55),(1568,942532,222328,7199.52,'USD','2024-05-31 18:39:22',0,7.3),(1569,492774,823236,3771.66,'USD','2024-03-01 09:18:46',0,21.79),(1570,237268,492774,4294.28,'USD','2023-08-25 02:26:14',0,28.37),(1571,405144,259486,8290.90,'EUR','2025-03-14 13:33:22',0,38.65),(1572,839473,733490,3774.29,'USD','2023-10-07 02:07:35',0,40.65),(1573,756144,210200,6636.09,'CAD','2024-03-08 11:03:09',0,37.47),(1574,716509,302361,2442.42,'USD','2025-03-18 19:16:13',0,28.29),(1575,262641,638021,239.91,'GBP','2025-01-14 02:43:21',0,9.32),(1576,273308,951149,7578.08,'GBP','2024-06-04 06:35:50',0,47.45),(1577,927372,222328,9243.78,'CAD','2025-02-06 07:00:58',0,10.55),(1578,716300,150555,8432.61,'USD','2024-02-01 20:46:23',0,47.89),(1579,927372,176588,1824.04,'JPY','2024-05-30 10:25:35',0,16.61),(1580,357833,899690,4436.54,'USD','2025-03-10 21:30:27',0,9.17),(1581,976203,899690,9326.13,'CAD','2024-03-10 22:55:36',0,33.82),(1582,267355,847482,1699.52,'EUR','2025-03-05 06:53:43',0,23.18),(1583,310181,353168,2480.88,'GBP','2024-06-10 10:20:43',0,42.12),(1584,549427,918605,7945.80,'USD','2024-12-22 01:54:14',0,17.43),(1585,986803,966334,3813.08,'GBP','2023-12-05 08:15:15',0,42.74),(1586,307937,693875,6107.31,'USD','2024-06-23 09:19:07',0,8.24),(1587,215560,918605,7558.73,'EUR','2023-11-02 08:59:06',0,22.58),(1588,350032,921884,387.27,'JPY','2024-09-10 19:06:30',0,13.45),(1589,918904,533753,3469.72,'JPY','2023-10-29 19:00:47',0,46.92),(1590,197599,255538,5924.22,'GBP','2025-06-14 13:09:47',0,42.72),(1591,715531,654523,7460.42,'CAD','2025-05-30 23:59:16',0,13.88),(1592,859857,294470,5469.11,'EUR','2024-02-14 16:32:09',0,35.25),(1593,498067,912391,8114.90,'CAD','2024-03-14 17:47:58',0,29.09),(1594,455782,145270,1153.30,'CAD','2023-07-30 14:33:08',0,39.42),(1595,845842,394899,3135.70,'JPY','2025-07-23 03:57:32',0,35.55),(1596,127073,489801,6399.77,'EUR','2024-09-20 12:30:27',0,33.95),(1597,251434,986803,8636.58,'CAD','2024-03-15 14:15:19',0,33.75),(1598,848469,102106,3791.87,'USD','2025-07-23 12:16:15',0,42.64),(1599,445958,492774,1090.37,'EUR','2024-02-06 23:59:22',0,15.83),(1600,137895,707848,2743.66,'CAD','2024-11-14 04:03:29',0,32.26),(1601,976203,353168,4976.02,'EUR','2024-06-03 12:19:30',0,45.71),(1602,716300,215883,9762.78,'GBP','2023-10-23 04:20:33',0,35.41),(1603,194184,197599,6527.60,'CAD','2024-01-31 01:53:47',0,23.02),(1604,991288,620456,5194.84,'JPY','2024-12-23 08:45:12',0,46.13),(1605,204417,942532,3259.11,'EUR','2024-01-12 15:07:08',0,15.41),(1606,255538,854133,1536.57,'JPY','2024-03-12 13:48:41',0,10.58),(1607,221412,874299,2358.49,'CAD','2023-12-05 19:49:28',0,31.77),(1608,737012,394899,9453.18,'USD','2023-08-23 18:39:38',0,32.32),(1609,773663,771452,5412.42,'JPY','2023-09-03 17:33:47',1,97.96),(1610,781385,770348,9988.85,'EUR','2023-12-17 03:36:32',0,26.91),(1611,273042,865307,8442.42,'GBP','2023-10-04 15:06:14',0,23.46),(1612,278072,565165,499.44,'USD','2024-12-10 01:47:06',0,5.59),(1613,113126,875260,575.74,'EUR','2025-05-03 05:17:06',0,32.34),(1614,466940,332057,3635.09,'USD','2024-07-22 22:37:34',0,26.7),(1615,440865,545031,861.72,'EUR','2024-03-07 06:27:58',0,3.21),(1616,860481,737012,2453.61,'JPY','2024-07-29 17:10:15',0,4.65),(1617,461301,125280,167.15,'USD','2024-12-31 01:49:56',0,14.25),(1618,126546,527742,8865.56,'USD','2024-10-30 14:53:40',0,34.83),(1619,326547,720230,5972.95,'EUR','2023-11-21 03:52:03',0,18.01),(1620,842595,126546,8936.12,'GBP','2025-02-10 16:37:48',0,40.38),(1621,373069,891092,868.46,'GBP','2025-05-13 15:53:33',0,10.77),(1622,737012,919601,7945.16,'CAD','2024-07-28 07:01:33',0,16.94),(1623,385804,413424,8572.99,'GBP','2024-12-15 09:00:07',0,40.09),(1624,627699,166701,8296.09,'CAD','2024-09-24 01:41:46',0,45.43),(1625,307937,258311,5748.50,'USD','2023-11-25 17:04:41',0,5.74),(1626,549427,267090,291.27,'JPY','2024-05-03 06:41:30',0,30.07),(1627,258311,397949,9206.22,'GBP','2025-06-30 05:25:46',0,12.93),(1628,674253,982329,8392.50,'GBP','2023-09-04 15:36:09',0,24.77),(1629,978433,389547,6863.64,'USD','2025-02-04 10:37:22',0,7.24),(1630,459569,489801,8942.51,'CAD','2024-10-21 03:06:24',0,16.38),(1631,662879,924543,6902.96,'USD','2024-09-14 16:13:59',0,4.93),(1632,690831,443269,7508.94,'USD','2024-07-21 05:42:25',0,36.53),(1633,882208,217105,9801.99,'CAD','2023-11-14 00:19:33',0,1.82),(1634,467418,908857,3710.12,'JPY','2024-10-14 13:36:57',0,31.58),(1635,496323,141729,7212.58,'CAD','2025-06-15 16:51:59',0,6.59),(1636,394867,985037,2505.28,'EUR','2024-08-01 04:48:08',0,39.79),(1637,125280,865307,6306.97,'JPY','2025-04-07 04:17:57',0,19.16),(1638,627699,276171,3666.97,'JPY','2024-12-08 04:18:10',0,15.66),(1639,498067,809235,8340.35,'USD','2023-11-30 07:00:58',0,9.38),(1640,681576,266711,2670.88,'EUR','2025-03-17 22:06:25',0,16.89),(1641,389547,455782,7252.58,'EUR','2023-11-28 01:42:14',0,48.02),(1642,669175,674253,759.29,'GBP','2025-06-14 15:15:16',0,27.6),(1643,606263,102023,465.71,'CAD','2023-11-21 11:21:48',0,25.39),(1644,669175,923809,2145.85,'USD','2024-05-22 20:20:36',0,16.45),(1645,415959,440795,326.25,'GBP','2025-03-21 18:18:45',0,26.91),(1646,757216,381632,1192.58,'CAD','2024-04-15 17:56:14',0,17.34),(1647,413424,642667,1111.22,'USD','2024-10-19 10:48:26',0,31.26),(1648,534660,626883,7949.40,'GBP','2024-11-22 13:00:26',1,81.36),(1649,848469,405344,2956.70,'USD','2024-02-24 09:44:15',0,34.34),(1650,785346,800558,1356.10,'JPY','2024-05-18 04:41:31',0,6.01),(1651,397949,150555,3350.82,'JPY','2024-09-26 14:14:10',0,49.32),(1652,724144,891930,3.13,'USD','2024-07-26 23:06:10',0,16.41),(1653,991288,716300,8505.21,'JPY','2025-06-11 02:30:03',0,46.75),(1654,555576,309143,7036.71,'USD','2025-01-05 22:28:07',0,35.32),(1655,716300,539725,1937.56,'EUR','2023-09-28 02:32:35',0,45.7),(1656,861689,646843,9759.01,'JPY','2024-12-08 12:32:12',0,26.05),(1657,654523,918807,3892.78,'CAD','2024-10-01 20:22:01',0,3.54),(1658,848469,792623,5071.54,'USD','2024-08-14 18:52:45',0,31.6),(1659,753483,342889,1731.66,'JPY','2024-03-20 11:57:54',1,77.8),(1660,707848,357833,7706.30,'GBP','2025-02-13 21:30:16',0,13),(1661,132874,493092,2729.60,'USD','2025-05-21 01:12:02',0,6.99),(1662,846102,301108,8710.38,'GBP','2024-03-20 04:55:00',0,23.99),(1663,891930,875260,3908.10,'CAD','2024-07-14 14:01:08',0,39.14),(1664,434982,742541,1056.33,'GBP','2024-12-31 10:52:41',0,13.86),(1665,880473,374452,3795.76,'GBP','2025-02-01 23:20:35',0,0.93),(1666,812713,127697,2683.34,'JPY','2024-02-18 18:48:37',0,18.94),(1667,918605,301108,4842.34,'CAD','2024-09-18 21:23:44',0,31.24),(1668,183571,127073,8740.43,'CAD','2025-04-26 09:21:06',0,22.2),(1669,757216,449192,2940.77,'CAD','2023-09-17 12:40:03',0,29.85),(1670,531554,975413,829.01,'EUR','2025-03-22 09:51:42',0,22.33),(1671,332057,716300,4703.43,'GBP','2024-12-20 14:15:15',0,22.34),(1672,642667,332189,1490.60,'CAD','2025-03-22 08:11:18',0,24.71),(1673,112765,408448,2306.64,'EUR','2025-05-06 02:59:18',0,19.79),(1674,582393,220192,3355.88,'GBP','2025-01-20 13:20:19',0,13.71),(1675,101688,467418,7893.22,'JPY','2024-11-24 16:18:07',0,21.82),(1676,703269,700634,4919.72,'CAD','2023-10-04 15:17:11',0,2.92),(1677,109347,654523,4333.45,'GBP','2024-09-16 11:57:58',0,42.04),(1678,839473,712216,559.46,'JPY','2023-08-21 07:20:55',0,15.01),(1679,545952,829002,1122.72,'CAD','2024-06-10 06:43:13',0,47.73),(1680,800558,126133,222.54,'CAD','2023-09-27 03:08:31',0,35.02),(1681,845842,279414,2844.17,'JPY','2024-10-13 12:09:20',0,31.1),(1682,301108,730556,9999.42,'GBP','2023-08-20 07:39:28',0,3.87),(1683,284063,125280,771.55,'GBP','2025-01-15 03:58:43',0,2.12),(1684,258311,823563,9952.78,'USD','2024-11-24 23:28:36',0,14.96),(1685,389547,503012,2994.01,'GBP','2023-09-26 22:48:49',0,3.1),(1686,908857,525664,9485.56,'CAD','2023-10-31 03:45:28',0,5.6),(1687,712216,638021,4595.73,'JPY','2025-02-11 01:39:48',0,38.21),(1688,527742,792623,573.55,'CAD','2025-01-21 04:19:11',0,7.75),(1689,152017,768390,5382.03,'CAD','2025-05-20 11:14:50',0,32.53),(1690,313802,165878,8325.12,'EUR','2024-04-08 21:37:58',0,28.73),(1691,312414,350032,6301.17,'EUR','2023-12-25 14:08:53',0,35.23),(1692,991109,132874,9195.44,'JPY','2025-06-23 10:03:33',0,14.16),(1693,332361,263426,2278.82,'USD','2024-07-06 20:14:42',0,13.31),(1694,374452,532741,3638.15,'JPY','2024-09-13 00:23:31',0,1.26),(1695,781546,142263,9196.46,'GBP','2023-10-01 19:18:07',1,74.47),(1696,750415,169397,5124.01,'EUR','2025-03-07 07:41:44',0,19.89),(1697,342889,985973,1677.62,'JPY','2024-01-06 07:48:43',0,9.14),(1698,508476,702347,3114.60,'EUR','2025-06-20 05:35:38',1,99.93),(1699,266711,304849,7726.85,'USD','2024-06-29 09:44:48',0,12.99),(1700,294470,125280,1567.12,'CAD','2023-11-19 19:15:11',0,5.71),(1701,220192,568764,7773.39,'EUR','2024-10-09 21:26:34',0,19.87),(1702,389547,597505,4177.90,'USD','2024-01-25 23:07:26',0,45.95),(1703,748756,960784,440.20,'JPY','2023-10-18 02:09:35',0,21.39),(1704,120400,156059,5210.89,'EUR','2024-07-16 07:38:41',0,29.24),(1705,145419,487532,5899.25,'USD','2024-07-29 11:04:55',0,34.04),(1706,681576,210200,7655.34,'CAD','2024-12-27 18:36:31',0,49.89),(1707,309143,426751,7463.82,'EUR','2025-05-14 18:16:51',1,88.93),(1708,464060,943393,2233.67,'CAD','2024-01-02 02:41:53',0,26.63),(1709,142537,464060,5601.42,'EUR','2025-03-20 20:46:22',0,14.71),(1710,813261,459569,515.26,'EUR','2024-06-22 13:38:38',0,27.47),(1711,206328,251434,9903.10,'JPY','2023-10-27 10:33:04',0,23.61),(1712,597505,313802,948.80,'JPY','2025-01-25 16:54:48',0,10.48),(1713,853594,896180,8218.18,'JPY','2024-05-04 06:49:10',0,39.96),(1714,869221,933473,7292.05,'EUR','2024-09-08 09:40:04',0,6.76),(1715,731213,896180,5047.82,'CAD','2023-07-29 19:52:59',0,39.15),(1716,896180,665978,8821.50,'CAD','2024-01-24 00:34:32',0,47.84),(1717,258311,730556,3340.34,'CAD','2024-09-22 06:14:38',0,10.46),(1718,381705,829002,2898.98,'USD','2023-08-19 01:48:48',0,49.47),(1719,703047,733216,2269.27,'USD','2023-10-31 12:07:45',0,48.48),(1720,640867,582393,7403.17,'JPY','2024-08-13 11:30:28',0,4.38),(1721,945168,950421,7694.81,'EUR','2024-01-04 10:04:24',1,76.47),(1722,431096,176588,3116.76,'CAD','2024-12-22 14:57:14',0,36.44),(1723,369304,520198,4424.03,'GBP','2025-05-09 02:41:11',0,49.11),(1724,939566,609870,3018.79,'JPY','2023-11-24 15:19:10',0,24.95),(1725,496915,107171,9611.23,'USD','2024-04-23 19:10:13',0,17.97),(1726,631998,177411,4101.79,'JPY','2023-09-17 18:09:09',0,37.62),(1727,169397,263426,956.84,'GBP','2025-06-12 09:12:36',0,16.01),(1728,262641,918904,2518.08,'JPY','2024-12-28 12:38:08',0,26.21),(1729,218381,137895,3276.29,'EUR','2023-11-09 11:50:57',0,32.15),(1730,865307,215714,2492.05,'EUR','2024-01-13 05:54:06',0,43.42),(1731,304849,374452,4245.02,'CAD','2024-10-17 15:40:19',0,25.25),(1732,304408,301108,1781.76,'EUR','2024-03-01 19:56:33',0,4.57),(1733,720230,289311,6724.59,'USD','2023-11-19 11:38:53',0,28.43),(1734,766398,524726,1276.51,'GBP','2025-03-28 03:59:15',0,27.19),(1735,965973,631998,7945.44,'USD','2024-02-13 21:24:15',0,30.33),(1736,465595,496915,3123.26,'GBP','2024-12-20 03:34:41',0,46.5),(1737,440865,492774,5021.68,'JPY','2024-05-12 06:59:12',0,15.38),(1738,781209,847482,2538.17,'CAD','2024-01-17 15:07:44',0,24.29),(1739,965973,597505,807.68,'GBP','2025-04-18 18:14:15',0,11.58),(1740,794486,464366,2436.17,'USD','2024-12-21 22:51:42',0,21.92),(1741,717805,981087,7157.40,'JPY','2024-05-24 01:07:45',0,35.69),(1742,674253,880473,424.87,'JPY','2024-10-27 04:57:50',0,11.8),(1743,124876,839473,2848.13,'USD','2023-11-04 08:05:27',1,97.75),(1744,951149,113126,1082.03,'EUR','2025-07-08 06:27:54',0,28.15),(1745,191947,101688,307.34,'GBP','2025-01-26 07:21:21',0,21.84),(1746,496323,712216,4247.27,'GBP','2025-03-19 13:05:07',0,35.74),(1747,545952,187821,3017.46,'CAD','2023-12-25 00:33:50',0,32.7),(1748,942532,142263,3673.80,'CAD','2025-03-31 10:17:25',0,24.53),(1749,630171,177411,4180.01,'GBP','2024-03-15 14:51:53',1,80.87),(1750,276171,646843,8439.43,'EUR','2024-03-31 23:52:45',0,24.56),(1751,140937,408448,2856.05,'JPY','2024-11-25 18:13:11',0,18.42),(1752,332361,573360,306.54,'USD','2025-04-25 08:18:53',0,10.62),(1753,770348,225284,3870.41,'JPY','2024-12-06 16:30:20',0,33.42),(1754,510893,140937,2314.83,'GBP','2024-02-24 09:08:41',0,11.14),(1755,846102,978433,9881.79,'JPY','2025-03-20 09:49:28',0,6.49),(1756,716300,842595,2855.42,'GBP','2023-11-02 23:40:39',0,36.31),(1757,245284,848469,679.91,'GBP','2025-06-14 15:06:06',0,19.66),(1758,106059,725418,5620.71,'EUR','2024-12-23 15:32:36',0,42.81),(1759,186222,165878,9121.16,'CAD','2024-09-09 09:41:59',0,49.99),(1760,957297,112765,377.56,'CAD','2023-12-27 01:27:09',0,34),(1761,126133,192453,5688.93,'GBP','2024-06-27 19:39:19',0,30.75),(1762,449192,498067,768.63,'EUR','2024-05-31 19:03:31',0,6.87),(1763,957476,664709,3778.14,'USD','2024-08-16 14:57:41',0,47.42),(1764,829002,618056,5789.17,'CAD','2025-02-05 02:30:35',0,39.69),(1765,178476,370507,645.30,'USD','2025-03-19 16:39:09',0,40.2),(1766,965973,313071,9517.32,'CAD','2024-07-13 14:30:30',0,1.69),(1767,896180,991109,1264.68,'JPY','2024-10-18 19:23:48',0,15.65),(1768,783804,415959,7064.43,'CAD','2025-03-11 17:56:26',0,30.01),(1769,265756,918904,1712.25,'GBP','2024-12-29 23:28:45',0,32.8),(1770,544582,370507,4908.92,'JPY','2024-10-06 06:40:29',0,14.58),(1771,898189,490754,603.13,'CAD','2024-05-16 04:57:23',0,48),(1772,215560,408448,5375.98,'EUR','2023-09-10 17:55:19',0,44.06),(1773,921341,106403,3364.15,'EUR','2025-03-25 16:14:44',0,24.51),(1774,142537,192453,4900.03,'GBP','2023-12-22 06:32:32',0,13.28),(1775,923809,562418,5280.61,'GBP','2024-09-15 01:21:50',0,6.95),(1776,263426,445958,7613.85,'USD','2023-12-28 12:13:12',0,23.71),(1777,197599,490754,8467.83,'CAD','2023-07-30 05:50:35',0,19.12),(1778,413424,660209,9722.64,'EUR','2024-05-16 20:29:05',0,25.51),(1779,703047,945168,8568.93,'EUR','2024-08-25 05:46:02',1,80.85),(1780,768390,969466,7985.00,'JPY','2024-02-02 17:28:47',0,20.16),(1781,449192,284063,7434.38,'CAD','2023-09-02 10:17:29',0,43.96),(1782,534660,681576,1926.11,'JPY','2025-02-09 04:48:24',0,2.61),(1783,976203,243838,686.20,'JPY','2024-07-14 12:57:51',0,14.71),(1784,166701,823563,655.86,'GBP','2023-09-05 02:33:26',0,7.91),(1785,517213,467418,4603.54,'JPY','2023-11-04 18:59:57',0,17.9),(1786,508476,724414,974.54,'GBP','2024-12-21 07:31:31',0,45.24),(1787,231918,126133,7685.61,'CAD','2025-07-15 17:18:32',0,21.87),(1788,434764,464060,3417.12,'JPY','2025-06-11 04:41:07',0,0.29),(1789,285598,329091,6336.08,'JPY','2025-06-28 10:55:25',0,39.04),(1790,496915,127073,5834.76,'JPY','2024-06-24 13:53:20',0,22.26),(1791,563052,431096,3653.88,'CAD','2024-11-19 12:14:24',0,4.58),(1792,289061,177411,1065.29,'JPY','2023-09-26 14:04:17',0,4.29),(1793,606888,911575,1711.13,'USD','2024-09-28 19:42:30',0,3.25),(1794,204417,266711,7602.67,'JPY','2025-01-15 23:59:18',0,12.71),(1795,882939,328815,7984.67,'CAD','2025-05-12 18:23:00',0,8.55),(1796,512461,243838,8166.36,'JPY','2023-09-25 19:05:46',0,37.73),(1797,873824,434982,630.41,'EUR','2024-05-24 14:12:05',0,4.51),(1798,362339,461301,163.98,'JPY','2024-02-10 17:19:19',0,29.47),(1799,328815,684170,5815.06,'USD','2023-10-19 17:09:04',0,49.12),(1800,443269,576134,5320.37,'USD','2024-01-14 13:44:26',0,17),(1801,426751,176521,530.17,'GBP','2025-03-02 21:39:57',0,14.74),(1802,508476,770348,79.29,'USD','2024-09-04 17:18:10',0,25.55),(1803,648138,286919,5086.24,'USD','2024-08-30 03:32:00',0,40.66),(1804,544582,908857,4132.20,'JPY','2024-01-11 21:39:22',0,49.93),(1805,596587,933473,8376.79,'EUR','2025-03-21 03:54:34',0,28.66),(1806,492493,538136,2735.82,'USD','2024-07-15 05:03:35',0,43.45),(1807,646843,627694,8603.19,'GBP','2025-03-27 16:42:33',1,88.82),(1808,703047,627699,108.89,'JPY','2024-06-11 11:56:02',0,45.88),(1809,910932,107171,3757.78,'USD','2023-07-28 17:55:56',0,1.51),(1810,883545,781546,4350.79,'CAD','2024-01-08 23:03:59',1,98.18),(1811,741733,220192,8296.26,'JPY','2024-10-13 23:37:38',0,31.67),(1812,369304,304794,7037.71,'EUR','2023-11-26 06:44:21',0,33.97),(1813,539820,681619,5749.49,'GBP','2024-07-15 04:08:59',0,37.59),(1814,861689,126546,7876.23,'USD','2024-10-06 02:05:41',0,26.71),(1815,199234,640867,5934.96,'CAD','2024-05-07 15:47:51',0,3.45),(1816,478894,225009,9364.42,'EUR','2023-08-17 07:51:25',0,42.43),(1817,394899,898189,5599.20,'USD','2023-09-10 17:21:22',0,31.85),(1818,539820,842595,925.20,'USD','2025-03-09 10:53:45',0,33.96),(1819,304849,862525,8032.94,'GBP','2024-07-22 20:33:12',0,1.57),(1820,630171,327694,7746.43,'CAD','2023-10-04 23:31:48',0,16.42),(1821,562958,911575,2228.23,'GBP','2023-12-24 03:20:32',0,5.81),(1822,771452,434764,6087.16,'EUR','2024-03-18 00:26:35',0,40.83),(1823,681619,901983,7007.14,'JPY','2023-09-05 18:52:52',0,39.13),(1824,978433,270269,7298.39,'CAD','2024-10-12 13:55:59',0,4.52),(1825,285598,883545,4007.34,'USD','2024-07-27 01:00:49',0,18.97),(1826,528226,286919,5828.40,'CAD','2025-02-14 07:54:19',0,1.2),(1827,385804,332762,1385.09,'EUR','2024-07-09 08:39:12',0,16.3),(1828,510987,490754,3520.90,'USD','2024-08-27 23:07:48',0,15.02),(1829,112765,425661,473.70,'CAD','2025-03-05 08:21:20',0,44.54),(1830,553606,270886,5198.65,'JPY','2025-03-22 05:29:52',0,38.62),(1831,437427,140937,79.58,'JPY','2024-03-21 17:27:42',0,15.06),(1832,582393,110406,4958.37,'JPY','2023-10-06 18:42:03',0,31.47),(1833,757216,862525,9124.70,'EUR','2025-05-12 16:35:28',0,45.42),(1834,215714,550379,8414.71,'JPY','2025-02-09 05:33:47',0,26.37),(1835,750415,405344,4511.50,'CAD','2023-08-10 19:10:34',0,31.1),(1836,912442,369304,5372.23,'USD','2023-09-09 07:11:20',0,10.09),(1837,771452,449192,4098.45,'CAD','2025-04-17 22:03:04',0,23.65),(1838,882939,173743,1765.90,'GBP','2024-05-16 20:56:53',1,72.24),(1839,206043,246201,4619.08,'EUR','2023-07-31 10:53:08',0,37.08),(1840,363227,243838,4246.73,'EUR','2024-09-12 14:37:27',0,49.17),(1841,681619,582393,6813.55,'EUR','2025-07-23 18:15:00',0,1.33),(1842,237268,823563,8336.05,'EUR','2025-07-14 08:16:53',0,3.62),(1843,741733,167072,3674.46,'JPY','2024-01-21 18:30:31',0,9.52),(1844,363227,194595,2046.05,'GBP','2025-01-16 08:27:24',0,37.77),(1845,273308,553606,1002.18,'EUR','2023-12-09 20:57:40',0,43.82),(1846,327694,346636,1591.17,'EUR','2025-03-16 19:04:42',1,74.62),(1847,831142,167072,3032.54,'JPY','2024-10-18 10:59:19',0,32.4),(1848,126133,737012,8113.69,'CAD','2025-03-14 18:11:51',0,13.31),(1849,454569,142237,6601.67,'JPY','2024-12-10 07:15:05',0,3.64),(1850,977008,531554,8370.41,'JPY','2025-03-25 08:30:32',0,3.58),(1851,304849,267626,6565.38,'EUR','2023-11-04 20:04:28',0,4.85),(1852,846102,573360,3528.51,'CAD','2024-02-09 19:04:13',1,71.58),(1853,756144,773663,3577.20,'EUR','2023-12-10 20:32:27',1,90.36),(1854,919601,394899,1865.66,'JPY','2023-10-25 19:15:41',0,42.4),(1855,669175,233335,8550.87,'EUR','2024-01-05 13:35:40',0,6.88),(1856,304408,609870,3892.63,'USD','2023-09-26 08:26:57',0,1.18),(1857,510893,285598,2543.81,'JPY','2024-06-19 10:57:08',0,20.5),(1858,464060,140937,9649.78,'CAD','2024-04-04 11:33:20',1,74.62),(1859,631998,974651,4854.69,'EUR','2023-08-02 22:54:00',0,13.11),(1860,278450,278362,3003.18,'GBP','2023-12-17 04:47:03',0,34.55),(1861,245284,136888,8204.61,'GBP','2024-12-21 04:06:51',0,13.05),(1862,166701,467418,992.69,'JPY','2023-08-28 04:11:41',0,47.64),(1863,977008,720230,191.39,'GBP','2023-08-10 01:19:35',0,49.89),(1864,573022,562958,5804.58,'EUR','2025-04-12 18:25:43',0,0.49),(1865,633917,626883,1928.70,'EUR','2025-05-25 11:01:58',1,85.5),(1866,866257,106146,6431.08,'GBP','2023-08-23 10:44:34',0,30.05),(1867,927372,957297,9744.22,'CAD','2024-02-02 04:13:14',0,39.28),(1868,307937,373069,6999.78,'CAD','2024-04-14 02:49:09',0,19.41),(1869,544683,960784,5981.16,'EUR','2024-09-23 14:10:34',0,39.23),(1870,520198,237268,5126.69,'USD','2024-10-27 08:39:56',0,14.36),(1871,684170,376515,1219.29,'CAD','2025-06-30 12:03:35',0,16.12),(1872,193195,413424,9558.75,'EUR','2024-02-09 20:48:50',0,15.69),(1873,492904,957476,7129.10,'EUR','2024-05-15 15:39:44',0,18.39),(1874,982329,110406,8697.63,'CAD','2024-04-27 02:22:06',0,12.4),(1875,845842,966334,1654.75,'USD','2025-03-30 15:20:12',0,42.71),(1876,899690,943393,9168.27,'EUR','2023-12-15 11:20:07',0,17.82),(1877,847482,409228,858.17,'CAD','2025-05-21 06:18:17',0,11.56),(1878,118675,978433,2544.50,'USD','2024-11-21 19:00:48',1,72.6),(1879,553059,278450,2089.98,'USD','2024-07-18 14:18:06',0,11.11),(1880,259486,607556,4364.78,'GBP','2025-01-02 17:27:43',0,11.25),(1881,562418,211347,7641.49,'EUR','2023-12-18 01:58:17',0,24.59),(1882,800558,766398,7802.09,'GBP','2023-08-28 15:17:43',0,36.43),(1883,912674,343764,9526.49,'USD','2025-04-19 06:21:20',0,46.67),(1884,800558,276171,6073.57,'GBP','2024-04-12 20:17:50',0,21.68),(1885,562418,113126,5978.53,'EUR','2025-04-25 02:08:10',0,0.69),(1886,531175,932942,1907.41,'GBP','2024-10-24 13:37:46',0,22.85),(1887,908857,562958,6998.34,'JPY','2024-09-24 09:52:37',0,33.88),(1888,660209,328815,3443.78,'USD','2025-05-01 18:40:10',0,40.98),(1889,492493,957297,1145.91,'USD','2024-03-05 06:49:09',0,46.72),(1890,454569,523106,4210.83,'USD','2024-05-02 05:16:56',0,19.19),(1891,749920,620456,1465.95,'GBP','2025-04-04 04:21:18',0,24.61),(1892,301108,145270,9924.36,'GBP','2025-05-19 22:11:01',0,15.93),(1893,809235,516875,1871.82,'USD','2025-02-20 02:27:29',0,26.85),(1894,426751,750586,2226.81,'EUR','2025-05-28 07:42:38',0,12.57),(1895,919601,681576,9996.92,'CAD','2024-09-01 07:22:45',1,70.29),(1896,329091,951149,1081.15,'JPY','2023-11-30 23:33:30',0,5.34),(1897,662879,831142,6891.78,'EUR','2025-04-06 16:33:42',0,5.92),(1898,343764,210200,8360.10,'GBP','2025-05-02 07:23:33',0,1.12),(1899,547239,882939,1698.51,'GBP','2024-03-05 12:54:51',0,41.71),(1900,332361,222328,8397.78,'JPY','2024-11-25 06:06:05',0,19.1),(1901,753483,908857,5307.95,'CAD','2023-08-10 04:57:03',1,90.05),(1902,464366,492493,587.59,'CAD','2025-06-02 12:46:04',0,26.74),(1903,449192,357070,4014.28,'EUR','2024-04-05 21:16:43',0,47.64),(1904,894429,617300,8103.58,'CAD','2024-09-11 03:28:24',0,47.21),(1905,328532,245284,1704.05,'GBP','2024-12-07 21:20:30',0,22.16),(1906,140937,482841,8841.33,'USD','2025-03-19 14:07:40',0,13.15),(1907,126546,823236,4135.64,'GBP','2024-12-24 13:42:26',0,45.06),(1908,957570,633917,646.40,'GBP','2024-03-22 05:03:40',0,48.77),(1909,823563,413424,4783.37,'EUR','2025-06-05 20:32:59',0,8.93),(1910,520198,805775,1934.18,'EUR','2024-01-06 05:03:05',0,8.44),(1911,606263,415959,4196.93,'JPY','2025-01-22 17:25:27',0,18.9),(1912,870797,304849,8751.30,'CAD','2024-07-31 15:52:48',0,28.76),(1913,191947,145419,4200.26,'GBP','2024-01-28 11:48:05',0,8.7),(1914,791592,633917,5256.60,'CAD','2024-08-04 19:06:29',0,30.02),(1915,725418,924543,1600.23,'EUR','2024-03-13 08:50:05',0,7.3),(1916,618056,493092,3675.50,'JPY','2024-08-10 16:58:32',0,46.45),(1917,985973,726144,7751.69,'EUR','2023-12-26 17:22:00',0,39.75),(1918,733490,465595,3158.86,'EUR','2024-02-05 12:00:44',0,20.51),(1919,716300,901983,9726.60,'USD','2024-01-22 01:07:02',0,15.57),(1920,118675,607556,9807.56,'GBP','2025-04-16 10:40:13',0,27.22),(1921,650695,258311,2430.73,'USD','2024-05-08 07:09:26',0,15.24),(1922,192141,434982,1778.37,'CAD','2025-04-13 00:46:13',1,72.89),(1923,873824,394899,9648.54,'USD','2024-04-28 23:20:08',0,13.87),(1924,346238,192453,5749.50,'JPY','2024-03-17 09:48:29',0,3.64),(1925,177411,363028,5186.74,'USD','2024-11-23 06:38:40',0,10.87),(1926,152017,981087,4503.97,'USD','2024-05-17 19:28:32',0,37.59),(1927,120373,538136,4007.60,'JPY','2025-03-16 03:15:08',0,30.69),(1928,464362,136888,8418.32,'JPY','2024-11-10 22:10:07',0,44.84),(1929,152017,901983,1242.52,'GBP','2024-12-19 08:09:32',0,39.34),(1930,239917,245284,4425.94,'USD','2025-07-04 10:43:25',0,29.6),(1931,231918,332762,2056.55,'GBP','2025-04-04 06:42:02',0,36.16),(1932,442950,169397,3451.69,'GBP','2024-04-01 20:57:10',0,24.11),(1933,233335,534660,9000.10,'JPY','2024-06-26 20:21:42',0,45.72),(1934,266813,145419,3570.04,'EUR','2025-04-19 16:00:14',0,7.63),(1935,145419,958338,5084.51,'USD','2025-05-09 05:02:58',0,45.44),(1936,165878,733216,6919.91,'USD','2024-08-23 20:44:55',0,20.92),(1937,258311,599038,3993.46,'USD','2024-08-28 20:06:23',0,48.86),(1938,487532,941400,7673.83,'GBP','2023-09-26 06:32:59',0,26.12),(1939,628668,191947,1185.33,'CAD','2023-12-29 18:56:46',0,42.55),(1940,616728,648138,3631.24,'JPY','2023-10-21 20:20:49',0,49.64),(1941,753483,461301,7576.72,'JPY','2024-03-20 22:52:02',1,82.6),(1942,741733,187821,3054.03,'EUR','2023-08-08 02:24:36',0,43.29),(1943,233335,975413,1778.78,'GBP','2024-08-01 02:50:13',0,32.46),(1944,778853,703047,1754.19,'JPY','2023-07-27 21:55:11',0,40.99),(1945,550379,642667,6619.64,'JPY','2024-04-15 01:22:09',1,72.57),(1946,237268,750415,2246.17,'EUR','2023-10-10 00:49:21',0,46.26),(1947,176588,217105,2665.53,'CAD','2024-01-20 23:44:51',0,10.58),(1948,693875,939566,9700.39,'USD','2024-11-23 06:56:35',0,18.44),(1949,627694,343764,3454.96,'USD','2024-02-05 13:14:55',0,20.32),(1950,939566,582393,5960.99,'USD','2023-07-31 16:38:08',0,48.87),(1951,360610,437427,2638.13,'EUR','2025-03-21 03:35:52',0,11.78),(1952,289061,890309,6257.29,'JPY','2024-08-23 23:09:40',0,13.61),(1953,220192,210200,4224.63,'EUR','2025-05-01 18:29:17',0,45.88),(1954,211282,186222,8796.25,'GBP','2024-02-08 12:33:05',0,15.91),(1955,750415,977008,3303.79,'CAD','2024-03-16 22:27:54',0,4.42),(1956,289311,142237,9983.40,'CAD','2023-08-18 23:51:36',0,20.7),(1957,340644,731213,2543.70,'JPY','2024-08-01 00:44:01',1,83.83),(1958,265756,425661,3423.10,'JPY','2025-05-10 15:45:00',0,14.22),(1959,943393,490754,5630.99,'USD','2023-07-28 18:46:03',0,44.6),(1960,525664,332361,4932.10,'GBP','2024-09-21 01:39:55',0,34.69),(1961,724414,186222,9738.39,'CAD','2024-01-18 22:07:05',0,21.08),(1962,520198,938521,677.63,'GBP','2024-12-09 21:17:03',0,5.31),(1963,573022,805775,6151.19,'GBP','2025-06-02 01:37:13',1,73.6),(1964,809235,332361,4117.26,'USD','2024-07-15 01:24:54',0,5.93),(1965,346238,918807,349.30,'GBP','2025-04-27 12:21:18',0,11.84),(1966,255538,106146,1910.07,'JPY','2024-05-04 01:02:17',0,28.41),(1967,768390,724144,773.96,'GBP','2024-01-02 09:25:58',0,48.19),(1968,730556,186222,5954.34,'EUR','2024-05-31 01:00:36',0,17.28),(1969,784246,528226,8910.47,'USD','2024-11-19 06:10:04',0,18.65),(1970,120373,492774,9941.69,'JPY','2025-03-04 04:40:39',0,19.47),(1971,573022,731612,8054.72,'USD','2024-12-02 16:17:57',0,16.77),(1972,140937,273042,2170.95,'EUR','2023-09-17 22:09:30',0,28.73),(1973,568764,938521,9708.76,'CAD','2025-02-27 04:25:56',0,9.3),(1974,132874,413424,4060.41,'JPY','2023-11-01 05:14:39',0,24.54),(1975,857288,966334,2837.50,'USD','2023-10-19 11:19:42',0,1.94),(1976,984678,191947,5852.87,'EUR','2023-12-29 11:48:40',0,29.13),(1977,110773,650695,364.24,'CAD','2023-12-01 15:39:48',0,43.99),(1978,251434,908857,4139.31,'CAD','2023-12-15 11:42:48',0,15.94),(1979,112765,831142,4438.16,'CAD','2023-12-20 20:22:46',0,31.98),(1980,492774,522606,2685.98,'JPY','2024-08-21 05:55:55',0,42.14),(1981,327694,363028,2574.15,'CAD','2025-04-15 11:59:42',0,39.97),(1982,660209,328815,5286.55,'EUR','2024-08-14 00:40:06',0,15.53),(1983,919601,521681,9739.39,'GBP','2024-11-18 09:00:16',0,34.56),(1984,832368,549361,6762.99,'USD','2025-02-17 13:19:25',0,26.74),(1985,112765,974651,8870.78,'GBP','2025-07-19 06:08:44',1,76.68),(1986,784246,263426,1368.63,'USD','2024-02-12 17:04:37',0,39.78),(1987,440795,781581,5125.90,'CAD','2025-06-14 04:06:22',0,49.43),(1988,984678,859857,9789.04,'JPY','2023-12-17 05:20:30',0,35.75),(1989,832368,957297,6778.31,'EUR','2023-12-15 05:15:46',0,41.76),(1990,813261,623248,891.68,'USD','2025-02-27 11:19:37',0,1.26),(1991,941400,351676,633.21,'EUR','2023-09-23 02:52:56',0,11.88),(1992,950421,245284,5723.78,'USD','2025-05-15 09:00:40',0,22.55),(1993,855845,716509,8042.27,'GBP','2025-05-16 17:58:36',0,23.5),(1994,360610,431096,7256.57,'CAD','2024-12-21 00:46:55',0,42.37),(1995,844547,279414,7691.52,'GBP','2024-12-17 00:12:35',0,24.39),(1996,481010,215883,2917.27,'GBP','2024-07-11 13:18:04',0,4.7),(1997,626883,859857,7806.75,'EUR','2023-09-17 02:51:53',0,6.1),(1998,968744,938521,2666.79,'CAD','2024-04-04 22:14:16',0,25.97),(1999,718191,435649,9501.90,'USD','2025-02-01 19:25:13',0,43.56),(2000,539725,369304,3698.47,'EUR','2024-09-28 11:51:04',0,3.86);
/*!40000 ALTER TABLE `transaction_data` ENABLE KEYS */;
UNLOCK TABLES;
/*!40103 SET TIME_ZONE=@OLD_TIME_ZONE */;

/*!40101 SET SQL_MODE=@OLD_SQL_MODE */;
/*!40014 SET FOREIGN_KEY_CHECKS=@OLD_FOREIGN_KEY_CHECKS */;
/*!40014 SET UNIQUE_CHECKS=@OLD_UNIQUE_CHECKS */;
/*!40101 SET CHARACTER_SET_CLIENT=@OLD_CHARACTER_SET_CLIENT */;
/*!40101 SET CHARACTER_SET_RESULTS=@OLD_CHARACTER_SET_RESULTS */;
/*!40101 SET COLLATION_CONNECTION=@OLD_COLLATION_CONNECTION */;
/*!40111 SET SQL_NOTES=@OLD_SQL_NOTES */;

-- Dump completed on 2025-07-29 21:01:27
