party_id,dob,phone_number,registration_date
924197,1999-04-27,8976765823,2023-09-16
381632,1994-09-26,2222455515,2023-11-03
363028,1976-11-08,522-294-5682x417,2024-03-17
176588,1968-04-15,928-714-6546x1187,2024-02-23
360610,1981-08-30,317-317-6045x22961,2025-03-09
313802,1976-01-10,630.960.1688,2024-04-02
328815,1996-02-08,393.361.5349x2635,2023-11-21
492904,1970-08-22,001-408-373-1764x303,2025-07-08
140937,1979-10-28,476.858.2197,2024-12-22
512461,1985-06-26,+1-768-775-7738x9305,2025-03-04
307937,2002-09-11,9823492694,2024-07-23
736402,1981-04-24,980-713-2040,2023-10-04
118675,1969-07-02,(327)358-6880,2024-09-26
302361,1994-08-15,001-263-448-9676x9930,2024-06-15
853594,1987-05-04,489-445-1744x6660,2024-03-14
522606,1967-11-04,345.400.7627,2023-09-27
690831,2002-10-12,(260)497-6701x720,2024-03-13
640867,2006-08-26,+1-751-385-3671x0979,2024-02-10
301108,1997-07-04,+1-994-726-4183x06753,2024-04-11
165878,2002-05-19,+1-810-607-4089x9331,2024-12-28
405144,1971-01-01,326-896-1161,2023-10-19
490754,1993-03-31,001-720-276-6075x41511,2024-04-27
426751,2002-03-15,(352)203-5192x303,2025-01-30
397949,1990-10-25,250-593-2271x7542,2024-03-08
544683,1979-08-03,(657)444-8529x118,2025-04-11
102475,1959-11-26,(422)235-8332x4560,2025-04-17
873824,1977-07-29,(311)526-4862x9645,2023-12-11
823236,1986-12-10,658.906.6065x735,2024-11-11
781546,2002-12-15,821-441-8927,2024-11-04
435649,2005-10-17,001-666-223-7582x57173,2023-11-27
647640,1979-11-05,001-879-970-3414x892,2024-09-05
273148,2000-06-04,273-286-4014,2024-07-07
434982,1968-05-15,368-296-7145x439,2024-01-17
642667,1997-03-25,344-885-1832,2024-12-28
332361,1983-08-24,648-929-8381x6864,2025-05-10
191947,1955-04-23,(692)721-1669x728,2025-05-11
374452,1992-09-16,+1-976-237-7857x0742,2023-10-11
976203,1975-09-14,+1-730-257-6081x160,2024-04-27
120373,1998-04-13,590-344-3294,2023-09-29
627694,1989-12-23,(575)462-5662x72852,2024-06-29
285598,1954-08-17,856.267.6337x390,2024-11-21
184650,1980-09-21,312.650.2394,2024-12-23
127697,2000-07-19,001-756-670-8869x77473,2023-09-06
796365,1967-06-29,3008250402,2023-10-16
957570,1971-10-20,+1-739-968-3735x91915,2024-10-30
695822,2000-09-12,640-680-3513x85334,2025-03-27
749920,1964-09-09,264.875.3048x10777,2024-10-12
638387,1984-08-22,377.811.1312x6379,2023-10-02
437427,1967-03-19,+1-760-723-7324,2023-09-23
790154,2005-11-04,(618)549-8347x89784,2024-09-22
211347,1997-02-17,2198126334,2023-12-31
693875,1978-04-22,6165419538,2025-01-22
841384,1958-10-30,001-231-784-5357x4922,2024-03-02
482841,1971-07-12,(590)526-2281x237,2025-03-20
273308,1981-06-26,001-723-965-9927x1908,2025-05-15
832368,2004-01-02,440.838.2778x514,2024-08-17
136888,1960-05-06,001-535-646-0305x357,2024-12-20
510757,1983-10-13,(224)205-9802x507,2025-02-03
284063,1992-01-05,400.535.1056,2024-10-26
278362,1983-07-31,962.254.2566x064,2024-11-09
862525,1997-09-24,001-416-362-0829,2024-05-16
489089,1983-03-14,432-230-2821x69197,2025-05-08
516875,2005-08-24,756-400-7154x273,2023-12-02
443269,1986-07-14,001-665-247-6048x4870,2023-11-21
707848,1985-09-16,661.565.7004x049,2025-01-05
221412,1978-02-24,001-488-456-4319x53985,2023-12-27
388002,1986-03-02,809-409-2554x45769,2024-08-09
357070,1974-12-18,6295072507,2025-05-14
555576,1985-01-27,386-842-8212,2024-04-12
606263,1969-12-14,001-564-844-0644x88855,2025-01-13
549427,1964-08-08,(808)529-6570,2025-04-21
354993,1964-06-17,5586235703,2024-11-18
899690,1987-01-16,(561)497-3781,2023-09-30
183720,1989-05-14,216.964.4659x514,2024-08-06
161769,1979-10-27,9437666609,2025-02-27
753483,1959-04-29,001-429-245-0678,2025-07-24
454854,1994-09-19,995-250-1318,2024-06-25
496323,2001-01-12,405-462-4629x26480,2023-09-05
721692,2003-07-03,(370)380-8625,2024-04-06
166701,1999-03-20,+1-924-434-5448,2024-07-25
648138,2002-03-02,001-578-920-9280x51379,2025-06-04
332762,2003-06-28,825.727.8081x85011,2023-09-11
493092,1983-03-20,001-275-468-5125,2025-05-25
192453,1975-04-21,001-420-759-3060x4609,2024-06-11
381705,1991-12-11,960-875-9944,2023-10-06
731213,1969-03-04,(307)243-6151,2025-01-25
394867,1997-07-31,(202)869-0578x771,2023-10-22
724144,1999-08-03,608-211-5517x028,2023-10-31
978433,2002-01-01,5657282222,2024-01-15
178476,1985-10-28,5767033452,2024-08-29
265756,2004-11-25,226.475.9269,2024-11-19
921884,1985-04-15,001-206-222-0058,2025-04-14
771452,1978-06-12,8197922606,2024-09-29
959182,1989-07-23,001-732-358-3861x269,2024-11-03
455782,2007-05-14,(763)276-3637x69144,2024-07-11
684170,2003-03-01,+1-497-834-0956x180,2024-07-28
757216,1996-08-11,4667617972,2024-11-21
325640,1958-12-06,262.594.8155x2578,2024-02-08
445958,1987-01-16,629-854-6048x606,2024-02-27
750586,1980-05-06,001-935-322-1952x0696,2024-10-23
742673,1987-12-18,+1-416-988-2223x2308,2024-10-22
542389,1999-05-10,(494)851-6425x858,2023-12-04
766398,1967-06-12,001-484-436-5678x4661,2023-12-16
246651,1993-05-02,3996813998,2024-08-29
848469,1960-10-09,001-992-761-0015x751,2025-03-26
225009,1966-04-01,001-447-232-8818,2024-03-09
942532,1996-09-04,+1-428-969-3764x0926,2023-11-30
560657,1972-03-10,001-906-219-6538,2023-08-30
882939,1997-10-22,791.448.7867x4238,2024-08-16
883545,1959-11-24,992-571-1769x6814,2024-08-15
239917,1962-04-28,542-251-2029,2024-10-15
376515,1991-07-17,7683971785,2024-08-28
794486,1956-12-17,+1-303-637-4430x75851,2024-11-18
859857,1984-12-23,001-963-756-2343,2025-04-22
608483,2002-10-18,669-721-6587x3556,2024-03-14
700634,1982-11-17,(541)374-1725x3257,2025-02-26
723573,1990-08-20,+1-766-278-7993x68473,2024-01-07
891092,1955-12-24,875-363-6090,2024-03-23
805775,1988-03-21,235-421-2503x006,2024-07-21
142537,1986-09-13,899-331-7308,2024-08-08
960168,1985-02-02,+1-523-836-6706,2025-01-15
243838,1975-04-20,001-609-340-9555x72981,2023-08-14
806515,1974-03-08,001-814-302-9263x953,2025-01-15
442950,2006-07-13,+1-717-418-7727,2025-03-06
310181,1956-06-29,(946)219-8537x35760,2023-07-27
524726,1955-09-17,+1-467-536-3477,2024-09-08
464366,2005-07-01,245.479.2813x481,2023-08-08
918807,1964-05-14,705-592-7636x73260,2023-11-04
702347,1961-02-17,001-952-288-9962x9793,2025-04-22
628668,1965-09-22,479.558.3000,2023-09-04
304850,1997-01-01,793.918.6457x325,2025-05-19
620456,2004-03-22,(775)271-2312x6783,2024-11-24
968810,1955-10-10,5632169968,2025-02-04
498067,1977-02-14,+1-828-774-6881x19703,2024-11-30
223412,1959-12-11,910-639-0985x2741,2025-01-30
199234,1968-05-04,266.485.3941,2025-01-11
363227,1966-04-08,499-471-8765x60169,2025-05-10
894429,1988-11-07,7166304461,2024-04-14
927372,1973-02-16,(293)688-0588x027,2024-04-30
633917,1964-02-14,425-919-8614x91819,2024-11-11
630171,1981-04-04,8835518323,2024-08-16
145270,1956-08-26,+1-675-224-5833x752,2024-12-03
351676,1959-11-30,354-450-1904,2024-04-20
278450,2006-12-10,001-343-388-5716x886,2024-05-27
120400,1965-02-17,001-275-224-3640,2024-05-07
730556,1973-07-26,+1-241-855-8403x8249,2023-08-23
945168,1993-05-04,(249)534-5877x16528,2025-01-14
510987,1998-12-30,001-776-803-1412x270,2024-09-13
992416,2003-03-30,283-474-4667,2025-05-03
550379,1963-07-18,001-285-433-2342x284,2025-01-15
142347,1990-03-19,662.238.2923,2024-05-24
966334,2005-10-16,001-973-306-2686x3688,2025-02-11
517213,1957-08-22,(618)801-0367,2023-09-10
712216,1990-05-27,(964)512-9330x081,2024-11-02
865307,1999-05-16,629.484.0925x554,2025-06-05
107171,1972-09-15,4739965747,2025-05-07
206328,1967-11-07,855-596-6968x4933,2024-03-13
137895,1986-03-12,882-682-9888x754,2024-02-16
950421,1978-01-03,280.534.7103x914,2024-02-26
681576,1963-10-31,(492)659-4000,2025-05-04
860481,1979-07-24,267.455.1961,2024-04-01
809235,1976-04-15,4984453635,2024-05-23
631998,1984-09-22,429.398.6930x0690,2024-03-23
326547,1981-07-09,(645)393-0525x47795,2024-02-05
185131,1971-01-26,821.484.8697x629,2025-04-22
725418,1973-06-29,+1-319-212-7416x44158,2024-06-14
467418,1998-12-17,7904216670,2024-08-19
660209,1967-11-12,869-430-3600,2024-05-14
231918,1984-04-11,+1-446-568-0782,2024-03-27
656919,1955-03-23,001-821-297-4443,2024-05-16
831142,1993-11-13,+1-708-410-4228x2150,2025-05-10
101688,1972-05-14,391-715-3475x77881,2024-02-15
839134,1956-12-26,766.487.8681x326,2024-12-16
263426,1969-06-14,622-606-9118,2023-12-29
342889,1967-04-17,(876)795-9785x380,2025-05-20
783804,2005-01-29,380-239-1715x69380,2024-07-01
932942,1973-03-26,001-850-252-5477,2024-02-29
703047,1969-10-27,+1-537-252-0782x6497,2024-06-03
918904,1973-08-08,001-479-892-9759x569,2025-01-16
882208,2004-10-01,(535)764-3343x8957,2025-04-12
870797,1988-02-26,+1-925-532-4828x917,2025-03-11
464362,1987-06-25,001-629-559-3187x346,2023-10-28
965973,1992-06-28,(665)600-3392x871,2025-07-02
844547,1975-02-17,001-976-656-0105x249,2024-07-08
278745,1976-07-12,+1-267-753-1118,2025-06-20
568764,1989-01-21,001-591-693-0014x1962,2023-11-27
192141,1954-08-24,622-593-2234x7429,2025-06-12
857288,1964-10-03,926-423-9058,2023-12-14
405344,1972-04-15,001-441-994-9302x39062,2025-04-21
394899,1967-04-03,+1-508-653-2757,2024-02-08
617300,1988-05-06,+1-331-457-4589x43486,2025-03-31
533753,1974-08-19,(319)618-2726x4832,2023-11-22
204417,2000-12-17,456.280.5668x289,2025-04-10
183571,1984-09-04,897-389-6373x6118,2024-11-20
449192,1976-07-12,572.503.3319x66183,2023-10-22
768390,1975-11-20,813.618.2938x9896,2025-06-09
802344,1991-10-06,+1-479-505-5303x73830,2024-06-07
576134,1976-09-24,971.794.4654x191,2023-12-07
544582,1989-08-29,+1-791-432-6307x428,2025-04-02
912442,1957-01-16,885-851-5334,2023-09-03
279414,1978-03-03,(402)871-4283x9752,2023-08-22
245284,1968-04-21,331-722-7862x047,2025-01-14
770348,1962-12-03,+1-611-873-8009x1749,2023-09-29
861689,1982-07-11,(531)498-2730,2025-01-21
222328,1980-05-22,001-992-629-9211x414,2023-10-03
654523,1984-04-26,001-660-812-7055,2025-06-11
132874,1994-08-09,(204)633-1923x8375,2023-11-03
481010,2001-05-30,(598)682-5986x34174,2024-09-09
545031,1980-10-11,001-941-552-7067x04896,2024-11-09
339643,1971-02-07,(604)816-4377,2024-04-18
977008,1979-04-24,(397)242-0354,2023-10-04
792623,1997-06-11,(745)893-5621x35772,2024-07-16
267355,2000-12-09,(565)891-1872x10867,2024-03-27
194595,1997-08-15,+1-216-404-9244x8185,2025-05-07
298585,1964-07-12,9156573359,2023-12-21
454569,2007-07-14,+1-527-660-1015,2024-01-05
791592,1988-02-13,+1-218-541-1894,2024-10-04
152017,1958-12-27,227-822-7427,2024-06-14
855845,1993-01-07,5119416346,2024-02-20
553606,2006-11-12,+1-798-785-2609x6934,2023-11-05
150555,1975-11-11,674.554.2237x5057,2025-03-30
369304,1990-07-11,4172823695,2023-10-03
531846,1971-04-28,867.675.0393x1721,2025-05-16
276171,1965-11-18,616.808.7503,2025-06-12
492493,1992-07-31,984.810.1566x634,2023-10-29
549361,1954-09-09,+1-606-947-2666,2025-05-31
737012,1998-03-03,+1-954-969-2506,2024-02-05
742541,1982-07-26,313-453-6095x2271,2025-02-24
784246,1959-09-30,+1-603-220-8662x467,2024-03-19
756916,1960-11-12,(872)211-7444,2024-06-15
385804,1988-12-22,001-645-571-0437,2024-12-26
918605,2000-11-13,(216)400-1504x4000,2024-08-28
764417,1969-05-27,+1-327-519-2082x111,2025-01-27
270886,2006-06-05,376-411-7782,2024-05-10
289061,1959-11-16,(768)821-8083x165,2023-09-09
896180,1999-10-28,239-212-9654x5850,2024-04-02
778853,1975-08-04,(643)622-1772,2025-05-02
957476,1958-11-16,(402)655-3187,2025-03-03
666258,1969-02-14,531-893-5614x68505,2025-06-02
756144,1978-07-28,7688424041,2024-09-28
156059,1996-07-23,9435245812,2024-03-21
800558,2000-03-20,001-299-416-4040,2024-07-12
353168,1961-08-20,726-739-8308x37879,2024-07-20
210200,1982-03-03,(910)865-2736x903,2024-01-21
124876,1989-01-20,001-462-326-6734x12904,2025-04-22
294470,1972-12-16,(842)964-8658,2023-09-07
874299,2000-10-09,914.595.4446x980,2024-03-24
663869,1969-04-27,(746)900-6814x00768,2025-07-10
173743,1955-07-20,578.379.2909x53461,2024-09-07
627699,1956-09-20,(697)927-5727,2025-06-14
912674,1990-08-28,483-405-8468x91428,2023-07-30
920879,1984-02-27,253-400-7719,2025-03-10
215560,2004-09-23,+1-779-329-4145x2750,2024-10-25
846102,2004-04-20,991-844-9520,2025-04-12
933473,2002-10-14,(531)664-7676x2636,2025-01-13
