device_id,device_type,os,ip_address,browser_fingerprint
1,tablet,iOS,43.5.76.142,ffef4a4ee8d960565057a5c6fb836bbfc42284e8
2,tablet,iOS,208.146.108.9,9c18bfe30080c0feacfc2194bc777158d95d90eb
3,mobile,iOS,15.124.105.22,442c933bc7f374bdaec52764c61c40ecbe38cccd
4,mobile,Android,187.13.137.208,918b7d627fb9d7839152c838c37ed4b0b8ab6b7e
5,mobile,macOS,142.127.146.4,55a90387d1dbd6a7da9972c280caf7eb83df6b06
6,desktop,iOS,40.235.10.225,5d22edb203724e9c64230663750ce718b8d60858
7,tablet,Android,138.64.114.206,d466250f766796a65f345e5cace031509611a7f8
8,mobile,Windows,22.168.53.183,436fef7313532a9a2ae73b76369edfd98e4f3d47
9,desktop,macOS,31.25.219.136,872f543c3d4af16b1be2cb4f96082cf3b3f751a6
10,mobile,Linux,189.89.139.61,140a30dc8f4a3774688f5b5bf2a36197db168386
11,desktop,Android,120.7.74.167,38f993614689ece639a60018102c3dfb19b4c446
12,mobile,Windows,207.234.9.9,0b141c9762a9e7d5296dd7090d450052fe4e0760
13,mobile,Linux,120.82.247.40,7600560173d2dfe4ad7d0dfab0664c17f35ea96e
14,tablet,macOS,66.14.54.20,3e44e90f9f9d08757b2b59e1bac27d30fbbaa5ba
15,desktop,Windows,167.186.64.211,6674a68385850f2be75ec01f0b3d7a7d33dc630a
16,desktop,macOS,168.249.33.56,814b559db4eca5bff707e531b06ea4a7618b2d95
17,tablet,macOS,182.115.26.6,76a49a68ee3b39383ec27b0811385864ba35db57
18,desktop,Android,209.148.46.87,021de561f4371ca1c9e35f0dc0647be75c11afe8
19,tablet,Android,48.160.212.255,4e8969aedfd1c39117682ede5bba8aa2dc1bf63f
20,desktop,iOS,53.182.12.40,a99ea83766e90418cfe39ef51ec4491b52b8fd1c
21,mobile,iOS,174.161.127.235,2fc3b2585431d07eb8d060980b4af0c6bb308c1c
22,desktop,Linux,109.181.177.116,89f688cbbe8c9cc7824b5e8fead06dc32960bcf8
23,tablet,iOS,86.119.160.168,69c73f4f58919a7686490293a2bc41b5cf797379
24,tablet,macOS,38.168.107.99,ce804b5eddb3b4779728ea6b4bedc7bd202a047c
25,tablet,Android,212.135.120.253,cddae0de56238a381976f0196333bedd9b576ef5
26,tablet,Linux,171.33.186.245,4af3cfeca41092eb1a7e2e8d0dc69c4efa02c4c7
27,tablet,Linux,206.6.167.26,e48fbb79d592dbfdd0c04190dffa7868bbbc1d99
28,tablet,Linux,42.98.238.206,96ca2ccdb54803af13b26c506d5182d615f296d2
29,mobile,Android,1.56.204.29,1364f7d7d154316df045ebfad8f03bb272041ab9
30,tablet,macOS,96.189.213.196,6825f68664c38ca67629d8f2e3b48fdd66c0949c
31,mobile,Android,46.43.231.249,9d6fef59738223c40dd85d76fcea3dbea8b3fbb2
32,tablet,Windows,123.139.53.20,bb9e5aaadf7a0570f096a99160a68ef90c69525d
33,desktop,Windows,107.65.182.173,9d96908f3990368117a5405bd9651c66c392ecd4
34,mobile,Windows,7.163.67.25,892f745296dfedd59c69fe4739bd81e9a9735eaa
35,mobile,Linux,97.11.170.53,6dcf2ab126abbb47a608695d312f7acf75c140ae
36,tablet,iOS,27.131.48.191,b9c0b5904ea60e5190f35de4a4f58fc4c248756f
37,desktop,Linux,199.16.244.147,1bfefc04de05dbd470c513a88ab213f46d0c160f
38,mobile,iOS,101.33.132.113,f9536d4e777ac6231596ded6d131bad823361319
39,mobile,Linux,148.30.71.80,d5a352736415a18142248f109c9c22259b3f490e
40,mobile,Windows,57.105.174.38,e73f5b6e6079555380afb45ee95c9a234e3de600
41,tablet,Android,153.207.11.5,8e515405b99b6b747eb0531fabf6fa7256e6da0e
42,tablet,iOS,84.87.52.89,51fe6737241f54fb826b723811a15df1fe82dff2
43,mobile,macOS,80.200.37.48,c8424d5543598a637fe2a77ed28fff2f231f5773
44,mobile,Windows,138.111.102.162,7aeae5eec06ae812a80217b1aa0d1c46e98189e5
45,desktop,Linux,157.138.133.46,a05ecabbb787919ed7469409e07d59275bab0a41
46,desktop,Linux,179.50.53.71,3b0a364527977b9316a8ea70bb91bbd471964fa5
47,mobile,Android,150.123.73.18,b0c2ace1a0e03d023940991703dfc1fb2609adfa
48,desktop,macOS,173.202.234.116,c81119da8691e4fe95c512ce99cb87219b44d098
49,tablet,Linux,7.59.245.27,bae194b0258bfcef2e9fec80d06433565418cc87
50,mobile,Android,60.115.125.151,0c6c8a34c31d9e198c2bc4801f4f4fb855c3edbd
51,tablet,Linux,14.93.176.216,7d1fdfcd8c056487d824fbb19ef0e0643fde95d0
52,desktop,Linux,171.43.124.55,f48067dc060a61a00b6cec2249f5d6b6f8c65fb3
53,desktop,macOS,52.106.233.45,cf4bbac8848c01213b68d4371af12ed82dd6ce7d
54,mobile,macOS,38.205.191.111,956f621412e38d5fea675f9ab07dcab6fa38da53
55,mobile,iOS,169.144.28.92,405ad21f9e1a8823740b80bac2dbe1d89f44d532
56,mobile,macOS,30.34.190.190,99587ef650a907c34d4c3b19ce39748d0ee29d46
57,desktop,Windows,107.109.164.215,29fb73bc526020821bb9994c2649945fe1675a25
58,mobile,Linux,179.152.126.13,1a3ad017faff190453d2d7f306adf592756976c5
59,mobile,Android,192.175.108.145,b31958e7b84c0f9482085c53e42bceb49e4fd2e7
60,mobile,iOS,75.171.172.215,85cb64ace9c3be8499468dfd40983f013d85ca56
61,tablet,Linux,156.82.148.78,13015a1d13e5664f8115b6fcd551e5bab82809af
62,mobile,Linux,118.135.200.23,da9e94821b0f29bcf610da0ac47d9e6830761f43
63,desktop,macOS,21.193.125.13,c283b3f53b96a69f01e833fc136b7822986c9bba
64,mobile,macOS,206.34.9.251,506ed5f85ad86f114a1bd5fdf888db1d062978e9
65,desktop,Android,38.11.20.230,51f42a830f45723bbb8eb274a8523a081f413fe3
66,mobile,iOS,167.221.130.186,c5cfe7f0e2a87d2e67e9342363620e348fbe4d23
67,tablet,iOS,124.40.123.164,85397d1e9a59c82b8b4eb5fc1a62d1ba9813bd0c
68,mobile,Android,216.8.231.243,39c678cf7489c7672f3f41a19fc8fc19aed738ac
69,mobile,Windows,31.32.32.172,00e5008a48563e39cc8ef6d73332458b5cb28889
70,desktop,iOS,186.196.135.236,68d2f0040b08de356d85fe9b5cab8bd255bfd1b0
71,desktop,Windows,158.117.248.22,6ceb8c68f7d727a5e1d388259d99d75843531271
72,mobile,Windows,49.162.246.220,ffaee5470e11a4d6108c9ff63f5ea37b84b1a279
73,mobile,macOS,132.154.239.117,97077e4576a74cc7c6378f0869ece922b353287b
74,mobile,iOS,76.8.220.239,01c9e74e7da495e0cd9826d0b952560f62662ee1
75,desktop,Linux,117.15.11.245,890c052560368ff5103445f0611c9ea44d7f4838
76,desktop,Linux,196.179.20.136,08f6e55002b5944dc000e068773140a20b957239
77,mobile,Linux,5.211.24.15,5eb92e63a82e06ff6405411c0cf95fa9fe560e6f
78,tablet,iOS,113.105.143.14,e883c77fc3b6b4c318694b4587caa6d8b087e947
79,tablet,Linux,87.110.242.128,9499f56fc99998c0d0679944927fa46c6ef8b128
80,mobile,Android,83.186.110.196,30c89a118baba45747d7e7f19db662fe35f18fa6
81,desktop,iOS,35.216.207.246,85afe01744e86337ec72c0123fc4de5d321fe370
82,tablet,Linux,109.212.99.87,e31ad3e7db3a2a30cd7efdd11d7a1393d214055e
83,mobile,iOS,161.249.44.84,f7cc40f7f3e63a5e13f11b77495f3b06ca0772fd
84,tablet,Windows,56.131.249.21,818e692bf6d3ccb08af176a3962f5f44caf129e9
85,desktop,iOS,197.174.5.33,88cfd57771d5596082ed8f030204358fa8a284d1
86,tablet,Linux,159.49.146.23,e5d3d5d65b298902157c8702dad75200ff105d5c
87,tablet,Windows,21.109.238.228,843bc4760639d8a4e08694e7f4e1a55940112d92
88,mobile,macOS,117.128.60.29,03932846842bf309c5d30e1b1647d4c29dc643c7
89,tablet,macOS,213.127.59.67,4f2a7ecf14c16c758c57194c2210f21a0af903ce
90,tablet,Android,152.118.227.154,dde3759e9ccffd3f77acfa62025001e673ce6c73
91,tablet,macOS,52.232.125.87,92c3172c11f333096b3b9354daba804e2758903c
92,tablet,Linux,171.161.75.22,8ff7b2318e461142c421f24a5448d8f609974764
93,desktop,Windows,69.24.26.42,5d125267d5d7df055850b5c168dc7c05348ad7dd
94,desktop,Windows,147.115.23.114,f99183f63c704443d6e117e58c0360e4a8011c72
95,tablet,Android,33.155.142.73,063208f78253b360e434739d087aecd76c64c6cf
96,tablet,Linux,201.193.188.53,52b9276718db4a931c916fefdf60635e4624d7f7
97,tablet,iOS,112.43.188.99,477d790f15c08c16d465ca072ee7b84a1ed3b7bf
98,tablet,macOS,128.146.12.132,bc646d9dfc0bf92a66143f6e5a39fe64f8db536d
99,mobile,iOS,164.173.158.242,056cf58b8dcb0b0ae4938821f74d827f1ee7c77e
100,desktop,Android,128.10.21.29,a9a97c975e043889fa2e70d84fd13b47805fb76e
101,desktop,macOS,169.158.202.246,f73cb95504486b8fe740e0571da2065da6d1a584
102,desktop,Windows,13.202.135.136,e58bdc293d31cd3f5d267def1a1551f05438f7df
103,desktop,Windows,210.177.234.69,655b73957b8a8996214f47837bfd49da4263de6f
104,desktop,Linux,12.123.225.110,f47d4532acb5691ad65f8460f46b6f5dd229debb
105,mobile,macOS,72.183.119.202,aaa9fa2ef6b76a5d8b1919df23859b8b520b83c3
106,desktop,Android,68.106.10.98,f6d84e690188163e13c160e4bc29b45144638af0
107,mobile,Linux,201.85.249.199,4b600f9b566a0b02388b352a34a626995a9bf849
108,desktop,Android,216.152.1.134,2bdc73ae07df7ae900ac9e7a9cec4abacf1ff01a
109,desktop,Android,202.176.109.32,25a15644942b3e52a84a78a1a0e27c7453cfc290
110,mobile,macOS,163.239.138.234,df46a5426e50ccba899bdbb43a0dbf66e9fa15c3
111,desktop,Linux,155.255.188.250,1a8bdd3867b72994911fbda375f638a18e0c9056
112,tablet,Linux,7.108.30.88,898c853d988f57c4d36b1b946dfeaadaae4279d6
113,desktop,macOS,188.79.82.63,5d0085d4ca42dc108fcdad6c7617896707a1ba14
114,tablet,macOS,19.188.138.197,c61dfdb40edca63af96aeeb8c472288f45fa2422
115,desktop,Android,15.17.224.45,650b9bba99ebeb8e0a089917bbe4737dca2186f9
116,tablet,Linux,120.232.212.245,6cab855639c56a081c054b8fe7430f018aebe048
117,tablet,Linux,63.97.191.153,a325bdc5473cdc1b1d4757603372935c2a1572f7
118,mobile,macOS,207.40.191.186,f2a62f72b4459d9bdae0fcc704706f7c09c1f9bb
119,tablet,iOS,211.60.156.100,faa37cdeaf24881084df6389adc3396b64ff80f0
120,tablet,iOS,8.2.105.162,508171a40baf9767862bae8704cc673c3359e320
121,tablet,Windows,110.123.52.12,dc25b402c6c487b7ee50455aba2e13fa8c29a7bf
122,tablet,iOS,34.34.191.244,26e8544f4f8a84d9427c0c280b3d567d1c601b35
123,desktop,iOS,74.39.52.95,7f3ecdcd8d7f497cf07b0534b79b17f9dc3113aa
124,desktop,Linux,61.67.141.233,a811a1943d5d7050b882422b45d595d2e14a8a8a
125,tablet,macOS,62.233.164.28,476ed868c359201508befcc9c6f7f41ff6892d57
126,mobile,iOS,148.3.230.69,ac1b563d60bb6f661d0df84a49e37317f1e84201
127,tablet,Android,179.61.12.174,bc08ca2411ed54024df7e7aa314f4621d3817bcf
128,mobile,macOS,43.23.210.25,0264c4690a018fd8cb23027ebf8586150149b49d
129,mobile,iOS,30.166.103.183,ae12baddcba35dc2a56e27d0f9ec3f3f40a00765
130,desktop,Android,164.73.44.193,bc8133eeea9eda02802bfda95477c55ca63dc689
131,desktop,Linux,32.115.225.13,fa9925c3cecd3f5023fc4ded011a5863be24e3ea
132,mobile,Linux,39.100.84.69,c9dd8f2dfd2fa7a7954f747a97ef3c8e87419389
133,tablet,Linux,103.136.76.235,3f02bdc7ad0ecd9a8fe299d27fe4240366607bfe
134,tablet,Linux,168.87.45.161,cdcf9bb81f72ce1eb59a6fad9d8f8ad2fc49037c
135,tablet,Windows,87.219.142.93,e93beced38506527cc4397709521936a600ee822
136,mobile,Linux,139.100.148.203,976505d0061c4433507b28278feab297edec497c
137,desktop,Linux,154.5.103.117,909e33b62f40e1c420922148862a1e174a66e6d7
138,desktop,macOS,49.32.158.74,80fd477cb6d42be4a4ba7531e82341dcf57db369
139,tablet,iOS,52.0.60.158,ec305ad50559927bf6c020609d7675c9873172a8
140,mobile,Android,58.211.153.33,f10a5efcc6349c764cb9b5f59ffc3a11b7be39de
141,mobile,Windows,179.157.138.116,af5d132540b0371ed69c8dbd5a8b922279a93ee1
142,mobile,macOS,45.33.140.74,8604fa2618c46f431e97ceae179cb395cf39d1d8
143,tablet,Windows,77.88.39.202,c545b5b84846204a0b069849326326688debe713
144,mobile,iOS,26.203.23.29,cf9df371fe9fe9287352c09c4381dc6d418416b6
145,tablet,Android,11.254.230.39,a9d883569cd21d2cf51bf1b176d98afc65f3c244
146,tablet,Linux,193.244.23.182,1875bd5531fc2ee8bc6e0f9f501e7c8e2d5dad4d
147,desktop,iOS,202.56.28.169,46dc05d03487255dc15706f9285430e6315b65e4
148,tablet,macOS,81.93.242.38,b01424bcc1d10d207e1d14c285bdeb3897f7a887
149,mobile,Linux,186.37.31.18,565014dd823793dd488a1e895de221efbfcabd79
150,desktop,Windows,66.174.168.176,ee55c0c241807d139ce77ee4a416ff0dcc392f21
151,desktop,iOS,193.192.50.152,a7716933bd3a0e8328522325504656faf94bc54f
152,mobile,macOS,111.110.231.61,c88eafc92a68049a363c009a51a9585147c6dd16
153,desktop,Android,209.74.16.98,bb7cfe09f108f4001890ad2de1a5523c244850a8
154,tablet,macOS,122.243.51.96,16a2cb5a937a7277b86ca0f3afde3209ac11680e
155,tablet,macOS,152.250.23.247,8026d5b1a5bf2465e0c2397a88f2f1411275cac5
156,mobile,macOS,221.212.0.77,7acf9c863cae65e580ec6ee826bcf0c96de7153b
157,tablet,Linux,14.182.227.3,a3bbb27e19023c6a72d7f55c414efa6e58432ff6
158,mobile,Android,25.188.234.204,46f63777c8c266bca97967d681ad66db0c014170
159,mobile,Linux,118.168.92.90,f3c2b8c63541fd6bea0094bead11fbe5ef5b5d89
160,mobile,Linux,60.165.139.78,7dff8595d3788e3517f2f2c148e0d2b232484c7f
161,mobile,iOS,198.251.130.95,63d60478a344b764280ca89f5f18834bea459052
162,tablet,iOS,197.83.180.57,2eea1d46fc5d7a5fa34478129881d6961cfd6a0f
163,tablet,Linux,180.20.69.98,da48a7dc8be602259bea1ecb39a47316307cac9d
164,mobile,Android,61.126.167.112,b41ca4328d82ec4d6595e0566b29f82b6df67fe5
165,mobile,Windows,77.28.35.0,1a648e10ce3fe09e7a197c85c7cd12d1d230452f
166,desktop,Windows,61.71.13.160,4c39f506feca7a40c5c663097a955ca992d86aae
167,tablet,iOS,71.118.113.184,51bc3de3033d217cd76397aeece74adcf70da1fb
168,tablet,Android,111.163.130.165,7fe06dfa0bd666c98cb3d3ea29322418f657ed51
169,mobile,Linux,209.76.206.39,44dbcaa63550aec174f59ea647128f853f0d516a
170,mobile,iOS,196.188.50.192,fa02869a39a6c7e05c276188d49b9952ca75b9bd
171,mobile,macOS,195.173.106.56,68e5b6754cb91232e1c5188772c958e8221045a5
172,mobile,iOS,145.42.193.123,b6deb626d70178123214e2e48e7087e20cc49297
173,mobile,Android,86.110.237.55,adb3c66ce6372abfdceecc073632312669e6fcd4
174,mobile,Linux,84.102.119.252,ee6cc6acd8256b98de203d80891f62b7542f31e0
175,desktop,macOS,211.41.146.171,b441bf7afa33b03b19f86a291ccb210df4a33a17
176,desktop,Android,133.193.56.81,02010489a4660c726c74d888c3cf790f3e214b81
177,tablet,iOS,4.85.187.45,bce16757067ce2e4b5250ea78b129261e09518a7
178,desktop,Android,206.76.244.245,64fb43e16c0bea5935be17113e1f146aa66b22cb
179,tablet,iOS,113.150.13.180,41918ec646ecaf11cfe61f0a2a00392f290f9dbf
180,mobile,iOS,45.103.190.192,7ab33c395300cea9cf0372b6a433b09133172d1f
181,tablet,macOS,140.30.8.161,1b24c14695a9fcdcc6bec3f14c927f075672de26
182,tablet,Windows,154.96.52.7,31823319e4f711b42ccf7cf0e6c290fbe85ba842
183,mobile,Android,173.75.209.125,7de197fb87db03dada000fdacc73a38101d35c0f
184,desktop,Android,16.159.18.219,a4b975bb08fa2e6514fa43635645c5fd260ab801
185,desktop,Linux,124.87.79.38,91e44b4e8612bfcce248b01de3e7d0624e68ecb0
186,tablet,Android,82.224.207.136,5f2670cfbefa36299dc84c7d04b4449c7c566080
187,tablet,Windows,125.119.62.187,acec0007ed9842676b4da382c5743305a1ccedd9
188,desktop,Linux,66.21.242.175,63f26c2e767d5a9d4a74b72af36eab0da9ebf3bb
189,desktop,Windows,140.159.64.116,62ddd2792e6fc9424ea183b7b9b80b64f510cc9a
190,tablet,macOS,137.70.145.108,72807e05a003748791a65c4364093daff8a652da
191,tablet,iOS,89.79.75.116,aaf150a670afdffb58a6027c3ed781c3ef34b1e9
192,desktop,Windows,218.27.92.7,9809de1deb401ee6873ffa32dee21ca60185aa9d
193,desktop,Windows,79.123.217.111,351d302835af5645cfbced9a026a7376370c5629
194,mobile,iOS,43.123.84.146,20a6f2349ed48230e9b1390627eec2c5f569135a
195,mobile,Android,107.196.67.154,0d5d561cf62eadd1799baf580763345a4c6a67e2
196,tablet,macOS,133.254.190.232,98c4fcd2406ad49398b9e1582554b45a0550a6c2
197,tablet,macOS,23.105.194.105,d4268003ce7a39100fc048395685b2fca4859fa7
198,mobile,Windows,13.90.123.27,1932a0e18fb1d184b34fe30ee0945b53528e051d
199,tablet,macOS,220.56.5.233,af2313fd4d58c6f87b24f21869bd8c7b1570ac98
200,desktop,Windows,16.1.88.16,89d73fde8eb3169077b9fda5a2c226df3ccc1c20
201,desktop,Linux,154.42.184.148,54909c1d88dddd4a1221a16dc82442ae15412fb6
202,mobile,Linux,219.7.63.74,e7c70a18a84cfd2d59fd6237ddb2bc553c14df29
203,tablet,Windows,160.236.23.138,071398ed32f67a3574ea3a625b4c5c48d770ab3f
204,tablet,Windows,209.128.169.10,9b31fbfca13bdafff7760f8463689a9381267c98
205,mobile,Linux,38.83.51.187,5e32605e46b9f4ba76f04e61962b9347e041674b
206,mobile,macOS,112.142.90.248,67604d138cc64c5c346a4051712679204bc31fb1
207,mobile,Linux,183.142.61.247,ba4e93fd05444e7321b51f03594ff6e8be90ccb1
208,tablet,iOS,148.72.31.231,c000b802bc5f284d82e2be816d26b5b5b03acb6b
209,tablet,iOS,69.42.213.45,b5eae24d8c7c20634fd439f17624a4e7e256e625
210,mobile,Android,84.143.39.189,7b82fc2ce91279cab0a033d59efe13b671e11998
211,tablet,Linux,14.118.119.51,fd857bc1c763e816d744ae72ba7e43a567aff43c
212,tablet,Linux,27.125.59.35,4b4d03b9a8027f2c8f46b8caa1acbcf4a96582aa
213,tablet,Windows,136.113.247.247,3b3693705166b32a5d1d8bfa0ab584ccfdce83d8
214,mobile,Android,26.236.65.217,c1fb9285fffd2d2afe676cfaefb1434e0f63dd76
215,tablet,Linux,85.229.193.43,9b64f7ca3687ebc110d64f77849b9d4fff63042f
216,mobile,iOS,90.15.57.167,25581b88f7ebacdd80d8a0ab7a10d4de7510f91d
217,tablet,macOS,150.208.211.128,f75c70d78561e2b3069ba5daa9278605a7d1f11b
218,mobile,iOS,30.226.13.162,737f76e30c411cef2f3732bb08bd23089eba88cb
219,tablet,iOS,112.53.16.154,bf31789fcf09200da851bcef9a01939f8e8b45a9
220,tablet,Linux,142.19.6.211,562124e74b2edc1c98da9f66bd2915327c1161db
221,mobile,macOS,178.111.110.166,da04be46b232099b5953486d94304f7a9dfd9105
222,mobile,Windows,113.111.181.136,9ef4debc82e27deefa0e086322a8ee6197b9607d
223,tablet,Windows,154.171.117.123,0b19d4b63ad3cfcb0154117902f2650382c8232e
224,desktop,macOS,196.246.42.225,d453e73895cd46a833595a7385e8819ac9cd6b6e
225,mobile,Windows,217.163.84.15,2a7c101ef177a06f254648a3799a23dc58a1e78e
226,mobile,Linux,196.110.83.45,400dbf6be7dd2090c89aa558e878cbe2db8a0ea9
227,desktop,Android,67.191.186.183,6bee681c5d8266a07d405418c64cd751f74fa941
228,tablet,Windows,73.247.31.103,068aad3e31b306d382b4cd45f10a81706806a651
229,tablet,Android,131.87.96.91,480db9f538ea552fc34622caf7022276a4284052
230,tablet,iOS,167.168.230.246,cbb5f138d1db30ab356b723f614d53978f96ce40
231,desktop,Linux,91.198.30.1,651428daab533b944c92b0e8305e77d464d5f013
232,tablet,Windows,104.162.64.118,8f2599e11198b5b337aef85d4acfb592d532d7d5
233,mobile,Linux,102.22.169.139,07aa0b11dc2617a567fe9a1925760429d6aafdc2
234,mobile,Windows,101.34.105.213,6ba4c3fbacb8cda23617f9593a3ddd5190601cd0
235,desktop,Windows,202.2.91.15,db6e45d8c93c070a99ad0c197a157b6723c22e59
236,mobile,Linux,103.232.246.181,e4b6e1b27eba0fd7b94b84962eb9999f519689d7
237,tablet,macOS,128.152.6.124,27fd1fa84300fb84097fb9030734cd0cdd97831f
238,desktop,Linux,153.159.191.37,579086b86cad21d820088acb028fc40c3217cad3
239,desktop,iOS,124.22.223.134,a1ba0223e1cf102593c552e0a1744de436ea008d
240,tablet,Windows,190.15.25.62,3025cebeb17fbfcb61b3f609b254af3dcc443005
241,tablet,macOS,139.45.223.91,03c24877e4423fd9166a82037f63949e1dea5a93
242,mobile,Android,22.86.154.141,97c67c1b5392ebff83652d80a0ff613d8c99fc0a
243,desktop,Windows,93.184.165.49,79cc558bf2055c367e1074a8375c173f5ffc7fc2
244,desktop,Windows,88.187.65.91,1ca9efe1560b07e3d7899e884ea2932a8fac9932
245,tablet,Windows,168.203.209.91,7d0b6e72f71611545a611f97f9e114d6cd8140d8
246,tablet,Android,99.98.67.21,89607bb1a193f73bd955ca6a0fa4203ab086c8db
247,desktop,Android,58.107.89.151,a26a998bd50bd51a363177834d1ba21294e4394b
248,tablet,Windows,4.246.141.94,ee660fcca94023824cf20d34cfa95e539fcd4f40
249,tablet,Linux,207.83.120.84,e6c69258e1fd0d3474db3792af5853c215f1aa0d
250,desktop,Windows,170.89.255.198,51bc0f5fa4135aeb568bd5703d2c4f992ffb195a
251,desktop,Windows,32.150.213.237,1df0f3b9d55dbfd667a7a7ef860b94abcbf18de5
252,mobile,Linux,191.102.170.173,51b070355072439da961583e4701130d156b2cfb
253,desktop,Linux,56.247.242.184,7025c8499d3aa0dafd8692c421729a1476ac8c04
254,desktop,Linux,159.191.22.195,ac73b0d411d6eb0460839ff885235d512fafa353
255,desktop,Linux,62.129.164.232,2c9de53081620d3e72db573b664a558e8006248e
256,mobile,macOS,11.232.106.138,f7b14a561a20e3fa3db4418ff2e7e72b309157ee
257,desktop,Linux,87.53.66.104,ea7b12f36f07cf55842a235f79cffef0ca212431
258,desktop,macOS,115.246.237.62,76d47fe22fe72705e1fc920e70fb59d73da7db04
259,mobile,Android,48.58.155.11,50e5b2c3bd0827975a7d31466768a1a731ab20d8
260,tablet,Windows,24.227.167.200,3b8d7ba03ca62fa5a38321e30d2830da2f81d22a
261,mobile,iOS,126.12.152.31,32b950da43db1dc74bbeabdcf929e0e879bce4df
262,desktop,iOS,119.245.136.83,d0b6a51700fdcb8470959cbbae6cb1236bed4f55
263,desktop,iOS,103.250.225.206,13e131f6d9e14b146c45b6924938cd10e9e3906f
264,tablet,iOS,223.255.218.111,512c267aeb524d61d09319fceb068d4c28140547
265,mobile,Windows,94.48.43.191,8a3a5b031981084d2e6ad6479a3b0d6c76133132
266,mobile,Windows,208.144.90.246,3abcba255970351f6ec69b6a863a3e6e49a12789
267,mobile,Android,134.112.140.223,f33d33a8ff6d2e384adb700d644e3658698dc59b
268,tablet,Windows,142.154.89.24,2d4b1b49e227da5cd07e59c393802e3b33551646
269,tablet,macOS,143.116.129.198,5afb91ec82fe10737a723aa2a2cd498de180b9c2
270,mobile,macOS,108.222.47.132,7ea25884a6c857880cc57596fa978390d9b3177c
271,mobile,iOS,162.68.140.35,900b0161f3de8fc1cef8aed66c5a8fe7be6138d8
272,tablet,iOS,141.178.95.5,fd2dfb79afefbe7b9fc775a6b4bc880e97049983
273,desktop,Linux,123.172.139.196,432b086dc850c5d9e136497da9dec034430782c1
274,mobile,Linux,41.109.181.105,9440e46fd108718fcdf034fc2b3f46fd73a7e6d1
275,tablet,Windows,142.126.96.237,3718292a953319b9f631ea83042ebb9118ac0062
276,mobile,iOS,7.85.179.106,61baf4b679daad6a38b9b01b9a044a5b7b145136
277,desktop,macOS,102.40.199.219,d495dffe1550c523f18825bc763f775e5f3dcb3d
278,mobile,macOS,10.44.181.171,2c21d5561ed1594fcd019df9384e69320a9e5ba0
279,tablet,macOS,219.133.125.210,255eb7ce9d5ab0029748cff390039714b70ac0e7
280,tablet,Windows,115.128.211.11,e640c120d99261834294fca0d74d3bf0ae9f5e3d
281,tablet,Android,168.9.85.30,eb72652c7c67075ad29559f345cef74bc02c669a
282,tablet,Windows,9.51.223.110,ca1ee416f26b9912364d862cbd3e44be4c19695c
283,tablet,macOS,22.240.189.141,483fb34963868fe60e54271c9d8d09a1a6592cba
284,desktop,Linux,88.62.204.190,dd46cecfc9374182685d6e81abe1f7b5c90a575f
285,tablet,Android,55.250.189.42,855dc5f45f90e593d986d802b7704a5ae3bf9fec
286,desktop,macOS,24.85.146.13,97922aa027440ae38f53a50ca1a646ba5a2dbaca
287,desktop,iOS,126.148.208.180,931a56918299eca3478380c133884deae2f203cb
288,tablet,Android,168.173.170.37,7d5ff46338191377100ef61a893a8d768331f656
289,mobile,macOS,128.60.84.101,725e9072596af53cc9d69ce575d5f0a3fb1b0837
290,desktop,iOS,176.27.32.213,b0706f05caeaaf4727bd05d8b8e973a0156fc23c
291,desktop,Linux,39.246.246.254,0683441943ea2c08be28c59181410e7425af8964
292,tablet,Android,54.170.78.201,db2346426ab9ed7f4353afb3f37accae1b5c9d95
293,tablet,macOS,223.243.76.127,c6af5290e48834a6c3fda7318222372accd315a4
294,mobile,Windows,187.182.183.199,4373c632f15879f0e16c49c0ac144b690983354e
295,desktop,macOS,2.159.200.43,2dc5bf22b9e272aee09e43fff1a25cd1684c65ca
296,desktop,Windows,110.81.117.248,f76c3047de48ba9f29e90940930e948e023fd057
297,desktop,Android,134.201.37.249,998abf774e8d7763bc2059cf087cf022fc910bc3
298,desktop,iOS,199.71.180.222,0cb62a9fd0a9ef599acbaf3e2f27d512676d8c78
299,tablet,iOS,214.108.244.20,220f817a3e47243ae9584896feb29f491b1c4bd3
300,desktop,macOS,61.194.233.133,96f8b2e571df9a0cbb9125631ebffab10491f57a
301,tablet,iOS,144.134.57.92,66f2e86879740143664ae2c347d0ed78434a7ea4
302,tablet,iOS,112.251.235.114,467b01f0941734e55a0e48564f927103180d308f
303,tablet,Linux,11.168.211.14,5ba571485a1468e007cabadc018737d9d26a4980
304,tablet,Linux,149.105.172.115,8f1d66529ee11cbf5a3f69fb7d577bfbad410e14
305,tablet,Android,173.154.178.162,2694b88952c7abf6a37af85ef94704e64f552150
306,desktop,macOS,31.238.117.34,001a30973682401c517769b675f58538b931c96d
307,desktop,Android,123.39.153.250,df057c25a28715effc5a8d264162a682bc2ac5c7
308,desktop,iOS,59.207.210.125,50dcf021a941b5e40423b07f0912386273bd67d4
309,desktop,iOS,68.134.2.77,c9b42be874617812b9140acc0f5c6133094d2a8d
310,tablet,iOS,22.161.76.16,fbab9a4b830d2a504590f66a8bba76f30c7b0971
311,mobile,Linux,148.238.45.159,de3d557802c22216405317e4b6938de6e700a26e
312,desktop,Android,193.72.227.173,083e7555824c04e0339a737632aa06cad789113f
313,desktop,Windows,30.178.247.26,e4102b7ff07ee271d3245f5e24ccb41912a927ec
314,tablet,macOS,130.74.136.136,347e6759612a302ed464603c57a106120ab51cff
315,desktop,Windows,78.33.177.139,ad1bf2a3b67e9a6d5fd095c6900565f555889623
316,mobile,Linux,18.89.200.20,073921b1c4e843fa1bba447756b6dcd2de82c4d1
317,desktop,macOS,209.118.148.144,dc73ad22be53e21522042f75ba0fdacd9f5f51e0
318,tablet,Linux,65.211.125.132,d53cf889c019c9b8f75b9a872dc7240f42173876
319,desktop,iOS,206.153.17.15,8bb189d543652a1f49cf8c7621e943e6996dcac2
320,desktop,Android,151.41.65.11,75013c1cc4a6574205df034eca10e80ae1e0c5fc
321,tablet,Android,94.23.216.41,d4e52470ad2b8dedab18a8484dc54a0c527cb4c6
322,tablet,Linux,5.153.58.69,77680f36a3af435b88114f97b795a5e0c47c85cc
323,mobile,iOS,164.242.93.164,329611db7f4c0b7009dc9b5bd284fe40f3c91b77
324,tablet,Linux,46.55.157.92,a6732e7ab757fd79d01a4feea7d3abbe0d33aa67
325,desktop,Android,202.248.76.54,0313a9dd85fff5fd080bbd30ecc6b530bdd0a240
326,desktop,Linux,143.52.64.26,faddd2a3d2b47957f618aa88e41d4a12872602f0
327,tablet,Android,219.0.62.33,c249766fca14af060daa8aaf0f5565eeeac6bedf
328,desktop,iOS,194.54.237.125,7149b9e2a8369a84e4e94371bef3895a0013fe6c
329,tablet,Android,92.239.97.75,bef524de7f1b90def515ff3282b9a8b1f697fc48
330,desktop,macOS,56.26.184.202,a774e4242be805a2e2a99d53381ad1d9ad76b860
331,mobile,Linux,65.2.106.101,49bbdfc6fd84c0dd6b1a1e56de6fc3982368498d
332,tablet,Windows,204.146.122.123,dc8edb564cfe360f5739612653b09732225e36c7
333,mobile,iOS,115.210.193.99,8dfaf86d22bb336af83c2b7d8a844c412240a942
334,tablet,Android,92.80.254.63,dce6e4e7af1ae800f7ba6d7014951f8e8f39c405
335,desktop,Linux,66.204.244.228,6b6fa8e6accf31bc44e51c91d7573818eacfbd6c
336,mobile,macOS,222.125.115.9,e04b3172f8d5c97988f408832559f1bf6152e94b
337,mobile,iOS,223.33.76.233,aa3e5c7a39a361f1f07ef8d846519f08c6aff07d
338,mobile,Windows,84.117.58.32,2ca2842ad54feb3c217c87c630096e431b670a86
339,mobile,Linux,155.128.86.235,56402d996a9485742e629fad49b9e5dcdb4d1a81
340,desktop,iOS,156.99.19.78,d277e5d17e85a389043b944546fcdca5d550fe0e
341,mobile,macOS,183.174.16.94,a07d559e2e66359983a5463898a41f6dd6b0470c
342,tablet,Windows,116.71.166.36,75a9bcfc429d2857a799cc7ac8cf5d4d5e6be07d
343,desktop,Linux,191.120.216.229,085cc904f125448d1b621cd0184fa42ba2d326d1
344,tablet,macOS,43.138.31.111,21e1ba2e67ee5e9cb49af4282739fab79e7092cb
345,mobile,macOS,50.187.215.53,7409ba965c473393e9132c66ed9d3c2f4b1c1adc
346,desktop,Android,216.97.10.53,9c260cf31f1defd2e6b31e7ef6a89b6b60692e05
347,mobile,macOS,78.98.140.26,cd6e0b014d3333f5471a45256828b3b10ed175ee
348,desktop,Linux,112.28.59.168,53c2c69885fc5d3c04acfef71e079177a9a83864
349,desktop,Linux,89.99.124.99,34c452a9c96c9355663cf5b643e62f4bcf7becf1
350,mobile,iOS,36.91.87.77,fd3402dd16455a4aba37198ae30e2fb069cf7c52
351,mobile,Windows,27.183.34.157,669a1bda7f23dd7acf2f484bc1251e5af812765b
352,tablet,Android,31.217.41.223,846aa80d464509dec95028245599381fe76e0d60
353,mobile,macOS,81.97.197.157,42f610f7c45bf2b7c71652e3a18da6c6e2ea9545
354,mobile,macOS,103.3.117.206,b2fd00b53b3c5982108384a88708087a8afb2d76
355,tablet,Android,120.181.24.147,0adbfb7a014b784a59aeaeb15f42092ed3b35753
356,mobile,macOS,200.108.17.79,5568323df9ef1a67a7c974c51419d4b915c6d89c
357,mobile,macOS,199.193.21.0,07b9e20c43d430aa8737088ec22bac94e3bc56b2
358,tablet,macOS,9.3.47.184,a554d874a8565f127ab705a38e51eb90ae85545f
359,tablet,Linux,184.124.213.179,51682acd163c104ebed05a28edc613d69cbe7081
360,desktop,Android,169.109.254.222,c78d29a9b3d6fa04f17cd143029a58b9db8d90d0
361,mobile,Android,29.20.18.82,cf695492fcc6eb98aae925e9c306aa978724a311
362,desktop,Android,58.190.203.10,19868aa97003c3f3eb189dcc69289f7cd7ae3497
363,tablet,Windows,120.209.161.196,ed720046836ffae2b60073654c9d67ded7917317
364,tablet,iOS,221.104.82.40,56fb28aaf54602d75ab816b0bdd89a5a7809abd0
365,tablet,Windows,160.76.55.67,f3e3d82eb358d541e407bc9123dfb9d5c00ad1d7
366,mobile,Linux,57.153.85.142,ccc5db5246f2732157c5d2afa0b54bee2dfdc04f
367,tablet,Android,217.155.193.181,55d2a74610b1cc4d4200948968778f9fc7e2e0c1
368,tablet,Android,84.181.2.5,619493ed2e4d41a89c53e7b88d954d005953471b
369,tablet,Android,128.204.54.242,6df197089c69716dd49b5f5d6ff2c465d894d7fc
370,mobile,Linux,79.223.79.149,ee98452c22040a0e9f66075530c24fdbac80272b
371,tablet,Windows,36.195.106.123,141675fdfe8afc0baf1c495e53aae09742778e94
372,desktop,Linux,102.43.38.143,90c0114358b4d148ab6575a7cf6dcf4fc99d3e68
373,tablet,Windows,114.248.192.255,b9c44f4b1cd834dbf56f5555d8df4e1040b0d1dd
374,desktop,Linux,49.221.20.230,f0e2fb356f245a47b73628a73090d6b29dfded9a
375,tablet,Windows,38.158.55.240,4c645808916dfccfc2b225250d75d4c24cca1c8a
376,mobile,Windows,159.146.40.114,957a1ee88dbdd45983110208a7f2a7e307ac43c8
377,mobile,Android,212.215.125.134,be02fb4e35d0fc3c2046a2024676938d3e799192
378,mobile,Android,208.59.220.52,6e233d21f83af5571cb9ca444f3bccef9ddcfe6c
379,mobile,iOS,43.69.168.66,1d3a1d83a3ef7e689057874f9e8d63bf79a6857c
380,desktop,macOS,149.87.31.167,1b28fc2a0db96adf84f88415a06aeb2164f0ace5
381,tablet,Windows,81.8.16.114,182a6085731c645652ddaabf54882723f3473bc6
382,mobile,Linux,101.90.109.112,43ba07d021cddc3908b99f355b5c6a25614613e0
383,mobile,Windows,191.46.212.31,b174091c83c771acf45c206bf3877f3352cc4194
384,mobile,macOS,1.251.86.220,858e2b7a7259d7b4fc55f104d2f4f2f3442c0574
385,desktop,macOS,103.120.94.129,2f383747f5800ea98eb05c6d4d3159ad4de39b62
386,mobile,Linux,27.153.178.171,02280448df2e516fcde756f7aafbb8143696f717
387,desktop,Android,221.201.23.78,8a563bb398b761eb81c6903cf067bb4225f2d408
388,tablet,iOS,14.249.194.208,be1e80ca3e5d1174706379bd632ba4cc487ffcd4
389,mobile,Android,201.34.158.30,a5dc5b782573ee3baf769aa8f43fa22bfde078a9
390,mobile,Android,19.0.80.253,6b96eecd9508ac4e7c3f9ae218cf8c0bad5a335c
391,mobile,Linux,177.128.159.58,ab9f0e8a2717100634ac59b87de549351bc214b1
392,mobile,iOS,81.35.155.72,0689ea7f4204aea5b8eb2c5d2ba3f291e3a44cc3
393,desktop,macOS,57.47.59.114,8d0c80c171c88c017a9fca357e054e9bd157d2a8
394,desktop,iOS,199.29.107.179,0d386db624dc8fe17eeea33001a0138f1af4e82f
395,tablet,iOS,33.98.170.214,dd7fc775c303ef8a07ec999c627b0df6604f28d7
396,mobile,Android,148.204.239.92,2e874d17f64b86f8908e702e4a03afae9df6b8f1
397,mobile,macOS,23.227.241.91,c12f92870815bafb38fc8538e6ae923b83cd156c
398,tablet,Windows,53.42.90.127,3f41ab541be1b36f0e3ca6c40aecf7d0e63a71bc
399,mobile,Linux,131.244.63.12,4e60cdc617b6665cef0d5958e4a01541942bf818
400,desktop,Windows,142.61.0.124,0e815141172f48ec00e3e178422f0dea585bd36b
401,tablet,iOS,29.24.71.5,c7deb3745490be1d838d7ebf757a3682a4193cda
402,tablet,Windows,24.219.160.216,dced1ad5135389227c4c7092d9ba2ba0a892565e
403,tablet,macOS,126.44.190.227,0e8054ec2ac77df58f9f3aa26d813fd4d3075d54
404,desktop,macOS,216.42.135.34,a6201d0b1694035c14bc479deaeb340c460eb0bd
405,mobile,Windows,70.195.173.115,af5f7b1f1eb3256625625e58fb17c3f458992a52
406,tablet,Android,117.46.78.130,47741d2e9077ee0d864636d351004767eea4efbf
407,mobile,Android,119.218.65.228,bedb966373807dbd8344637b9de44f984b2b0358
408,desktop,macOS,161.229.16.0,758d66c8c18924570660c8ed8607ad90810c70cb
409,desktop,Linux,209.129.58.219,3790045845b1121a2baead673f49e2638fcd3721
410,mobile,Windows,71.246.200.95,bc44849809b965dadce234a47f4bb8df5579a213
411,mobile,Linux,169.141.252.136,fdf1e3a758a4244e724e731c40947f3dbbbd29cc
412,tablet,macOS,202.196.99.33,7567edbd8ed38fe866efb8be7e7d375b9f9e2240
413,desktop,Android,21.148.60.129,566951ce40718344f485cb64009e45cf99cbf0f5
414,tablet,Windows,33.147.150.224,dd4cec33c62462b81f8a0f0dc943793b035a7b3b
415,mobile,Windows,11.22.227.40,a57e21df57cfceaaf9b77e26b45c5552ac48c0bd
416,tablet,Linux,47.78.50.22,67148975df032b9216ddc86af52f5b9fce4f874c
417,tablet,Linux,108.188.112.81,3271c487b66ba2955bee28551cb192c35dc4b393
418,tablet,iOS,123.30.138.35,9f49f46db5282207e49c17fa1af0fdb7326a6e82
419,desktop,macOS,13.133.35.188,301109a3f4e7bd71394f0ad145fb7611577528c7
420,tablet,Linux,80.232.246.131,671e0abb7ed2eecccfca701d0c2cb445b0841eac
421,tablet,iOS,59.152.118.44,6e0bd39f5dd047e7072f3c4a18c191d344fbc28b
422,tablet,iOS,150.44.239.238,f8e26b91f0a1abdbb42904359e2d188da201c26d
423,mobile,Android,94.158.127.60,a2fda245092c9acd4fc5396e12afac3fc6648ada
424,desktop,macOS,129.163.40.101,abb560ec23d4d0dff176fd9253fccaf21eb9789d
425,tablet,Android,116.175.195.227,129984682766101cff2b7165675973e10270651f
426,desktop,Linux,199.57.204.158,c1979c2ec9a5831142630f10fdbb3242ae36ae86
427,tablet,Linux,1.221.204.78,4bc7d60c5dda17a37e6fca95a4a8d7abe3038bed
428,tablet,Windows,70.208.43.218,4bb20ab83e48238ba22e6271579c4840d0535411
429,desktop,Windows,152.31.42.233,6edc98b7be3fe2c4f2261d21edb863e79fb9e708
430,tablet,Linux,101.191.111.13,4ad5218e2f44f6c9908b63b8ed539bc61542bd9f
431,desktop,macOS,212.223.138.233,830f07eff83855bc85f0a1edbdae7d182e5ffc2f
432,mobile,iOS,168.35.161.250,f15bd111217131780bd2147cb68c6e0e3b89d41b
433,tablet,macOS,4.249.87.19,fa4315e8b2e965c0e66e5a511ac4cfa5cebe3564
434,mobile,Windows,9.206.6.251,1b9e58aefb72beeb67561a77d3f25b1dcfa20ffa
435,mobile,macOS,21.147.219.2,a2b2f38b2979ef756c3af8c2a18e64ee73ddbfeb
436,desktop,Windows,186.2.44.91,8c889574e66302e80a1bc1155cb9f83e85ccf7fe
437,desktop,Linux,213.7.170.122,fb3f9d23d79b2d456745e0e4a8dab5a105b8c49d
438,tablet,Windows,147.44.63.198,e0478e4bd0fc54ee2e3b3433dc49724e7f5daa4d
439,mobile,Linux,17.120.194.233,3f681a18b8b41cbc7c46cdda973e5a3cbf35ae30
440,tablet,Windows,96.150.236.230,ed37d18a1360a9d1a97d65803dd0eec26b01de39
441,mobile,Android,169.191.122.65,5690275c5be64b14a2baa4211728c188c65d44b5
442,desktop,Linux,213.188.156.43,184bbafcff7d5c230ade448a3674be30092038ed
443,mobile,macOS,215.91.133.18,ad3fb83461265d3ae4f37b80de5d8ebf99acb694
444,mobile,iOS,30.199.101.61,afb958f6c7ac427a5bc814a9cdbae5c9b41f0929
445,mobile,macOS,71.41.238.1,a8969a58ba23433bbba3cb20a059016c95edaadb
446,desktop,Linux,214.222.144.163,4b121dcf512b14ee32a24a8b728f6aa4712e812a
447,tablet,Windows,220.95.209.173,d9e138cddc67184eb37d70c278e4e414150be9f5
448,tablet,Android,96.181.201.138,84dd22408bc43b2e7d6445d984953ed3d321525b
449,mobile,iOS,89.217.187.14,288d5aae7e0a0e16b418738f44b87de815bb05c5
450,tablet,macOS,214.165.144.145,b4d284410bfdeb074e549bcb13ff79a52dc275d1
451,mobile,macOS,204.30.107.62,8f2b229aa5e2b4230cf89df71d4bf44e16c2a615
452,desktop,iOS,78.17.243.71,7fc7127f91f5bf08221869ab99cd572cf0fb9fe0
453,desktop,Android,1.15.2.131,4118200398d47c7e283851c8da3d5e02f9d61ecf
454,desktop,Windows,34.108.253.126,7ca13afae9e5a98981fc39cc5ab9e2b751afe04e
455,mobile,macOS,72.205.242.228,65ec6357dda1b8375e7fc79fe7a26ab7795c500c
456,desktop,Linux,156.138.59.196,7dc7d4b75b67c007106271c31377a42b8f10771e
457,desktop,Android,214.232.220.160,227ea939fdff98cddd6c590a92adbca6f73c9c2f
458,tablet,iOS,194.168.219.101,975f835201843dee40edf25eb5484de05fd35105
459,desktop,macOS,145.34.98.193,331d51a7807226a84a774a85d97211531096b082
460,mobile,Linux,161.77.15.121,c1b37a3763b9fec84e06b460742d4eb87196cfa8
461,desktop,iOS,169.181.81.156,aacc9d194787aeee2511cad3128b530f359351a5
462,tablet,Windows,50.155.184.116,a68b9d81711fed9a017d5f631ed6b310823da76a
463,mobile,macOS,148.24.104.2,0cd2a1b16ecf12b6fddf412c1a12a061794669b7
464,mobile,Linux,200.117.154.47,a3bbca8e4284cca3f5f00c8cc6f1c5bd443d6dea
465,mobile,Linux,215.172.14.118,b34b712d7e67e778b14fe09113153958f28f1ca0
466,tablet,Linux,99.63.150.108,4bf222341993ac6a37ee4b513b7ead0497f427de
467,mobile,macOS,41.15.224.138,dedf7cb931188caa14b8a00ea6bc0ed7a7132460
468,tablet,iOS,132.237.230.92,54a9842a49c8f8de52980a2312b935cd8a8be1e9
469,mobile,iOS,183.33.134.216,e8da28ee29aa483508926d3cd3993833cc8a216a
470,desktop,macOS,59.222.122.11,5145ab151a4b8425129625b782324ab58b621800
471,mobile,Android,35.44.114.214,523b625d3155c371b3cafd6673080a86bf3ae4b0
472,desktop,Android,160.255.185.181,5160c5d0767e8d8a584dc085656a6edfe34062c2
473,desktop,iOS,49.242.41.51,8b25834c35c9b99fa0c1b80b2e12fbac8f367d21
474,mobile,Android,196.26.168.228,8b8b614cd284745824fa7025bde541a9862c1a05
475,tablet,macOS,161.161.183.222,a06b827c3496392ee5cd716c2f322258a81949a6
476,desktop,Linux,65.76.43.184,3881700f6aa21a82703cf7789d67f4862e39a106
477,desktop,Android,33.58.77.164,020f5c82529045703b9c564332957a9de89ad241
478,mobile,Linux,203.82.83.36,0243a34a5637b485f50f8dc33528ca1c8bf6c8fb
479,tablet,macOS,18.232.184.46,a417defc988824165a72d0743dadcdf48a226f03
480,mobile,iOS,154.34.247.54,dfa2bc10d25971b84ad4ca4b8e1c6e5678039d46
481,desktop,iOS,102.241.227.26,3f018d1a2975a08d3ecce84c0650ddb55c36dab2
482,mobile,Linux,160.0.115.204,4e6d9147229634f6295de380470a7a9c71a2c658
483,desktop,Windows,77.241.177.9,43062fafed6ae136010c4ec1b16ed38ef14e75ff
484,tablet,Windows,182.182.212.150,ef9ff3824945cea7f6083a9b36f322ddc2e5f287
485,tablet,Windows,219.228.77.196,4dde53fe5d374d400b5668d7d234e01863fc700d
486,tablet,Android,6.201.190.158,ec1ca0975c6400a17d22ee80ee2b016ef599175a
487,mobile,Windows,176.85.207.14,00dad32f65f53de7f47d948ea0907bb3e969505f
488,desktop,macOS,28.33.57.205,68dab65b1f08faec0389679abe550e4293e7a7b4
489,mobile,Linux,154.163.63.156,03a00f933feff08ed92e0ca1bbd66e6a467d97f2
490,mobile,Android,205.55.188.63,d087edcee43dd279df69fe7093cd29c09fbd93e8
491,tablet,iOS,77.100.247.25,2e652e74fdc4378690e185f336aa989906e0116a
492,mobile,Linux,40.87.28.9,7af73e19a679e5377bc3828a6bb6ecc9a9803c6d
493,tablet,Windows,191.175.53.104,dfffc855ab0ccef0bf138400a5dc87d9dab34fc2
494,mobile,iOS,177.109.153.148,496a4898dd920e305a11f8a2a4381287a3ad4b84
495,mobile,macOS,52.197.2.238,4ce8df0a7424f1a66e0cd78e96acc8ac1c6f8e43
496,mobile,Linux,96.35.45.54,4f77f52e3ee5e864ddff01bd771e1fe4c6f4200e
497,tablet,Windows,43.97.115.172,23b488956e5ef044e89776a424c7a82a537dcc53
498,desktop,Linux,79.113.69.192,b36a0b2d30f160b4e0f8be0c16d00fe89ba4047a
499,desktop,macOS,188.163.255.229,6e8ec8ec3cb5f6c537486a9b32b0ac84241bbc3d
500,tablet,Windows,148.67.47.206,efe3e0a26781b9eb0bdaa83ca0f52578ec80de05
501,desktop,Android,97.252.203.151,335983f709c2043abefcd0fe586c887398558fc5
502,desktop,Windows,172.223.32.161,3f9ea5abfeec031c6bbdd4dd4e5b21be2b03ecb4
503,mobile,iOS,47.218.127.142,c77445113755af1c5cc434c11d6580adff3983b8
504,mobile,Linux,185.150.155.52,78b8e67d3a061d19c48a9d12e259be758d114106
505,desktop,Windows,75.184.176.8,0a119bbf89274babd14e32536aaabd9f990f1f58
506,tablet,Android,151.43.244.82,52eee7a807c22038569e3e1cd78b96bccb019cd7
507,mobile,macOS,53.136.60.183,3ce94c57774d595474757010c8894202e1dd20a6
508,tablet,Windows,192.45.23.66,120c0dbbc92d9d455c2f4a3dfe5cd56c09585e2c
509,desktop,Android,195.196.124.10,776ac9a78c7f2e8631b72d1b704cd4956be4dabd
510,desktop,Android,201.101.35.216,f20d6d40db7100cd05db85567ad6d03fb529438b
511,mobile,macOS,87.98.186.97,5ae5973dcdcadf7830ed8fa82788098470cfc473
512,desktop,Linux,140.204.115.1,973909cb3c5ec53988961a8f6676ddec244159bc
513,desktop,macOS,160.159.160.131,d3397b2626450e70067cb585258ac68c0544079a
514,mobile,Android,38.7.104.126,60c087aa50195ae7ef19590066357aec2c0b5b41
515,tablet,Linux,48.22.113.242,f21b6167469a507922caf85d70d05283384fed32
516,desktop,Android,1.12.71.9,43a1e30754a623266e550fbf01d1e0a9e6d66dc3
517,mobile,Android,81.169.145.75,893f39ca8f11c50269d55368e3ee05fda3a37194
518,tablet,Linux,81.169.84.145,f22d4aab9dd0d213189903357b26f2aa8c0ab867
519,tablet,iOS,217.111.178.66,99a4eeae700f7c23e3778cf1a91a75c776cab3df
520,desktop,iOS,170.79.18.105,bbb3bcaed079ba39c45957275aa7b55a7f5e4257
521,tablet,Android,135.171.41.117,49258af02dfc74223de3ed384021e9ffec7123c8
522,tablet,Android,196.250.105.220,f3f2ab4cff60e0507d2cb23a70335c2295050bf3
523,mobile,macOS,136.80.141.207,4d83430a1f57f905fc1c36fc980e96864fbecd9d
524,mobile,Linux,3.88.125.249,fa5e8ed90c25bfc7ba7ba23a7b330977e02a4c39
525,desktop,macOS,134.39.3.255,827eb8eb84c1896b7d406b45dfeef4c53077f913
526,desktop,Windows,72.253.148.58,d5ba8150536ed97e81a20f25af6f498fa5e6cd1f
527,tablet,Windows,181.153.165.88,c5557c3c82f4719357e1f3a925e5ca6614f199da
528,tablet,iOS,174.204.106.229,49414fc044502cf4686d700b19d5b0fa169f85ce
529,tablet,Linux,94.91.157.190,b98050ed011191687c07cd994c5a7c8bc0acfeb0
530,tablet,iOS,145.197.168.156,bdc7c0afca6fc202c39ab4d16605ca3e2fdec500
531,tablet,macOS,112.13.208.16,5753d654469aa6d61643e370a6636a97a52f133d
532,mobile,Windows,54.88.192.246,f10e7ca1fc6297274146305e9c297e0aa4bbfdc3
533,tablet,iOS,99.242.112.193,1df0f7ab20fca36bfaf3b1052210b24dbf8240a2
534,tablet,Windows,32.209.56.145,491bd2125f6632fd9e8a40861ee5d33febbe4981
535,tablet,iOS,137.72.145.154,f994b59f4d857544674be4e7aa67f230e8b0e949
536,desktop,macOS,122.110.206.203,dc5240b0b334a941e0581df8d72a68cb34b10a30
537,mobile,Android,217.152.160.92,d92be6f994bb4803b5d7329a58bd202e982f21cf
538,tablet,macOS,84.201.56.160,5313f6329afa29354686a503ded4b51533a3cad1
539,mobile,macOS,105.98.34.121,988d59e804fa90c767b00496badbae6e033986b5
540,tablet,Linux,211.111.73.212,fe526528122714c625dd4c75f560a26db13f56f7
541,mobile,Windows,9.94.46.181,1ce7d01fe19b3ddaafd07ed5880d4f9c0725b438
542,tablet,Android,164.180.207.64,da6d6b019759bfaea6bf9184599ae721ea58242f
543,mobile,iOS,108.105.109.176,939c48c353303303919ed60dc11c1180449a3ebd
544,tablet,Android,69.11.208.164,ec652b550d0910649ef12e48992c65492fc368a6
545,tablet,Linux,52.89.240.149,7bf6ab718016b81b5566142736e4c0d9c58c8266
546,tablet,Windows,58.210.24.136,20678e025067b34f3c027baccfd3df2b477df2e4
547,tablet,Windows,71.65.62.137,7e3258cd8fc13a4b0559d5a04bd010db02373b56
548,tablet,macOS,154.157.176.167,cce93b2ff25fae19a62d03edf1e3c1aa2ef8f9fb
549,tablet,Android,25.164.219.45,2ad2bc65edd82771c98d956f49338ef377b5070f
550,mobile,Windows,134.141.70.31,8716e24e7d16ef7dafd1dcf92eca4f72e110d4ad
551,tablet,macOS,221.164.0.69,86a108559cfda86a5cc35d4dbf6b98c39606311d
552,tablet,macOS,221.253.176.157,9946b38069d1961301975e925611441f7a34b2ac
553,desktop,iOS,92.129.66.140,b6468bba4cdedb1d6f52b70ff41bf123bbc85627
554,mobile,Windows,123.32.20.168,3bae5ae72bf6ca1f1900482ee0afe2aed70228c5
555,desktop,iOS,154.29.160.155,a6f722ed9221faae52d29ad5060d72c43250aca7
556,mobile,Linux,97.74.177.51,23cab80f303b2b1da65018f1589d5df273a65714
557,desktop,Android,9.124.217.161,512a58a61bad8f5fc1789d588e8bc4a025454421
558,mobile,Windows,115.31.44.144,d2aa3996389708d9c7465b9642f444bb941ef0d1
559,mobile,macOS,50.250.71.47,7113d9f293e426f8a353678f64441f7b8a0fdef9
560,desktop,Android,167.221.242.14,71c43befc880c0e480555e213dc5c08ec742076a
561,tablet,macOS,209.83.50.16,44a65550fc5e099b519cfddf3dc2f963e9805333
562,tablet,iOS,50.209.17.45,bfd2fcf374a00f972c58f1396d07e8392ab6f584
563,tablet,Windows,31.253.143.178,0989c2fd8f075daf77c5960430bd3f2c934dc4a4
564,desktop,macOS,146.13.46.206,05ea2294a2659152b6d24e802e295720d03f321b
565,desktop,macOS,199.9.166.190,cd08e4bfcd2e7b32bf665499bf4119ca89d576c7
566,tablet,macOS,96.161.52.60,1d84975aaae451a945d9c135ba6ad57c17085214
567,desktop,Windows,115.152.224.183,a6b1b7c1a4a7f1e11b2e2e4a30f2022a7ef65787
568,desktop,Linux,221.77.13.173,5ad19bcb9b0f53db0095b1b86f978e9be848863c
569,mobile,iOS,215.41.53.201,d556517168e510d2969b89766dd5f35d9a47b090
570,mobile,Windows,201.13.212.20,8b247c6ff59245918ec4596decfcbb96a76807ee
571,mobile,Linux,152.106.68.251,9732e5bfddf88870bf279118fe79bf69bb9188d3
572,desktop,iOS,152.33.44.172,fc05a1162f462af0f9575dd2f86837ebaf9063d0
573,tablet,Linux,222.78.64.45,2ea30f2197f26a12ea3d94381da80c3403bf0437
574,mobile,Windows,81.58.45.221,5213c7f5ccf6dc80bab238fbf07c7fb247e50eb4
575,mobile,Android,162.155.189.134,74226ddad4109fad566c44e8a3876765a8a1fd3b
576,desktop,Windows,47.27.3.106,344414cc4de0786d3bd239bc3e0a25a303232136
577,tablet,Android,100.218.36.231,20435346d752e78a1e16e7fd710dc996c582f4b6
578,mobile,Linux,97.52.238.29,7117e7437693a7c97eedbc3d91940406a3ebd64b
579,desktop,Linux,111.244.173.27,637f1b67db2109c1358e1abf4b73b7e1740f414c
580,desktop,iOS,100.175.52.138,907be444da3afebd248b53cd18b1686561b182d5
581,tablet,Linux,108.97.33.84,136d027fef24a7af69258975a3fdb6c8faa807c8
582,mobile,Windows,137.242.42.26,529662aeb13c5c2959564750de3f39ec773afcf6
583,desktop,Android,120.156.41.186,8c0bb7384977398e399e230b13b3040d006fe79f
584,desktop,Windows,143.125.7.61,3d0983369075d46198e8ab0c0f9c1807c42b8021
585,desktop,Windows,47.82.226.111,a19ff74bdbd3b0a166a4dddbb35f5c7cd4740a9b
586,desktop,Linux,17.213.10.238,dc4d6b60cbe86082f963c142db8a92bd34a7af80
587,tablet,macOS,134.200.46.253,dbcc277b58d505d1eb9480f751e905c5309dd25a
588,tablet,Windows,36.63.108.114,6e52bd9d2a7161a57f55dfad1b8207da538c2fc0
589,desktop,iOS,207.253.89.200,0e791a13e39bf8ae9f3ac77ee4d249361733a31d
590,tablet,Android,37.138.74.193,8429aed08f812c29efdf96874a26c8006e28a4fe
591,desktop,Android,96.63.243.246,ef22d4a6d2f7438588b881d2f4032b9228af307b
592,tablet,iOS,26.237.23.83,8b3169d3f4e54d49538429b7cb746e4c9314b4e1
593,mobile,iOS,135.70.75.187,9e6c6e91554fc53e5e8a8a67c181a675a7b5b3aa
594,mobile,Linux,149.49.108.159,f6a6338e78fa7278c994b1cdde3b3c67ac3416c9
595,tablet,Linux,199.57.187.88,4f12dece919ee59189132a93b7493651075ba9a1
596,mobile,Windows,170.138.123.122,0a9cda1452f5a30a666e1379195ef93310ea682e
597,mobile,Android,43.231.255.7,cb69672acd86a6b8cb58a8c384bebf42a2fe9626
598,desktop,Android,212.166.155.11,3508a32450ef6cc1393a4dfd5dbcfb1e958da028
599,desktop,Windows,83.141.128.85,a9556671f62f4bb821554d1bc448cb831bde211a
600,mobile,iOS,183.253.137.154,bbbaa4747ad58abee2873b1ae7617f1a8979982b
601,tablet,Android,222.4.60.214,1ad5025a7cc02ab9d021df80171877d1a355d90f
602,mobile,Android,80.39.68.35,315ade953622782949c5e2e0fb5eeb0d8a1460d8
603,mobile,Linux,9.241.71.45,b2c69a591a9130c1b45c7774124fc1ebb5386122
604,desktop,Android,128.215.91.183,8210730c57f5b80e1a85caa2d2575152193bb64f
605,mobile,Windows,103.161.154.246,507d5483faca88893bbb1af4b43e1d81f43e35c7
606,desktop,Linux,92.230.104.93,1794eb29f49b703c9f0733bc517fa3cb95187634
607,tablet,macOS,190.41.40.6,7d689bee63c2ca2acc1c05eca84436ea0e34dd23
608,mobile,Android,13.27.10.60,0664861010773eb04891983073a197f9b1a7df21
609,tablet,macOS,190.7.227.218,727b51cf804f9a5f5d417e25c94569227d146bb8
610,desktop,Windows,24.172.91.95,cb6bafc0b59666054b9c6dcbc08bc1887aac22d7
611,tablet,Windows,76.138.76.116,391164a0b696066b57ddd3654ce4334fa4eb91c0
612,tablet,Android,178.138.176.59,c0db60627ee50f00a280e314b5c109aadc9304df
613,tablet,iOS,69.103.58.255,589726e9bbf8ed6692ff7ad93d385c53462884fa
614,tablet,iOS,57.37.83.248,5f4a7d48a32300ca2257913b3651bdcd5e0738f2
615,desktop,Android,221.84.25.105,046803386f09c8eed0694004f2d85209526577c0
616,desktop,Android,99.241.236.69,9611511596b1cf4706f674a5d93edf2fc40d1889
617,desktop,Windows,72.137.68.223,11c3db877ba3c6f84d5dec14ddd862877df67839
618,mobile,macOS,32.155.81.48,ea8c16d37e4cb0187eff2e7e8f23a85dfdda9d63
619,tablet,Android,200.57.172.135,e765addd45fd9a8f37ca7b6c1e71b9152c6b7c9b
620,tablet,Windows,169.70.80.18,003e6d0b9007fa27998bf255ad0050b62cf391fc
621,desktop,Android,48.27.176.230,9c00496842a08311b4787f0ef1a6f2f5f5966913
622,tablet,macOS,46.162.86.71,2d750a561843417f418e19c78c764fea56f96d90
623,desktop,Linux,99.219.183.141,c5fa10688afccb14f90adeca977bc886546a93e6
624,mobile,Android,165.44.40.131,0e19d1ed186bffc7c00e54cbfdeada7e6df85c3d
625,tablet,Android,108.84.68.105,e0cd602a973f6c9f1d2224577715610839826949
626,mobile,Linux,108.95.107.238,6210ebbe6c521f3f915740ec50ce886b0e3f202a
627,desktop,macOS,118.123.97.195,b88593959dd0760d9bbc2a6fdcf66bd5767dbab8
628,mobile,Windows,211.239.101.180,36130a5dace86efb3108c1fef3fcc9318bb10a3e
629,desktop,Linux,61.104.149.21,151fe9e6fb7abbf6abdccdba4c5e17d09ae843f4
630,desktop,Android,29.63.123.219,e2a354e99cb18a7f1561014061dbbab25c7bfe56
631,desktop,iOS,64.131.62.240,c3cfbfb99b509605575d143edce45f1cc764b72e
632,tablet,iOS,101.2.225.114,1c2d766b75408fc9e2fc52ec9f3387f39952740c
633,desktop,Linux,114.28.243.32,16fdf89a5ddb25acfbd3aaa3d133896a430e8010
634,mobile,Linux,99.5.25.102,2298b68187eea4b7704174f66d04ca65894e7eec
635,mobile,Linux,110.201.169.100,b8f87f51374fcb8d61b72befa5c51b54dd962817
636,tablet,Windows,209.73.166.178,559905bdf3728f30686fb51bf78ce7ad6fa1ff06
637,tablet,Android,208.141.80.235,2ebec06795916739288bf27f69029f6949f61a52
638,desktop,iOS,212.66.220.206,8a33afe1055322e0dd5af0a4f9a1fa34a15f048c
639,tablet,macOS,125.19.242.79,486660c9ba4470f5b84bfdbacf68cc2fd079cbfa
640,mobile,Android,189.16.114.126,f1980bdc782bef9d064a04c6913c15516a1230c6
641,desktop,macOS,96.170.234.127,838695fa1a42b9d751b6708da2e517815abcf58e
642,tablet,iOS,77.254.66.233,5d3689e2d08bf703c9275d16f63170379c6d92c5
643,mobile,macOS,4.36.155.193,ebf943e053cb9a5417b7da977fd11d19cf1f9373
644,desktop,Windows,132.7.191.1,6bbb31978e4bc6f10b9c74931070d64f33bed162
645,desktop,macOS,218.85.177.209,f9a33173ae9c264220a5e1f93fe94e9d5601a8f6
646,desktop,iOS,113.38.2.209,75623b17bd00ac9a9266b486cf5816618d32aa0f
647,mobile,Linux,31.87.10.229,1b10c73f5dc6caba7f044cff1c07b21a92823e37
648,mobile,macOS,3.192.140.74,6fac6899e34a1f1919e91dcb4dbb632dfe92e060
649,desktop,macOS,1.237.29.75,b46b13ed1196ca9d5aaccf2cb0d16e84e377fe74
650,desktop,Linux,113.185.147.219,de144083f7c2c19e03bcc36df7d6d57cbd44d04e
651,mobile,Windows,4.98.22.5,cb3e5bdfcaeff3230c1b01adbbf355443cea05ad
652,tablet,Linux,130.118.172.10,00f0a7775ce641d02e831928c842c672473bc22f
653,tablet,Linux,90.49.68.251,f01513ae61fa95c8da66d435c0aebe4f482be356
654,tablet,Android,207.215.29.66,116e0abb864f6bd7e232586791cc1937fd67d7a8
655,desktop,Windows,103.74.58.189,c6165cf40fd21968efcce19794f6c0f802905981
656,mobile,iOS,77.66.216.185,3648c5cd24f54bd0c00e08eba961fe9e4bbfc2e3
657,mobile,Linux,197.250.73.101,314aa8900d3f4597297f91c10013490456d718eb
658,mobile,iOS,133.203.135.216,68e41a2125671e1a1bf25d9a219e88432c0cdede
659,tablet,Android,145.195.105.38,b2a82abf60a5de7c43c38303b80dd8d8d5f94c0b
660,tablet,Linux,221.10.234.145,1d8ea6d6b0a657ffc1c763984daff8c59764fe1f
661,desktop,Linux,82.53.24.68,dc5067bc060c3bb7cc1c3b355b56342da068b90e
662,desktop,iOS,96.62.207.213,887be098ffcd3b8bb20d6fd695fc39583b0d1c54
663,mobile,Android,181.205.182.21,9e778737ef3c30ea5775c83da2a023e052ae5a68
664,desktop,macOS,198.59.129.48,4950122c4ed9a9142beacb7f4cd7b468afa93922
665,mobile,Linux,151.250.187.117,ac6b12c2b443b1cf1213c1f8dac47ace18ebd8cb
666,desktop,macOS,137.45.42.171,adccd4d78e003fa01394bb3d682319b4132cd8a2
667,tablet,Windows,61.50.177.206,61028a6f7467e5a8b13372273b6109b8715dacaf
668,tablet,Linux,56.140.195.105,7be30f52f9189c25cf7e6153611c0157d757a0fe
669,mobile,iOS,160.246.0.15,87a872aeba47e0ecf8ba04e310fb993c93c3364b
670,tablet,iOS,124.144.240.207,69e1908f836860c9a65b1d33ff599571cf1a1eac
671,mobile,iOS,43.12.223.59,f53f6a833dfe71cbe7098bb2f686a306c33ab559
672,mobile,Android,46.12.23.146,987b8e19fd335e07d084a10f60c4cd5992a3f5c5
673,tablet,Windows,13.216.140.88,2890e34d9feed1da22c0a2b57c6fbdd2cd2aa72c
674,mobile,Android,58.113.20.92,260663aa353f0899dee7353d4c4bc4e0a5e5060e
675,tablet,macOS,68.181.73.232,077b886baef55ecf3bd71d14b9701945d4d5163a
676,mobile,Linux,42.97.114.5,7c045582d9fe1b8b697e36e1f461a7066563b52e
677,desktop,iOS,19.47.198.27,aef4b9cfbb7fb5e763d8c26fab43847db802e733
678,tablet,iOS,179.36.182.168,b0559f5fc6296ae317bfbadfe90c7d2733717959
679,tablet,Windows,219.157.133.44,38176510d8197782ec10971a45c73ffc0cdcbe17
680,desktop,Linux,16.166.148.74,995a3154b82adceac1ee028549526a22acfe68c7
681,tablet,Linux,106.218.86.44,85f0b7dbf7ffe5d80878aa4125486531c2df022c
682,desktop,macOS,214.158.234.76,9ef75b6d75c361bdf9b9f543cae25335078ba714
683,mobile,iOS,136.125.142.15,6c3041cf3f05da36cb352a6841f043a672d0a013
684,desktop,Android,35.240.156.201,7a3b1448e594191f47a9b970be2545187baf093a
685,tablet,Linux,162.160.241.45,463e97b77add68bf046cc57e982d5a321017316d
686,tablet,macOS,199.248.132.195,bb261d265747a720e232cf24e328a8251c6fa5fb
687,mobile,Android,198.161.129.31,3292c561070c668c2b087f0d2f9154c1a0fd4154
688,desktop,Android,38.239.16.15,aee76f9dcc31c9481dbb96dae42f3de00dd513cd
689,mobile,iOS,118.137.138.102,6af6ea0995694eb091e9813628280d00b516541b
690,desktop,Windows,185.150.217.248,7522247cc47d0b18f3af82161539edf88975ab35
691,mobile,Android,135.197.109.219,3a3d62eabd9abb0d318a79a1ef755cc442462c25
692,mobile,iOS,92.6.231.169,109c94f1d766baaa75a60ded64c90f19f6589655
693,tablet,Linux,56.78.51.228,2ddf7ab87a2b7ff1323cdec69831490d0976cf0d
694,mobile,macOS,98.206.3.218,72f293b87cb1fd3fc20d7dab0ae973674fe6dc95
695,mobile,Windows,196.76.156.158,fefbc001fa25d24a983a0c6f8ebb726a9bc0e49c
696,tablet,Linux,216.92.110.36,f332aacc7272be4957d0d2e010e89879149ff0f0
697,tablet,Windows,142.136.248.52,b992de11b3419ca60f9ce0ce69a86268b49a72b8
698,desktop,iOS,41.76.112.23,423ee05fb9828edd1ce184b055c1fb86176f5e65
699,tablet,Windows,205.193.87.151,21454b5cb957f0f553693afdd42884d141148fb7
700,mobile,Android,8.219.197.134,60198167d3e505a97a6d5130b06226edab07efc8
701,desktop,iOS,204.15.172.216,22cb74352f0c3bbe10ab518d3ef42e09a2398c1b
702,tablet,Windows,178.90.13.156,8af2b523edbb7482ca24d11dc314e1679b32cb86
703,tablet,Windows,189.159.19.182,96a7f8a6009de11907b4c2b0fc3a1bdf54b4ef42
704,tablet,macOS,210.42.59.210,b120eb93fab4ff6750de5fd41e6ec5934e2901b6
705,mobile,Linux,34.223.240.88,fb056349cabbea4b852c29162fe71557672ed872
706,desktop,macOS,161.18.162.23,4ece051060c4c103b6a51fc623a75a158ab89e4b
707,mobile,iOS,161.214.101.163,d2f9226a859ac7b6e440860ae802c43187877c56
708,desktop,iOS,99.80.237.216,4f8be87700341a7146991aae6477238e6027720a
709,desktop,iOS,177.61.76.10,bb3a004932119af26abb13d5c1228d19cca334ec
710,mobile,Linux,218.45.220.125,92186ae0bd9c612ae0ac3770b9077b576a3f85c3
711,tablet,Android,152.249.86.34,7f0bb3a1bb17c313c608eda22982c6501212f41e
712,mobile,macOS,159.111.244.223,83ecf2a848d6df4b79bd9e93a0af920e9010fb81
713,tablet,Android,6.252.17.65,ab1c19c5505beec1f52bbf4694dd134c55290619
714,mobile,Windows,17.198.164.93,0474ed10e48c3bd0d8e7b1f56499876de4f3e6b3
715,mobile,Android,200.3.176.166,cd3b78fa9c3683b476d65bc9315b60f395a95797
716,tablet,Windows,47.227.90.75,0d5d3027645da01c206d4b500280f232bfb1e255
717,desktop,macOS,108.198.191.91,3c0cbc376e85536482564304080d48bbb9b58570
718,desktop,Linux,194.224.12.131,95e75408c52e8d54ef5083ec18700154ef4267f7
719,tablet,macOS,2.97.206.224,56eece3872d6267a21c82fd1c4329c3c2f5a6e7b
720,desktop,Android,199.97.106.225,4d456ab87f0284ff9a73b4586f642104ef323b58
721,mobile,macOS,142.251.219.187,05b10b1e2865533a228462c6e30e3b30d1e8c83a
722,desktop,Linux,29.78.127.136,6eac55384180ef7bd4eda7f7e260d3f98139a6f2
723,mobile,Linux,172.15.153.248,3fb9e2a6a2536defaf3f7236efe93be185b5a202
724,tablet,Android,10.187.235.16,97ee3251731e297e490123a29aff684506f0a5c3
725,mobile,Windows,75.202.86.196,bc5ff627a0c2d62399fb93e28a69a35bf46fef12
726,desktop,macOS,44.152.36.215,66589a554aa0112aedf3a12f4e7c568adfa356bd
727,desktop,iOS,31.73.16.121,e4379357fabd5094212d202859b01f73283beda0
728,desktop,Android,96.135.23.3,f744a357e0945719ced6db5aa996e9dc72c43c80
729,mobile,Linux,35.150.51.88,f5dc75f6accdaefc6ba74eb7678ad71920130dbd
730,tablet,iOS,50.170.143.50,bba8945049faf6d5a1f2602f75cd77828a2b1ca9
731,desktop,Linux,12.82.219.91,d5a6cedd5eae76ac8d08bd05b4bedb894ed46d8e
732,tablet,iOS,7.197.156.241,d144d80443a261c41ae3037932bb52b2b44fb648
733,tablet,Android,48.70.221.61,3dbcbca20122b31526aedbe3619de52a847922c0
734,mobile,iOS,7.5.70.220,8cc400135493d64d061d60e76d890430ecbbf4da
735,desktop,Windows,132.222.133.163,09105b72d669e0d9a5c17b2cbfdf46d0c93c0a4c
736,desktop,Windows,179.25.20.196,3fb44ef934241d9bb50680f062f56d8eb6c4c735
737,desktop,macOS,171.228.59.190,2dc9a006f3762878625208b4cb077cfcf9f026f7
738,tablet,Android,85.127.219.200,abb5688040181006c86d81e3341ff90d2d35eb5c
739,tablet,Windows,58.116.108.96,917f11a012bb85f53c5604d98b22b1e127d8d9ee
740,tablet,Linux,153.137.199.191,877487d6920b7fa290fc1b47996c9dd294ebefd5
741,desktop,Android,108.222.122.193,e17509b27b7c86a566ef36a23e2a09f2f08cf60d
742,tablet,Linux,131.170.201.125,bf17ce4c45274268a0f9ebf7c0d244e300b8bf0c
743,tablet,macOS,10.107.25.223,e51765d079493826d465b1dbf122e9ba3ed7141b
744,desktop,Linux,29.230.138.156,12ae4526266cf557f2d7eaa3ab9d98be7bf69a7d
745,mobile,macOS,130.165.237.190,a1c927bbd2ed40cf008391d2ab0b6bb6f45f9dfd
746,desktop,Linux,214.175.40.9,6eae9c022ece6d7abc5d183a5fb996fe7f5adac0
747,mobile,iOS,49.172.206.105,550fe4f65008da350600347e179454c712e2954e
748,mobile,iOS,207.159.219.225,f958627539e7fa9d4d7f06686bc70e98f05474d2
749,tablet,Android,184.209.121.43,85b459d0a312f9965ab15f74753e8550b4b01861
750,mobile,iOS,67.176.221.24,343da36f610820a9920c89a32925ec6840835876
751,mobile,macOS,110.215.232.198,0a5aec2589248746430eb2b19ce5288c8fefef6a
752,desktop,Linux,53.101.153.2,d072e7a4b44518f3fc0bb29d41493d1b75d19f4c
753,tablet,Linux,73.112.213.119,5f6ce5fb2ee995eea96e545e79c0c56ccfad3d7a
754,mobile,Android,151.125.56.58,38a85fd307b4b2a429fd05a54242f30020aec8d6
755,tablet,Android,187.72.211.160,dce56a7912f067c26f7fd9b03207f0f6df2d23c2
756,desktop,Linux,208.207.141.208,11f2bdeb064fd14e068c7728f748be932df767d8
757,mobile,iOS,36.7.3.83,2d7c2fa71ea578551adf0d8ea681d96d9098832a
758,mobile,Linux,174.205.61.38,e7160abeb15ef7f149f4ca464dd27d7d08d7089d
759,desktop,Linux,149.228.90.204,845c2d851d553f602b9d149faee095a786579231
760,desktop,macOS,105.185.12.37,aa56b43f5f375556bc073320d80fb68903ec0344
761,mobile,Linux,197.202.92.194,d8b974c691ee734d6866abead4d1bf00fa2cf461
762,tablet,macOS,92.144.132.72,e8fe70a155f9747f88999a94ef9b33db0ccf5883
763,mobile,macOS,51.193.208.236,a77e9b697fc00ec26341954650611edb87d298a4
764,desktop,iOS,223.140.110.143,5e81eef5cf35e2e7c914af79e6e051d4bc90a851
765,mobile,Windows,202.216.116.220,02f6bd4a07a9651dfd1ffd34a6a811a820472e13
766,desktop,Android,63.43.106.197,0033cf1142be12c9fd7c794df765762ac2193aa8
767,tablet,macOS,203.232.140.210,e7a4d8f0faf22d792089b2dcff08e8a8f44307b0
768,mobile,Windows,108.180.39.0,f2cfd414cc1ca0e64c27dfb2afa098351be159c8
769,desktop,Windows,174.131.111.96,53fe592d5a03442a76c93b61af76b966024865de
770,mobile,Android,100.178.78.4,f345349f11ce0c927bc35e9f2ae69efb04b7c9db
771,desktop,Linux,90.113.22.57,70a44261d3c4ffb6188d2a695f5c1ba455156b51
772,mobile,Android,95.122.228.4,d62ecd535a3c850881c52322b67264cbb226a221
773,tablet,iOS,145.58.10.122,4ac57a42c5e673a71afd86f310793d4c37c622ce
774,desktop,iOS,62.247.243.226,7311d9a3c8f2656476c5a41272649798a2e1857a
775,desktop,iOS,202.1.1.144,c5ef1854259b645e00ecd548a0787736ebf588b5
776,mobile,Android,176.246.197.149,6df46afde533eeff455f18d914e8a410cc720cb1
777,desktop,iOS,49.204.251.223,032158c003704744f2594e5b623d1457462d31f3
778,desktop,Android,46.218.0.251,2efa1f16b627d6215de44580d064d701242c0c39
779,desktop,macOS,36.85.240.28,a8e4e4b8ed99060713af853bc174601bafd54bd7
780,desktop,iOS,145.100.211.57,d3c2e75c8efa440c94abb985456beff43ae78788
781,tablet,Windows,208.138.53.176,f5bfbf216b392a9c88d5fd6310c1747073ca790c
782,tablet,iOS,174.87.173.111,aa412d9b1d80059ebca65912571ab98b631e3964
783,tablet,Windows,151.251.254.106,481c6cd28833da22b5825887e0997c6fe19a88e5
784,desktop,Windows,55.27.221.178,0023f0b6055e284521569c6cbdc4fb0a4971ea0e
785,desktop,Linux,39.235.206.123,b1cdc1aae5d55b9c9cec81fac45693dd77bac64a
786,desktop,iOS,166.206.56.218,7129786127a8132b663f6bd96abab551ff9c1e9e
787,mobile,Linux,53.104.63.44,8c727e10a0b3fbc7d8a93a629ac68fa2455dee5d
788,desktop,Windows,193.91.69.227,3507ed26d71a3034ee03b52d2f5f67b2f5ceb1fa
789,desktop,iOS,23.162.43.36,a15a020376b8baf35a0060048636dedb74d0ede0
790,tablet,Android,99.149.110.175,c94dab8e24ad5eae7649c580dcea816da7d72841
791,mobile,iOS,128.63.226.196,77e82a0949ecec06b61753ee509252351867b4c7
792,mobile,macOS,139.222.179.203,2449684e33807a4c4df89fd44780292ecf8f5426
793,desktop,Linux,35.133.114.125,87519fbfb220514a73b9cc6b19e4032c9657c5b5
794,desktop,Linux,183.143.59.115,ea2e7b93baafe888150a38d2eb0025a2b3a2d57e
795,mobile,macOS,109.58.52.190,33d2e6cb62b18fe10940cbb744c6aad28dec97f9
796,tablet,iOS,18.155.255.250,39fd299fba3e45c3a652a916d7115212c272f7d9
797,desktop,Windows,148.223.123.24,88db3aaad537386120566f97295aa15a8af3d8d0
798,mobile,macOS,84.173.70.183,20ba69cb6e2f4a506638dee1c33ce8ee4fa29c5a
799,desktop,Linux,196.104.17.240,655140599f51f3bab41467ce7e819cd1386a5cf0
800,desktop,Linux,197.235.212.114,939b2b09e42054e9d8717df2be72f54b6ae66b50
801,tablet,Android,220.33.13.224,6b39aaab8b321bd1aca29ef18fa15281f3488f61
802,desktop,Windows,145.175.3.96,7f5a5a26398f707eca1af9828fc81f927a4c927d
803,mobile,Android,130.65.234.88,a3214380fc924cbd1433d05858e675af8d56bad0
804,desktop,Linux,116.86.28.14,dfc4921411a0178b73147a19d70d19c8b2486b73
805,mobile,Linux,96.2.156.251,93325a93b448e499be38c7f83e8258f3ce96039d
806,tablet,Windows,191.214.100.141,260d77ca2e0004333dcd1eeb7e383112f4d625f8
807,desktop,Android,192.90.5.72,af6bb7c1b51dd4c023cc83fb72f478ff06f3727d
808,desktop,iOS,176.226.62.12,07317a4897352dc933737993696dd01b0eb3bdd3
809,tablet,Android,210.100.25.157,4efbfc9824ad4cb1786ce925a1059d9f5c1abfa3
810,tablet,Android,109.200.86.51,b3004634bec22d7fba81a3bf97cfcf8aa21c7d1f
811,mobile,Android,19.3.116.147,046babe92d586b244e055df1ee237aeff9a9c68c
812,tablet,Linux,188.236.228.241,9e9f5c81fbbbb98b7143858dcf5e54895a4d6990
813,mobile,iOS,111.101.213.93,4791ca71cb0066d97650421157ee07a781122f9a
814,tablet,iOS,98.243.194.227,356a6a4cbc21274c4fd139aad9fad79365229969
815,desktop,Windows,18.29.9.1,63241934cbae677edd916e2d1021d14febf0c6c5
816,desktop,Windows,222.199.236.228,793ad07bf223bc412ecff9685ddff6d866911525
817,desktop,Windows,160.112.205.14,e476968c8025f6011624bed6241f869da58d7782
818,desktop,Android,18.128.215.84,8f66f739b97336c8379e8eebfbf854dcc210ace4
819,mobile,Android,201.217.201.14,502e47abae67157f6c6f5f1b3e7b3a97bf1f6d07
820,mobile,iOS,210.164.13.221,383ccb1436549068c424103ec251d6f671cff08a
821,desktop,Android,73.203.133.128,4ce2e1e0bc3c8e8608b75613f10161c15781a0bd
822,mobile,iOS,169.112.129.174,98c641d98af7dd22ed3ec58a1fe5de171a6f5c5a
823,desktop,Linux,104.141.177.227,5bb58ea2ef6d522975628f33c56214ac7127b5bc
824,mobile,Linux,91.167.202.73,9f490928538aa787fef8e010f696e175ad637090
825,desktop,macOS,39.210.0.121,052ae3e292ec932804029939877439eddc75b1a1
826,desktop,Linux,63.208.126.82,0720463f2a85421c9cd9934156dd3b2393e6c049
827,tablet,Android,134.141.57.28,42e65e4cc8aed6198e393c2bac0326f8e87f589c
828,mobile,Windows,71.254.103.6,b07e4b5b134184abd45266ce65a83db72b426a7f
829,mobile,Linux,213.171.88.81,2b295f4ff08b1a114eef2bce9b14d1a77d3f6709
830,desktop,Windows,31.206.207.19,5dc164c0c601c202225615e83a92b3f0625a38c2
831,mobile,macOS,40.187.239.216,e45803084b8f4266e000429d1f5221736dde0d94
832,mobile,macOS,129.10.213.150,d8cff3a6d11e6ec7611b67f45bf7aac4a77e0518
833,desktop,iOS,180.122.244.159,3c2fdef7d5c0d77fbfe9d2d211f19fa78dcd80f1
834,desktop,macOS,153.203.219.174,121b742fc60d6f06097884c8836ce33668e6d34a
835,tablet,Windows,78.185.214.77,6e5d943a3b6c3fc8c9c07c4d9ae104bc73cfa7a0
836,desktop,iOS,129.152.132.239,a531a17b3774263fb80899d6cb61b030c9024550
837,desktop,iOS,69.73.28.204,9218279ff080a4805dc51a4d5a56baec9c2c25da
838,mobile,macOS,218.119.86.119,47fd1b50bb87059ae238567ffae314f2dcbe0470
839,mobile,macOS,206.235.59.168,373149f0b5c39d2338708ecf27bbc17ed2143028
840,desktop,Linux,72.53.51.26,5b8f00a55326aab49338bfc835b8aee21427bd94
841,tablet,iOS,35.46.193.151,5f408078f379589d66ddc4c7b55da322b85ff0cc
842,desktop,macOS,159.92.158.226,11dcbb04fa9161a5e490c5c66527bab2e43e7958
843,desktop,Linux,72.96.75.132,22a03319fe0a30592a577e8ffc108bd767868216
844,mobile,Windows,206.159.133.151,ed71e9078db6723a8cc1831aeb26fbdffe5754ed
845,tablet,Linux,173.57.186.48,d33dab5328204aac9be088bec69dac0b923eba7c
846,mobile,Windows,15.206.27.60,a4c103c628fc1334b28953d65eb4dc3099adf56e
847,desktop,Android,150.60.215.46,9926f77c760551fdcc3aab93fd8c71ff6ecc9d22
848,tablet,Windows,66.212.133.210,a0c5b8bb5b7aaa722f05717b85ac832298330f3a
849,tablet,macOS,145.213.251.155,97c78eaf52e1d657e4b2e4cfe8f4a1b5142e28c9
850,tablet,Windows,53.185.170.48,44fb1f705394a2af97450f2ca0d42f77d3d6e320
851,tablet,Windows,118.156.199.26,8f65042f31e274149d652fbd4f65fb1868beabb5
852,tablet,Android,52.93.70.99,aa51e9b0a6722a0450b0cd000ef88d00c64db7b0
853,mobile,Windows,158.127.255.54,ed2581dc81ef58cb9db3764764a4e1db6af74fb3
854,tablet,macOS,162.108.71.48,834b02ea4991d5657371743c2a8ab15ca23337d9
855,tablet,macOS,140.126.160.93,9a68869ff8c4839630dea4f547d47714b1fb323f
856,desktop,iOS,223.171.67.96,a6cc8223b463129a84bead1880bc732216124349
857,tablet,iOS,191.52.26.1,1adfb707b3ed6e223feb92ec564f7cb9737de7c1
858,tablet,macOS,87.174.164.138,9173eb661bbed12f94945fe5d11942b51a12823a
859,mobile,Linux,183.230.214.249,06051be8c4e97bc6e142d9de3d72fb6c21f5ca3d
860,mobile,Windows,215.173.40.197,1e4f6bbfd0af5a12ad6ad9e1d29c21ea7c44cbab
861,tablet,Android,56.170.172.147,8289ed1f2950aad53d516c03f3e60d87b583e7b6
862,desktop,macOS,205.105.124.236,bcf8f28cd296ffb179a7e595afc7dbd08eaf43e4
863,mobile,macOS,211.48.27.71,3d267089598f0cc564ae49b2aa595836d96782ce
864,mobile,macOS,126.68.223.154,002b440c03bb791fd40ddaae4aa79871a3416c2f
865,tablet,Linux,157.35.200.145,02fad90614c00c66dec09a97036fec0a03cae997
866,tablet,macOS,58.130.3.198,394966bae1e1fa338e5e6a68b44549d139856ed0
867,mobile,Android,204.164.174.185,61d0170b4163da09bd19770140620916a7b4bff0
868,mobile,Windows,189.180.89.83,9c8d2d8c59b8076d07d48f9cc9313bea42c5809c
869,desktop,macOS,63.227.147.41,a45c083ac71d4a6e2d6968c7e1ee6bb77e5e14aa
870,desktop,Android,58.88.206.28,5b2d9ccc9a2692d44d358765320257a37785511c
871,mobile,Linux,62.39.110.153,9f50170751ce8105a674848026e8559547396dbd
872,mobile,Linux,34.18.100.254,1aec59cf6f46b50d1bb4f4447375382722e8e92b
873,tablet,iOS,84.130.109.5,52f00abcc00717d5579fd964396c0a989d30c007
874,desktop,iOS,13.0.128.94,233ffb03b7000926e0724a6237433f8bc9285fcf
875,tablet,Windows,63.95.87.2,05b7546703810892442d6c67c18035cdf4b7ca25
876,mobile,iOS,72.30.81.120,96115744a3558e3a520b5d314cc764f86babdd3a
877,desktop,Linux,170.107.6.129,24ed0271eca9618be3b7b23420fa2ac0f52763cc
878,tablet,Linux,32.38.76.103,f56f08fc2fc9cdc16f96c2a4fb3088ee4330b295
879,tablet,Linux,51.250.95.222,243f2cccf275f72ad0d4d0d831ccd14748d2b1e3
880,desktop,macOS,88.187.112.222,7d8b208f24a6f95222e5c2824475ecab5668d942
881,tablet,Android,36.20.50.88,e2f8d358b9676ce9654bca6289c8ef6f55c0c91a
882,desktop,Linux,176.123.132.185,04b458458480b05bede578386f20b636e7be4389
883,desktop,iOS,112.95.79.132,d0928846213544cb027a2e60e4229088b4596a57
884,mobile,Android,81.6.235.102,ad8d736124ed41aa0aac9163e59652cd44883f7f
885,tablet,Linux,173.205.122.16,a06e21053caa685cc7c74664da28e5266434972b
886,mobile,Android,103.37.12.40,40fa6c5928c7a826c4ac4e0eb488c4502ce41f9b
887,tablet,Android,178.175.172.65,b6bea9024dcfbc8c47db591e42678b6529b3db2f
888,tablet,macOS,215.26.22.228,d3edbca94fc862f1148b50904b6eb666aee32976
889,mobile,macOS,16.189.92.234,e027f24770f4c113e4ec59dd40583aeff351c9ca
890,tablet,macOS,20.41.147.153,8cbda129411cc02627dce07bb70f9cb1e805fe4c
891,mobile,macOS,189.155.29.246,e716b1ec87967d489ee09b0aed3e2b67e05011ae
892,mobile,macOS,201.85.5.42,6d3d8d3be5d56c4211702261470c4c5dbc511a40
893,desktop,Linux,222.221.119.101,440135a3bfdbe5fb0cf9e30945696dcb9db8afde
894,tablet,Windows,64.123.142.22,63788660d4f7610aa14aec913c65d02db0853bb3
895,tablet,Linux,203.89.31.218,1ccdfb0e0f476b92ed3769bf7314ba1fe84b8ec8
896,tablet,macOS,197.189.176.14,352379f39e36866092340b36a46446f4ff57245a
897,desktop,macOS,113.46.143.76,b7e24eaeb8fdcd7be61c45e3632b3d03e9958b0f
898,tablet,iOS,199.59.114.64,b994c218bbb7af23571ab1d89fddee691a8dee24
899,tablet,Linux,157.234.129.2,3f73d1465dfe6ba1631e80c6b8e200d222004992
900,tablet,Windows,140.114.122.236,a821feb24e3d30bb99ad4fcf09533e92546c7db6
901,tablet,Linux,38.138.184.20,f4c8e5ddeee957f5d02983c2c49390ffec7579c1
902,tablet,Linux,160.218.206.123,b75227f16a7966010565a7ab6a7124b53daff4d0
903,desktop,macOS,84.112.51.44,f7293296a40a204e75042b67f75bbf466b5c3d76
904,desktop,macOS,42.147.197.230,7b2fa16469fce4915806214c5950e1d7314bdebe
905,mobile,Android,172.58.56.151,9a4fe8e7a673b8a5435684be6437e40c2fa45691
906,mobile,Windows,113.114.203.84,e380834fb7f7bef174d5e7f8865ee5a4595dc29a
907,tablet,Android,34.73.6.88,0716e5da0dae6cd672bd09455217dcc5225ddbfb
908,mobile,Android,118.249.205.8,b5ae0c2c609cfdcaaab1e543cf949a9cefb2773a
909,tablet,iOS,195.171.70.136,fd99dbda11ac4cfb0f724c96028b0921e6ad4ae2
910,desktop,Linux,168.170.111.160,23cb70edb12d64f235b2654b24318e887a6d3735
911,mobile,Windows,158.68.57.182,bf271dcef8c368b0ceace56822d28364b1a6fe7d
912,tablet,Windows,132.218.46.82,31835978e972e3e4644c711f0fc174c6332cfdd3
913,tablet,iOS,158.38.190.213,eb3a13804733a58ac0047147eb625d726da741a1
914,mobile,Android,177.141.190.55,18ac9b7f40b92c2a699a49dd5e923488d85ba9f1
915,tablet,Windows,200.110.55.216,41a9ef5fecb5ea269186c85f7f67b85f12bd7092
916,tablet,Windows,195.228.139.164,42d2f04b04fdfad93868c0e5ed857814660bd416
917,desktop,Android,144.199.36.75,510de1c1104300e6a0c1fd56c62bfb7bfa154fbd
918,mobile,macOS,118.160.122.59,3a8e6202041dcfa193b4a77c4eb511ed9b2640f6
919,mobile,Windows,37.121.150.32,d1c4c974ddefd8f4bf8517613cd12c0431f7c9a2
920,desktop,iOS,65.29.117.203,c6805f27aa645a5c9791e5784f8934e498b3d381
921,desktop,macOS,42.126.110.13,73d34d34b101ae215f98390ce3a5278ce5baf62f
922,desktop,Windows,162.6.108.174,c67628d4daf171187cbaff8343aff2cde9d46e81
923,mobile,iOS,46.253.37.236,733c1670e167ccfe6a7db1667a27dd1cef2cc35f
924,mobile,Windows,152.218.41.132,705f06695399996ea3657a94c6f90d0a7ff91774
925,mobile,Android,106.158.193.130,8b8f2019f7b41435ef7a0941139befec5afd09c1
926,tablet,Windows,19.89.85.46,38058f6a7eb78c4545ca2771175278a265066cc4
927,desktop,macOS,88.174.87.153,714ca6d149b9c3ac6dbc61f07b03c3d0f7f65dcb
928,mobile,Windows,90.30.218.195,32e50cdd0f443ed9ea034c286386b9d58e1c661d
929,tablet,Android,169.65.6.160,ae7b46f12ffebde5b2d5170d57437fe1eb245be4
930,mobile,Android,202.45.112.76,949027a953d3743820ce52bd54213abcd6efc10c
931,desktop,Windows,102.68.122.121,edc9f375ed39801b29c521d7afffdbb56e83d598
932,tablet,Android,192.196.40.193,66e3584ea3cf7a278e4bf7e85849d0cf9d7fa906
933,desktop,iOS,166.126.48.85,50c6e13b268dba38d229dd2411565871f64eedfd
934,mobile,Windows,178.28.209.241,965539f7544f1435097cb311626cab280ea5b778
935,tablet,iOS,12.225.138.223,05aeffafa99a649a64315030910aeb272acfe395
936,desktop,macOS,65.198.94.252,c3d9678d6f26287dcce88f92fdf8f514d3843c97
937,desktop,Linux,153.65.229.15,4a0d820848e5e43e88703b46b0be56ae83de8de8
938,tablet,iOS,38.66.59.49,1f2091ddc9694150e6d15817c51a6d7d6c9ffdfc
939,mobile,Linux,45.183.247.228,88c0a0c8120debf514aca1a8ff58e5c3b19fd566
940,desktop,iOS,159.167.102.63,9fc94ad5d42d062ae7e130adfcacca8faba0014f
941,mobile,macOS,181.148.68.95,8de9e4f5e3547d9f5e5df6a095f8f73b855e8def
942,mobile,Android,76.14.63.75,af9167a0ccee15e82552468395fa637db30c1e08
943,tablet,Linux,6.38.170.70,4ed97f193cf530a7cf48150a2030e3b0ba9ca81d
944,tablet,iOS,142.189.72.156,ae294aeab86df464b58fcc9dd3024382c54ca795
945,mobile,Windows,99.210.8.16,47a83c977c38e45cb07edba53650d00990899e2d
946,mobile,Windows,81.40.189.204,ca966b8a4da465179d54d41a9c8678e1858db568
947,desktop,Linux,168.212.0.72,42a3959c4524ef953161551b361d4334a3fdca7d
948,desktop,macOS,195.133.136.127,69bc4ab9f5c613c4f6c36ba8d9b13c4758188832
949,mobile,Android,38.0.8.6,aa54e5f5c31f067e32b4cff68bda51934a4bdccd
950,desktop,Linux,82.170.92.60,c8828bd158b41d1fe418d5b132d9ac16ac846d8b
951,tablet,Windows,167.17.51.190,0903f103729419e55a8497edbc72151e3d477f66
952,mobile,macOS,214.40.129.17,dc4f0a7ca91e1560cd16b31888e7a755ef42e311
953,desktop,Windows,102.193.147.195,aed71cb31894092b846605eb390dd93b778ceb4b
954,desktop,macOS,140.150.176.87,49f90076c4e991e97c2167eef8c58c4159d84f8f
955,tablet,Windows,122.4.143.45,6de4661aef66182096048a57fecff94621c84b1e
956,mobile,macOS,5.230.229.193,ef79b6cbb5611880bd287a4a5831e7318027cbf3
957,tablet,iOS,123.212.14.218,610abfea7f8be2c70277105628190dfb0df98d1a
958,desktop,macOS,136.223.228.114,c46f9f458886e8eeb449a5b94246a0948fd3acbf
959,mobile,Windows,159.36.155.17,d7c7f2dc22476254a8bba73ca4424d6c9a04e47f
960,desktop,iOS,117.76.248.253,5413769377785237636e0e102ceab8fb7b7e8a1b
961,mobile,Android,94.196.85.163,43becf063b86374ff0984ca4d437b0b9f2da7806
962,tablet,Windows,192.29.159.12,56b79a16e943bdef3de38b64a7a232d004e95d01
963,tablet,Windows,96.64.161.165,5f48ae157a183fb1f81364d24bf6ed4f2762d9d2
964,tablet,Android,78.50.58.95,48901cac298c88230692c781d06cb56da3fca7d2
965,mobile,Linux,115.188.52.17,8667f8e57f3a673b97392327e7c0f6c6ab284e5f
966,tablet,Android,128.89.64.212,cc78e119de6b93f9f3fb16fa7815d9a550cf19b9
967,mobile,iOS,170.247.202.160,646a4511f0ea42feef8c8a65ed820bd563cdf344
968,tablet,macOS,22.235.51.110,2d4942dd49ddd32b5be0191ae78da2f02501e9be
969,tablet,Linux,14.37.134.47,366c113ff45f56e3a83db3d09b06c223558bb4c1
970,mobile,iOS,150.145.150.62,beee7d63394d25d9e07878a402b507b5a5df73df
971,tablet,Windows,9.82.34.64,3b6079e589c8931c36ed4b4bd9fa4a59ed3ea78e
972,tablet,macOS,95.220.237.195,bcb915ba3ca09f66953e94bc3074cfe9b5619b69
973,tablet,Windows,211.203.80.125,8e9b9da5455d2017cd7a0cf2b478f64bdc574d51
974,mobile,iOS,103.223.142.99,033b9399be90b6a7049e533d21d81a4597c6ed67
975,desktop,macOS,71.85.234.172,0a6a1292102c2b4efaac0ef44cc72ae91c0ab2e7
976,tablet,Android,131.229.51.165,e5c8d67769cbbcb77ecd6f44472bf0e252c94f23
977,tablet,Windows,201.83.54.73,24e79195d0cf964b419f0e6418d43569cab04021
978,tablet,macOS,72.202.170.236,834c0155b1bd4724ec488c58bf8a00a09ac637c6
979,tablet,Windows,210.39.36.100,43e81188d9e4a25778d9c335afcbb61da8b82627
980,tablet,Android,14.18.29.248,f88ce8e76cd68405bdd7c5516252507b636710bc
981,mobile,macOS,12.157.29.66,6fa673c7f7021c6559f3bd7fa8d292b68219d22e
982,tablet,iOS,94.65.116.120,d853ad5a6042c43b1842ca4ba82a27298636fb77
983,desktop,Windows,45.167.205.182,c91a35aaa5d4c1dac88a14d6e947d92050f761bd
984,mobile,Android,160.81.18.160,c958bcf201522cb8cf785e631b757a3412c3e074
985,mobile,iOS,88.53.122.8,b05e30693b64bd0349d25f3b42cdafcafc083368
986,desktop,Android,11.10.2.146,73acac7569f3af199846dd06d052a0e12c4ddba8
987,tablet,Linux,171.84.168.103,709158ae0ca926b25582fa90f17aab73504f8f50
988,mobile,Linux,222.153.34.49,51b63ee6fdefd2cec0baf76a13eaaae5e789b400
989,desktop,iOS,216.135.234.16,55406f18d73d2b8f51dfba6d0424267bec59cc2d
990,mobile,iOS,62.247.80.76,357c2a0f0b100965778d299a65e839dfee74c3bb
991,mobile,Android,178.137.8.154,ba84771668207fa8f364eb27a252bb5e107d50d9
992,mobile,Android,24.44.145.24,b4b6fac6bec7f91af6a97ca169a5cdd91faca9ce
993,mobile,macOS,182.25.217.231,dfe8c908db95e2bc317dc613dc17a64e07ddee85
994,desktop,macOS,194.157.43.138,9adb0f175cbbbd2486c005bc938801931ce1d95f
995,tablet,Android,159.32.190.134,cbcb09c89274148258e19d2c63a9d0b686521080
996,tablet,Windows,206.222.38.66,936ef7b60eb20912cf852e240a53193238295e4d
997,mobile,Linux,184.22.251.120,ddb9def02458cc873a0122238ae19b64e7860894
998,desktop,iOS,35.18.218.165,8d858e1cbc5afe551149c7d7646cd5a3c64a387e
999,mobile,iOS,199.167.228.122,e9a7eccd1f110f88f7ad0a7a4a9ffb9444c07e19
1000,tablet,macOS,47.158.142.43,9a31bfe8b75f018884d20bee54f6f5d25e867d72
