login_id,party_id,device_id,location_id,timestamp,successful
1,304850,304,423,16:45.0,1
2,942532,149,380,54:55.9,1
3,321588,800,248,29:20.9,1
4,716300,796,487,46:37.4,1
5,783804,154,81,40:46.1,1
6,806515,808,295,09:03.0,1
7,854133,933,266,09:05.1,1
8,679337,43,65,48:04.9,1
9,784246,679,53,10:30.6,1
10,965973,716,127,30:31.7,1
11,178476,218,239,57:02.0,1
12,545759,298,206,27:31.1,1
13,370507,566,43,39:12.4,1
14,332189,463,11,15:07.4,1
15,959182,234,190,22:56.9,1
16,943393,121,83,09:08.3,1
17,498067,526,138,35:42.1,1
18,846102,68,364,51:16.8,1
19,650695,561,200,45:28.5,1
20,606888,677,155,51:00.4,1
21,310181,506,97,37:46.8,1
22,891092,775,214,18:24.0,1
23,975413,556,288,59:05.7,1
24,646843,295,392,30:52.0,1
25,781581,339,402,00:54.8,1
26,809235,803,158,41:08.7,1
27,524726,692,290,55:19.9,1
28,357833,482,96,44:41.8,0
29,812713,980,85,00:17.3,1
30,370507,248,387,06:54.5,1
31,517213,795,45,46:47.9,1
32,555576,460,266,38:02.8,1
33,986803,168,421,02:51.4,0
34,923809,176,59,22:02.0,1
35,141729,469,386,55:55.9,1
36,142537,94,204,33:13.8,1
37,233335,908,199,18:12.0,1
38,142237,241,292,34:47.1,1
39,882208,795,208,30:09.1,1
40,510893,489,268,43:55.1,1
41,487532,379,319,17:19.0,1
42,942532,669,342,50:32.3,1
43,443269,121,415,45:20.8,1
44,449192,954,331,05:59.7,1
45,113126,771,1,41:11.7,1
46,102475,727,85,02:44.6,1
47,607556,340,146,54:04.2,1
48,332762,411,372,04:20.5,1
49,510757,245,351,09:25.0,1
50,553059,259,113,58:45.0,1
51,618056,1000,352,37:19.5,1
52,882939,96,70,56:00.9,1
53,413424,326,29,56:09.9,1
54,101688,814,286,18:02.1,1
55,589266,278,279,46:13.3,1
56,243838,75,311,43:01.6,1
57,716300,161,234,46:38.4,0
58,738327,797,137,57:26.5,1
59,132874,534,422,15:44.0,1
60,646843,425,370,20:53.7,1
61,684170,69,200,56:47.2,1
62,766398,552,39,21:15.8,1
63,957476,524,72,09:29.7,1
64,721692,303,333,27:50.8,1
65,681576,985,308,14:55.8,1
66,846102,455,130,46:18.2,1
67,482841,591,341,07:45.8,1
68,627694,926,237,58:04.8,1
69,490754,63,269,35:04.5,1
70,891930,641,28,28:59.4,1
71,800558,581,284,08:23.5,1
72,742673,36,150,54:04.4,1
73,623248,222,377,37:31.7,1
74,118675,817,130,52:47.7,1
75,346636,158,355,59:37.0,1
76,781209,692,431,37:29.3,1
77,145270,780,293,13:48.7,1
78,523106,470,417,36:17.7,1
79,545031,420,125,57:13.8,1
80,597505,664,63,27:22.1,1
81,152017,429,381,08:47.2,1
82,102106,879,181,30:25.0,0
83,802344,940,38,40:42.3,1
84,102475,294,217,41:23.3,1
85,449192,68,183,13:08.8,1
86,409228,433,327,09:13.8,1
87,594403,779,195,08:46.0,1
88,549361,499,89,14:20.9,1
89,142263,725,52,14:18.7,1
90,831142,122,32,45:39.4,1
91,736402,602,9,33:25.8,1
92,137895,425,174,10:36.3,1
93,423471,62,337,04:50.7,1
94,363028,113,301,52:14.1,1
95,654523,275,176,08:51.1,0
96,223412,580,227,05:45.3,0
97,307937,775,244,38:11.0,1
98,533753,451,330,46:55.9,1
99,731612,140,79,35:54.3,1
100,220192,220,369,44:35.3,1
101,278362,127,410,22:51.1,1
102,342503,353,404,43:00.6,1
103,120400,974,401,03:39.3,1
104,576134,906,86,43:25.9,1
105,278362,985,100,29:21.8,1
106,562418,696,185,59:02.9,1
107,908857,56,469,52:12.0,1
108,397949,330,340,25:30.0,1
109,532741,67,303,31:40.9,1
110,118675,404,423,20:40.4,1
111,608483,399,105,23:32.3,1
112,656919,356,128,06:11.5,1
113,176521,679,384,56:28.2,1
114,555576,168,410,42:05.4,1
115,225295,290,21,54:14.1,1
116,442950,794,270,24:02.5,1
117,490754,895,455,41:39.3,1
118,183720,987,458,39:39.5,1
119,342503,890,210,45:14.7,1
120,555576,659,138,33:38.1,1
121,618056,797,213,49:26.9,1
122,127073,996,18,00:58.6,1
123,859857,636,417,47:15.4,1
124,309143,366,119,27:51.8,1
125,959182,581,80,18:19.5,1
126,173743,87,114,21:02.0,1
127,130676,72,267,12:59.8,1
128,596587,329,71,13:34.4,1
129,150555,449,177,33:38.4,0
130,941400,545,309,06:59.8,1
131,606888,381,185,07:11.2,1
132,890309,987,414,57:02.8,1
133,533753,375,346,49:13.0,1
134,210200,956,224,28:42.0,1
135,512461,222,394,48:52.6,0
136,510757,302,325,50:07.7,0
137,527742,697,122,43:58.0,1
138,223412,103,238,37:30.9,1
139,547239,371,189,03:51.6,1
140,700634,291,85,51:48.8,1
141,381632,782,17,09:57.1,1
142,496915,678,320,41:58.4,1
143,839473,631,7,33:15.8,1
144,766398,905,422,07:59.5,1
145,703269,482,323,42:40.1,1
146,794486,579,423,10:16.3,1
147,841384,41,375,33:34.7,1
148,270269,474,40,28:00.9,1
149,858198,832,36,54:39.6,1
150,508476,104,391,20:19.1,1
151,298585,491,273,06:49.5,1
152,353168,953,136,55:09.6,1
153,805775,699,67,45:42.7,1
154,166701,886,155,08:10.7,1
155,423125,333,81,40:50.1,1
156,663869,488,458,33:16.2,1
157,431096,321,180,30:42.6,1
158,860481,628,163,16:03.1,1
159,225284,411,459,29:44.9,1
160,276171,143,439,08:39.9,1
161,805775,64,386,37:41.2,1
162,957476,694,486,03:33.6,1
163,627694,95,164,57:42.8,1
164,278450,537,77,14:23.2,1
165,730556,593,410,29:29.2,1
166,573022,446,337,00:52.3,1
167,648138,163,6,10:23.0,1
168,875260,867,383,55:24.5,1
169,875260,976,3,08:12.4,1
170,725418,868,264,38:57.5,1
171,749920,92,123,25:03.5,1
172,845842,527,235,04:23.3,0
173,918807,838,331,59:16.8,1
174,102106,736,44,08:21.2,0
175,770348,652,84,47:49.2,1
176,700634,855,362,06:38.3,1
177,434764,257,84,00:55.0,1
178,442950,309,458,55:30.3,1
179,503012,996,236,09:19.6,0
180,544582,21,25,52:05.3,1
181,136888,199,352,12:37.6,1
182,724144,154,1,30:43.8,1
183,454569,449,28,48:57.2,1
184,853594,620,469,01:10.7,1
185,681619,55,367,30:10.8,1
186,223412,187,266,43:39.0,1
187,267355,684,437,04:14.0,1
188,690831,156,298,46:01.8,1
189,510987,300,111,12:14.4,1
190,455782,291,440,37:33.7,1
191,642667,195,291,50:54.7,1
192,191947,445,224,18:58.1,1
193,415959,188,381,05:09.3,1
194,110406,441,43,46:06.1,1
195,126133,58,207,12:18.7,1
196,304849,28,440,26:04.2,0
197,843873,699,88,48:52.0,1
198,385089,563,198,26:41.1,1
199,984678,461,283,35:18.0,1
200,545759,423,228,30:09.8,1
201,237268,753,13,45:56.8,1
202,959182,277,306,12:31.7,1
203,434982,805,395,55:30.2,1
204,279414,640,280,58:22.8,1
205,150555,183,269,57:59.3,1
206,823563,396,370,46:28.8,1
207,975413,215,233,42:19.3,1
208,199234,606,71,51:57.4,1
209,553606,12,485,44:14.6,1
210,720230,648,117,01:51.3,1
211,991109,785,158,46:40.5,1
212,385089,779,127,24:08.6,1
213,289311,165,237,37:51.6,1
214,549361,951,214,02:28.5,1
215,362339,364,451,24:35.3,1
216,781546,599,68,29:30.2,1
217,302426,803,114,49:07.6,1
218,284063,736,475,45:46.8,1
219,362339,926,163,05:50.0,1
220,618056,759,128,43:13.6,1
221,733490,43,206,15:27.6,1
222,435649,657,105,13:33.0,1
223,562958,246,217,46:05.4,0
224,415959,705,188,05:27.1,1
225,176521,80,192,09:10.7,1
226,102475,359,208,14:32.5,1
227,325640,637,289,10:25.0,1
228,891092,730,369,22:08.7,1
229,221412,400,46,51:54.5,1
230,623248,922,83,22:35.9,1
231,276171,186,342,00:06.4,1
232,866257,489,237,25:33.3,1
233,723573,867,41,33:18.0,1
234,693875,313,458,25:56.3,0
235,464362,314,399,11:52.7,1
236,467418,942,442,09:43.3,1
237,880473,604,320,46:20.1,1
238,918605,227,69,24:06.6,1
239,693875,47,170,56:39.3,0
240,731213,99,129,15:03.8,1
241,531554,327,391,29:44.6,1
242,681576,743,60,48:48.2,1
243,137895,500,433,19:24.8,1
244,555576,92,48,59:26.7,1
245,684170,666,126,38:10.2,1
246,663869,736,71,15:47.3,1
247,265756,215,45,41:06.7,1
248,142347,15,482,33:09.3,1
249,781385,70,2,27:00.3,1
250,350032,244,393,40:18.3,1
251,503012,268,280,09:05.6,1
252,647640,290,340,02:11.3,1
253,523106,995,92,30:44.3,1
254,539820,216,57,21:18.4,1
255,120400,91,470,46:48.0,1
256,124876,183,37,00:51.6,1
257,211282,528,351,41:17.9,1
258,465595,595,242,50:46.4,1
259,185131,461,165,54:34.9,1
260,464366,936,297,43:59.4,0
261,606263,684,274,05:01.5,1
262,918807,77,232,05:32.0,1
263,169397,229,199,04:47.1,1
264,289311,777,425,09:59.2,1
265,563052,758,452,59:14.6,1
266,267355,730,118,54:42.4,1
267,397949,808,75,08:52.2,1
268,194595,21,242,39:17.1,1
269,265756,31,281,27:44.6,1
270,550379,352,203,36:30.6,1
271,489089,837,47,23:43.4,1
272,120373,807,182,14:55.7,1
273,778853,409,79,55:35.2,1
274,503012,766,1,27:31.4,1
275,912391,336,480,54:34.0,1
276,715531,820,120,31:25.9,1
277,957570,481,363,01:42.0,1
278,750586,812,428,48:48.1,1
279,279414,362,484,23:42.7,0
280,927372,523,323,05:53.4,1
281,192453,352,465,52:39.0,1
282,126546,987,452,15:03.7,1
283,215560,23,495,14:54.0,1
284,618056,445,73,49:06.5,1
285,547839,892,317,42:07.1,1
286,545759,327,366,49:56.8,1
287,631998,440,256,35:21.3,1
288,454569,913,33,33:25.9,1
289,960784,129,295,49:11.1,1
290,136888,832,309,30:57.3,0
291,957476,990,352,48:12.3,1
292,938521,130,228,18:54.9,1
293,359108,790,126,54:03.4,0
294,270269,477,321,37:13.9,1
295,130676,388,396,56:46.3,1
296,127073,517,208,51:09.1,1
297,233335,630,448,06:56.3,1
298,547239,851,469,40:44.8,1
299,359108,381,456,56:33.7,0
300,211282,2,124,50:09.5,1
301,156059,317,496,14:27.4,1
302,841384,308,374,24:15.5,1
303,794486,390,244,21:25.4,1
304,363227,18,30,05:02.1,1
305,258311,230,120,39:39.8,0
306,866257,509,195,21:57.7,1
307,445958,893,238,29:17.6,1
308,958338,65,251,25:12.7,1
309,353168,189,88,41:26.6,1
310,161769,969,319,26:56.9,1
311,326547,635,493,20:45.7,1
312,756144,286,353,23:30.5,1
313,886180,638,232,51:21.5,1
314,339643,786,478,20:41.6,1
315,991288,179,493,08:59.9,1
316,270269,742,284,44:51.9,1
317,278745,728,161,15:57.1,1
318,912674,25,7,02:47.2,1
319,481010,1000,105,13:20.4,1
320,945168,37,405,37:57.7,1
321,531175,477,272,30:47.3,1
322,882939,103,473,23:46.3,1
323,865307,627,459,19:08.0,1
324,846270,801,26,34:53.2,1
325,342889,261,112,19:56.3,1
326,880473,569,292,19:24.4,1
327,435649,622,436,05:09.8,0
328,866450,582,301,19:10.5,1
329,332361,940,299,51:38.5,1
330,118675,235,204,19:23.2,1
331,890309,514,473,15:10.9,1
332,959122,230,123,35:42.3,0
333,848469,160,115,37:41.6,1
334,664709,866,118,50:43.1,1
335,394867,940,309,35:59.5,1
336,350032,566,408,43:00.3,1
337,831142,669,223,44:49.0,1
338,660209,508,476,02:39.2,1
339,211347,472,452,38:36.7,1
340,707848,130,475,44:59.7,1
341,981087,333,397,32:42.4,1
342,246201,55,15,25:49.6,1
343,968744,804,18,39:11.7,1
344,918605,629,433,42:24.7,1
345,142537,279,458,54:53.3,1
346,599038,273,491,01:02.6,1
347,823236,520,2,37:14.7,1
348,753483,292,236,44:04.1,1
349,512461,48,333,48:04.9,1
350,525664,50,346,51:21.3,1
351,533753,862,450,00:26.3,1
352,939566,877,154,18:13.2,1
353,674253,433,185,15:25.5,1
354,481874,733,293,15:24.1,1
355,688573,136,41,17:05.3,1
356,724414,147,136,17:16.9,1
357,388002,326,341,34:08.8,1
358,464366,112,355,35:13.4,1
359,368754,601,93,46:19.8,1
360,289311,659,294,33:07.5,1
361,813261,788,106,07:11.8,1
362,385804,243,275,15:30.8,1
363,869221,532,15,02:20.0,1
364,642667,599,37,40:28.6,1
365,910932,424,273,19:46.3,1
366,978433,424,5,57:14.7,1
367,831142,592,67,27:19.1,1
368,161769,441,319,30:39.1,1
369,669175,926,376,20:53.7,1
370,142347,633,463,59:33.4,1
371,773663,98,41,22:09.8,1
372,278745,128,153,19:57.9,1
373,733216,792,420,01:59.0,1
374,527742,777,497,01:17.3,1
375,447566,440,43,04:07.0,1
376,381632,235,28,36:16.3,0
377,778853,211,440,11:02.5,1
378,991288,489,270,15:02.2,1
379,681576,152,21,10:09.0,1
380,363227,90,346,22:45.9,1
381,273148,978,68,02:25.1,1
382,498067,469,5,20:11.9,1
383,527742,535,452,11:40.8,1
384,802344,999,201,55:43.1,1
385,721692,21,199,09:05.9,1
386,233335,189,166,45:05.7,1
387,790154,1,286,35:33.7,0
388,496915,201,308,52:18.1,1
389,279414,84,189,55:26.5,1
390,304794,720,393,28:51.7,1
391,562418,92,50,57:04.4,1
392,106059,479,11,08:07.9,1
393,772288,379,283,38:35.5,1
394,549427,458,135,20:00.7,1
395,616728,805,3,27:15.8,0
396,886180,9,101,15:09.0,1
397,161769,509,151,40:50.7,1
398,332189,308,365,46:40.5,1
399,918605,92,101,46:22.3,1
400,918904,915,147,40:52.1,1
401,986803,926,40,43:27.2,1
402,425661,137,152,37:55.7,1
403,977008,251,149,41:47.1,1
404,466940,416,82,46:38.0,1
405,520198,377,310,14:11.2,1
406,527742,11,192,01:07.1,1
407,908857,974,239,02:47.1,1
408,231918,613,481,29:43.6,1
409,263426,29,296,42:39.7,1
410,294470,464,84,57:49.2,1
411,742673,667,493,07:26.1,1
412,126546,32,337,43:47.3,1
413,891092,631,36,15:15.3,1
414,110773,705,182,32:59.7,1
415,304849,596,331,36:15.8,1
416,764417,486,78,22:42.6,1
417,750586,560,455,18:13.6,1
418,858198,846,92,59:11.3,1
419,120400,878,290,06:31.5,1
420,409228,135,72,20:57.5,1
421,284063,148,209,52:11.9,1
422,742541,887,465,21:23.1,1
423,510987,577,82,17:59.2,1
424,547239,563,90,51:03.3,1
425,140937,339,80,43:47.8,1
426,464362,565,171,39:09.1,1
427,363227,380,107,21:49.3,1
428,616728,526,193,46:57.9,1
429,731213,733,104,18:44.2,1
430,231918,762,386,54:02.9,1
431,350032,756,54,53:26.7,1
432,669175,382,340,45:52.4,1
433,259486,306,268,53:25.7,1
434,368754,534,406,53:26.1,1
435,596587,246,310,02:26.2,1
436,394867,96,306,36:26.3,0
437,873824,463,205,25:24.6,1
438,994983,724,395,22:41.4,1
439,342503,342,392,54:31.1,1
440,994983,519,270,19:13.5,1
441,666258,905,272,12:07.1,1
442,703269,135,22,01:26.0,1
443,785346,216,251,04:35.5,1
444,461301,676,420,49:52.8,0
445,596587,661,427,36:30.0,1
446,112765,516,45,45:31.5,1
447,631998,910,315,16:23.2,1
448,883545,605,255,50:55.7,1
449,862525,831,127,13:53.7,1
450,289061,900,465,11:49.1,0
451,730556,434,375,54:54.0,1
452,525664,570,369,08:05.9,1
453,353168,466,43,26:22.8,1
454,142263,587,22,56:57.3,1
455,130676,346,500,37:31.6,1
456,640867,678,334,58:16.8,1
457,642047,431,361,21:54.1,1
458,233335,919,114,47:56.1,0
459,618056,655,477,12:20.8,1
460,394899,68,292,00:44.2,1
461,545952,786,346,38:57.5,1
462,806515,391,425,49:10.4,1
463,531175,828,176,29:15.4,1
464,806515,229,236,19:33.7,1
465,127697,513,369,31:54.2,1
466,353168,924,89,18:10.4,1
467,161769,695,315,57:25.9,1
468,573022,473,423,30:06.5,1
469,562958,784,251,55:06.2,1
470,959122,825,24,03:38.6,1
471,957476,371,37,50:23.0,1
472,149433,344,390,40:53.7,1
473,984678,197,393,40:18.6,1
474,886180,782,65,19:33.6,1
475,781385,123,207,06:13.0,1
476,524726,464,146,09:46.1,1
477,918710,235,78,08:38.7,1
478,918605,190,240,00:11.3,1
479,918901,715,314,04:22.9,1
480,986803,452,96,58:37.9,1
481,716300,988,354,37:38.1,1
482,496915,561,490,58:28.7,1
483,482841,753,21,04:07.8,1
484,721692,884,282,37:20.4,1
485,712216,116,275,06:30.0,1
486,392618,181,221,44:43.1,1
487,369304,334,465,36:18.8,1
488,312414,236,399,18:51.7,1
489,939566,838,103,16:45.6,1
490,932942,360,449,34:12.3,1
491,178476,694,210,20:24.0,1
492,221412,205,78,24:12.0,1
493,994983,16,262,41:09.4,1
494,992416,166,289,25:05.1,1
495,730556,404,124,17:20.4,1
496,846102,624,333,06:20.0,1
497,790154,778,165,55:59.8,1
498,177411,203,215,37:04.7,1
499,910932,824,356,38:46.5,1
500,465595,306,185,29:48.3,1
501,140937,435,464,12:58.8,1
502,266711,698,270,47:18.8,1
503,724414,73,299,31:14.0,1
504,608483,453,156,30:38.6,1
505,933473,926,143,57:41.1,1
506,496915,442,288,01:39.8,1
507,206043,549,413,31:11.6,1
508,145270,903,201,46:23.3,1
509,918605,714,69,17:19.4,1
510,520198,463,75,42:36.3,1
511,662879,996,412,09:55.7,1
512,802344,867,380,28:09.1,0
513,862525,760,119,42:32.3,1
514,855845,225,73,10:16.9,1
515,968744,899,382,42:50.9,1
516,165878,230,306,50:01.2,1
517,662879,385,75,58:15.5,1
518,854133,516,362,09:33.2,1
519,768390,653,409,32:40.9,1
520,449192,861,346,51:22.3,1
521,278450,572,437,13:50.4,1
522,848469,336,170,15:30.6,1
523,597505,734,178,44:11.0,1
524,623248,762,257,57:29.9,1
525,142537,873,436,44:50.0,1
526,599038,300,398,37:09.7,1
527,445958,990,237,31:46.5,1
528,715531,494,325,32:50.8,1
529,262641,603,86,22:16.7,1
530,943393,861,464,34:09.8,1
531,597505,968,365,01:10.6,1
532,284063,606,282,54:09.9,1
533,920879,114,289,59:35.4,1
534,547839,551,137,11:31.5,1
535,304794,609,6,46:24.1,1
536,385089,352,266,55:03.4,0
537,525664,970,294,29:40.1,0
538,792623,732,424,31:15.5,1
539,960168,613,184,30:10.6,1
540,524726,519,248,15:24.4,1
541,142347,654,336,21:57.6,0
542,663869,421,272,11:12.8,1
543,531175,825,456,31:41.6,1
544,342889,847,60,33:12.0,1
545,126133,638,478,14:54.0,1
546,517213,672,259,10:21.3,1
547,869221,546,39,30:20.2,1
548,865712,876,225,51:01.9,1
549,335732,359,355,58:59.3,1
550,109347,183,210,26:30.7,1
551,413424,12,10,30:57.0,1
552,464366,277,418,20:36.1,1
553,512461,376,439,36:23.3,1
554,596587,936,81,45:08.2,1
555,620456,278,435,45:27.2,1
556,426751,305,20,07:09.1,0
557,781581,28,221,43:43.6,1
558,756916,460,178,34:58.7,1
559,279414,563,371,17:24.8,1
560,950421,542,157,52:56.1,1
561,912391,527,35,14:07.1,1
562,512461,519,91,43:48.5,1
563,289311,123,152,24:50.5,1
564,302361,757,67,42:08.2,1
565,343764,696,168,54:54.0,1
566,968810,707,244,03:22.1,1
567,891092,424,365,49:40.7,1
568,703047,552,414,01:56.0,1
569,646843,641,470,21:07.7,1
570,718191,65,344,30:47.6,1
571,802344,110,120,46:14.7,1
572,785346,540,209,40:33.4,1
573,891930,152,336,18:16.0,1
574,918901,526,296,52:28.2,1
575,493092,121,174,43:14.5,1
576,563052,51,442,05:54.5,1
577,132874,772,178,25:21.2,1
578,273042,357,24,44:27.6,1
579,165878,338,390,28:48.0,1
580,215714,623,291,16:57.7,1
581,805775,927,235,18:44.6,1
582,690831,142,293,22:24.9,1
583,512461,88,195,35:12.4,1
584,167072,255,37,36:07.7,1
585,481010,323,27,08:59.7,1
586,806515,105,39,41:48.0,1
587,968744,104,147,31:34.8,1
588,301108,429,175,44:03.8,1
589,969466,5,325,31:56.1,1
590,959182,686,29,22:10.6,0
591,869221,289,22,21:13.1,1
592,702347,407,28,23:26.2,1
593,125280,164,220,29:47.5,1
594,447566,839,365,35:47.9,1
595,757216,707,412,54:14.6,1
596,343764,697,405,08:58.2,1
597,102106,910,210,42:36.8,1
598,573022,179,405,22:23.9,1
599,665978,6,88,02:21.6,1
600,542389,182,293,36:08.3,1
601,823563,169,61,02:22.1,1
602,730556,700,309,15:35.3,1
603,907196,727,113,26:39.8,1
604,912442,172,44,08:19.7,1
605,918807,716,374,16:06.8,1
606,839473,219,402,50:23.2,1
607,662879,199,225,19:18.1,1
608,553606,387,203,55:52.8,1
609,465595,325,346,53:48.0,1
610,101688,464,500,51:55.6,1
611,284063,976,77,16:30.3,0
612,865307,115,314,08:54.5,1
613,278072,26,196,30:03.0,1
614,865712,440,39,55:47.5,1
615,547839,134,112,19:07.8,1
616,596587,467,441,57:23.3,1
617,923809,797,243,49:01.4,1
618,102023,924,365,13:10.2,1
619,784246,56,239,55:59.1,0
620,332361,696,279,24:56.6,1
621,329091,816,229,50:34.0,1
622,568764,123,76,20:43.5,1
623,325640,150,302,29:34.6,1
624,339643,428,440,58:33.4,1
625,197599,256,193,55:18.7,1
626,262641,521,402,41:48.2,1
627,932942,236,379,42:50.5,1
628,197599,572,178,15:09.9,1
629,544582,719,245,10:46.2,1
630,616728,975,52,55:45.3,1
631,907196,305,225,56:23.1,1
632,332762,683,110,48:03.9,1
633,865712,203,96,29:30.9,0
634,648138,700,3,22:32.5,1
635,690831,463,76,33:39.7,1
636,165878,125,195,40:24.8,1
637,974651,861,257,27:15.6,1
638,847482,993,156,18:15.2,1
639,354993,682,12,14:15.6,1
640,218381,457,169,39:51.9,1
641,646843,249,348,54:31.2,1
642,756144,260,106,01:28.6,1
643,342503,76,193,20:36.3,1
644,742541,20,487,49:35.0,1
645,848469,880,58,24:30.8,1
646,363028,912,175,13:40.6,0
647,405344,895,48,18:18.8,1
648,860481,649,420,39:16.0,1
649,142237,463,90,18:41.7,1
650,633917,590,441,26:32.1,1
651,533753,92,369,35:22.4,1
652,342503,422,106,09:01.4,1
653,846270,839,125,45:16.8,1
654,700634,694,396,19:05.4,1
655,304408,873,349,26:37.4,1
656,270269,614,440,00:46.0,1
657,142263,360,352,35:36.9,1
658,466940,731,2,53:46.0,1
659,211282,986,481,32:06.4,1
660,664709,894,485,37:51.4,1
661,882939,500,438,45:44.0,1
662,654523,552,83,38:16.1,1
663,102023,730,384,12:20.4,1
664,783804,731,124,54:16.4,1
665,781209,431,26,27:13.3,1
666,423125,648,484,18:43.0,1
667,549361,186,306,39:45.1,1
668,626883,633,157,18:07.0,0
669,140937,130,343,07:33.2,1
670,342503,82,304,18:19.2,1
671,974651,961,82,13:07.4,1
672,381632,221,353,06:34.1,1
673,984678,376,411,00:58.4,1
674,149433,516,42,44:52.6,1
675,363028,301,192,47:26.7,1
676,688573,938,358,14:14.9,1
677,285598,220,139,10:30.6,1
678,618056,528,330,20:18.4,1
679,426751,323,14,43:15.2,1
680,354993,275,98,41:00.8,1
681,225295,628,321,11:38.2,1
682,918807,807,54,06:05.0,0
683,126133,397,272,26:03.7,1
684,167072,193,141,28:44.1,1
685,875260,662,447,26:19.6,1
686,304849,529,113,55:53.5,1
687,392618,17,95,50:57.2,1
688,992416,971,380,36:14.7,1
689,715531,742,151,56:59.1,1
690,267090,452,279,15:58.1,1
691,693875,120,13,57:05.4,1
692,731213,698,340,00:29.8,1
693,332057,775,428,09:03.4,1
694,858198,972,272,34:35.8,1
695,194595,154,193,25:34.1,1
696,332762,303,438,01:43.9,1
697,259486,577,217,20:37.4,1
698,273308,707,408,18:03.9,1
699,142537,415,279,12:04.8,1
700,549361,490,328,10:36.9,1
701,107171,695,62,51:25.5,1
702,237268,826,414,20:45.3,1
703,773663,130,182,33:11.5,1
704,642667,620,234,37:38.4,1
705,628668,69,305,40:18.7,1
706,136888,816,161,19:36.3,1
707,733216,109,484,41:42.5,1
708,723573,73,111,59:42.3,1
709,267626,746,452,20:01.0,1
710,246651,719,352,46:50.0,1
711,459569,112,89,08:22.4,1
712,278745,628,393,34:18.6,1
713,276171,199,87,21:30.9,1
714,616728,271,238,34:31.1,1
715,562958,637,305,03:15.4,1
716,544582,848,300,13:27.9,1
717,976203,979,125,37:15.7,1
718,731612,813,22,24:38.7,1
719,124876,488,64,29:53.4,1
720,918901,193,413,39:27.1,1
721,950421,306,367,26:39.7,0
722,464362,293,495,58:58.7,1
723,985973,973,228,08:53.1,1
724,618056,381,476,50:40.8,1
725,882939,576,246,50:32.9,1
726,278450,948,292,03:52.2,1
727,278745,118,95,27:40.9,1
728,489801,57,3,17:21.2,1
729,976203,206,317,51:34.9,1
730,784246,101,222,32:16.2,1
731,126133,218,265,46:33.7,1
732,332057,921,12,25:01.0,1
733,215883,640,416,15:09.2,1
734,132874,444,249,35:22.5,1
735,700634,719,210,58:17.6,1
736,617300,423,397,26:37.6,1
737,219406,50,470,27:08.5,1
738,616728,360,286,32:11.2,1
739,325640,658,236,00:46.1,1
740,219406,495,103,17:44.3,1
741,464366,13,322,41:29.4,0
742,289061,957,382,33:55.3,1
743,284063,807,18,15:47.2,1
744,544683,903,159,46:57.1,1
745,397949,935,3,05:00.8,1
746,278450,638,169,05:00.2,1
747,449192,168,290,11:36.4,1
748,664709,59,270,20:23.6,1
749,145419,108,81,14:16.9,1
750,985973,575,200,16:17.3,1
751,736402,771,25,45:35.3,1
752,912391,558,62,16:28.1,1
753,545759,864,407,09:27.3,1
754,178476,134,333,00:12.6,1
755,258311,869,225,22:38.5,1
756,832368,646,116,26:35.2,1
757,726144,811,396,02:21.5,1
758,524726,54,115,04:10.9,1
759,965973,19,296,07:43.8,1
760,589266,248,417,48:27.3,1
761,313071,478,262,03:43.7,1
762,633917,977,205,29:44.5,1
763,210200,370,48,49:23.6,1
764,431096,581,160,45:10.5,1
765,533753,613,256,52:10.0,1
766,156059,76,320,39:55.9,1
767,874299,364,43,51:25.7,1
768,882208,257,243,20:02.4,1
769,646843,865,498,29:53.3,1
770,385089,156,437,11:57.1,1
771,183571,454,149,28:45.4,1
772,533753,937,401,01:48.9,1
773,270269,229,219,57:21.0,1
774,191947,79,224,31:24.3,1
775,193195,834,381,36:21.3,1
776,149433,86,453,46:51.6,1
777,813261,83,359,02:39.7,1
778,771452,818,77,08:10.5,1
779,197599,595,111,44:47.4,1
780,861689,581,117,44:45.5,1
781,538136,784,455,30:37.6,1
782,859857,598,76,19:08.5,0
783,464362,44,303,57:23.5,1
784,243838,156,29,18:18.3,1
785,650695,192,93,25:30.2,1
786,273148,49,499,14:44.0,1
787,329091,484,376,01:56.8,1
788,126546,3,350,16:04.9,1
789,553606,580,86,00:31.1,0
790,695822,684,17,23:21.4,1
791,707848,916,247,42:27.3,0
792,959122,170,440,19:45.0,1
793,392618,781,296,26:46.9,1
794,921341,322,227,41:56.3,1
795,977008,605,91,08:01.1,1
796,618056,407,158,25:34.8,1
797,723573,972,256,26:16.5,1
798,717805,366,180,42:34.3,1
799,531175,429,162,39:53.4,1
800,221412,975,35,28:49.2,1
801,266813,861,385,38:01.1,1
802,919601,125,112,54:37.2,1
803,206043,638,380,42:26.3,1
804,716509,373,220,22:29.5,1
805,553606,81,411,56:31.8,1
806,866450,171,40,22:37.4,1
807,191947,329,195,35:43.7,1
808,263426,504,490,20:34.5,1
809,716509,587,130,09:43.7,1
810,599038,340,146,45:15.5,1
811,597505,657,27,35:49.6,1
812,631998,528,79,05:32.4,1
813,733490,938,211,57:48.8,1
814,679337,732,416,19:27.5,1
815,520198,39,495,46:25.5,1
816,749920,922,102,22:15.3,1
817,177411,294,133,14:24.1,1
818,524726,979,434,19:29.4,1
819,215714,110,323,38:12.1,1
820,896180,891,313,36:13.5,1
821,796365,768,474,39:48.4,1
822,397949,114,298,45:22.2,1
823,166701,330,34,37:10.1,1
824,984678,42,271,29:57.0,1
825,907196,982,134,32:01.2,1
826,125280,818,51,56:15.1,1
827,265756,985,432,21:51.5,1
828,273308,331,164,54:54.8,1
829,434982,81,296,33:39.6,1
830,966334,252,244,27:45.9,1
831,545031,17,17,35:52.6,1
832,968744,794,163,31:28.0,1
833,496323,999,218,59:56.7,1
834,445958,343,495,26:44.6,1
835,127697,350,228,32:13.0,1
836,730556,183,423,02:08.6,1
837,127073,760,308,53:59.1,1
838,896180,174,407,37:13.9,1
839,736402,998,253,29:03.7,1
840,110406,487,429,29:09.0,1
841,640867,990,65,00:14.1,1
842,150555,38,78,05:38.0,1
843,266711,982,280,34:46.9,1
844,806515,690,234,34:53.6,1
845,243838,321,431,06:12.6,1
846,415959,115,128,08:24.7,0
847,525664,307,402,38:32.1,1
848,957570,127,359,12:49.2,1
849,481010,712,207,47:53.2,1
850,778853,71,182,54:59.8,1
851,267090,580,198,12:44.8,1
852,273042,606,10,57:50.2,1
853,237268,106,295,18:32.9,1
854,679337,700,18,38:42.3,1
855,991109,346,223,31:06.4,1
856,617300,91,150,44:17.5,1
857,617300,500,163,58:52.0,1
858,120400,614,360,55:24.8,1
859,482841,735,99,02:03.3,0
860,405144,713,364,15:13.9,1
861,912674,119,33,25:23.4,1
862,847482,766,298,11:13.1,1
863,847482,443,54,10:22.5,1
864,626883,136,319,31:26.2,1
865,169397,666,349,48:04.1,1
866,346238,166,111,06:39.1,1
867,547839,923,75,32:12.0,1
868,750586,660,483,58:15.3,1
869,562958,571,466,38:34.2,1
870,674253,234,380,28:02.5,1
871,768390,701,127,37:56.1,1
872,161769,342,297,46:38.9,1
873,149433,538,365,30:45.2,1
874,222328,820,345,33:36.4,1
875,731213,917,300,14:08.4,1
876,106146,365,385,46:03.4,1
877,921884,731,439,59:21.1,1
878,218381,820,169,37:02.5,1
879,857288,259,248,46:17.3,1
880,724414,490,239,32:41.6,1
881,910932,129,35,38:39.1,1
882,239917,545,304,50:47.8,1
883,496323,975,159,30:29.3,1
884,716300,991,458,02:26.8,1
885,346901,528,417,48:34.5,1
886,938521,134,64,34:16.6,1
887,251434,21,330,01:11.3,1
888,620456,998,281,13:28.2,1
889,166701,851,104,36:17.6,1
890,693875,395,439,02:56.2,1
891,447566,552,394,03:30.1,0
892,220192,915,394,10:39.9,1
893,340644,108,60,09:52.7,1
894,547239,515,351,32:21.9,1
895,326547,379,413,26:43.6,1
896,210200,759,9,21:33.0,1
897,145419,783,414,52:41.9,1
898,223412,232,144,56:11.1,1
899,750415,223,383,08:58.0,1
900,178476,167,373,23:17.5,1
901,582393,570,288,57:17.0,1
902,823236,377,307,42:03.8,1
903,753483,892,312,47:29.5,1
904,225009,511,489,17:18.4,1
905,156059,92,295,43:19.6,0
906,942532,327,288,44:24.3,1
907,118675,170,356,48:04.4,1
908,225284,413,500,57:03.4,1
909,778853,34,455,20:01.1,1
910,896180,277,344,43:57.1,1
911,733490,571,125,40:14.4,1
912,362339,613,238,12:43.0,1
913,302426,857,306,32:00.4,1
914,466940,439,416,17:12.2,1
915,289061,62,403,50:15.4,1
916,860481,800,7,19:52.6,1
917,156059,841,113,47:47.0,1
918,882208,647,292,03:39.4,1
919,286919,70,186,05:39.5,1
920,478894,657,25,04:36.7,1
921,350668,729,184,13:22.7,1
922,920879,48,249,30:39.6,1
923,527742,218,471,07:35.2,1
924,768390,239,479,23:46.6,1
925,565165,824,401,14:57.9,1
926,206043,119,3,02:20.3,1
927,800558,451,75,20:33.3,1
928,724144,399,409,29:53.0,1
929,582393,46,407,20:33.5,1
930,771452,807,165,19:56.2,0
931,582393,244,14,16:40.8,1
932,443269,863,402,19:26.4,1
933,357070,495,249,38:21.4,1
934,865712,370,158,46:09.2,1
935,437427,979,117,03:16.1,1
936,194184,691,328,00:31.8,1
937,918901,203,1,34:41.0,1
938,278362,317,30,11:53.6,1
939,628668,953,113,06:06.9,1
940,912391,951,239,42:05.4,1
941,192453,200,10,18:23.3,1
942,563052,625,35,31:33.7,1
943,332057,369,193,59:59.3,1
944,449192,892,439,59:44.4,0
945,539725,851,154,07:13.8,1
946,544683,995,428,46:56.6,1
947,521681,100,38,35:01.4,1
948,461301,816,125,02:48.0,1
949,124876,84,389,51:42.0,1
950,408448,455,404,26:53.3,1
951,362339,441,236,04:07.7,1
952,921341,224,391,45:58.5,1
953,978433,254,133,27:08.0,1
954,945168,50,488,31:36.0,1
955,748756,730,120,30:55.5,1
956,562958,728,239,35:33.6,1
957,346901,583,257,51:27.0,1
958,882939,242,141,51:40.1,1
959,273042,377,207,57:13.3,1
960,270886,648,99,54:39.9,1
961,912674,387,260,13:23.3,0
962,607556,729,243,56:18.8,1
963,313071,917,294,04:50.8,1
964,549427,89,441,47:22.2,1
965,217105,276,322,29:08.7,1
966,517213,892,285,57:21.7,1
967,206043,186,392,28:53.1,1
968,737012,139,112,14:34.4,1
969,113126,466,5,05:59.0,1
970,321588,167,67,46:59.3,1
971,939566,7,406,22:27.8,1
972,326547,491,43,13:26.8,1
973,630171,284,358,40:57.8,1
974,882208,298,269,13:59.2,1
975,192453,626,9,00:39.3,1
976,481874,676,132,46:03.1,1
977,912391,465,406,18:51.5,1
978,597505,556,494,09:58.8,1
979,265756,272,202,54:49.5,1
980,225284,762,385,59:44.5,1
981,959182,447,278,59:43.2,1
982,901983,765,98,33:14.9,1
983,215714,97,79,04:44.5,0
984,882208,486,281,22:56.4,1
985,178476,203,452,45:00.4,1
986,975413,351,466,06:48.8,1
987,183720,203,257,10:08.8,1
988,617300,814,306,02:08.1,1
989,449192,126,193,28:52.9,1
990,563052,245,107,01:59.8,1
991,279414,592,435,52:20.0,1
992,346238,515,31,44:48.8,1
993,219406,269,332,45:07.1,1
994,262641,613,219,50:02.3,1
995,977008,957,190,46:41.0,1
996,873824,8,233,16:34.5,1
997,976203,941,282,11:53.9,1
998,681619,509,133,55:36.7,0
999,142263,802,337,50:15.7,1
1000,289061,957,338,23:42.5,1
1001,848469,927,199,40:26.0,1
1002,492904,510,234,18:17.8,1
1003,360610,394,189,58:11.1,1
1004,279414,6,173,04:31.4,1
1005,464060,958,311,19:39.5,1
1006,912442,952,476,18:49.9,1
1007,544582,779,461,18:12.9,1
1008,950421,478,258,04:33.9,1
1009,538136,381,270,49:44.8,1
1010,350668,319,17,24:32.2,1
1011,720230,194,255,03:46.7,1
1012,994983,924,109,32:46.3,1
1013,193195,493,2,00:30.9,1
1014,618056,751,230,15:12.3,1
1015,176588,806,92,02:12.6,1
1016,781581,89,102,55:29.8,1
1017,461301,290,278,17:04.9,1
1018,136888,615,107,59:17.3,1
1019,357070,276,144,06:59.8,1
1020,340644,543,307,05:55.9,1
1021,373069,550,292,39:05.1,1
1022,725418,660,444,35:55.4,1
1023,255538,452,20,54:11.3,1
1024,102106,321,207,15:24.1,1
1025,312414,301,185,38:52.0,1
1026,142237,42,268,28:13.2,1
1027,669175,962,401,12:32.8,1
1028,328815,654,379,06:56.4,1
1029,289061,756,292,32:47.9,1
1030,731612,314,240,46:08.6,1
1031,142237,489,302,05:08.3,1
1032,434764,391,142,13:04.3,1
1033,549427,493,479,33:40.9,1
1034,178476,848,340,45:06.8,1
1035,357070,64,201,23:35.8,1
1036,381705,706,49,26:02.0,1
1037,669175,803,291,32:23.5,1
1038,130676,653,457,37:42.6,1
1039,276171,548,24,35:30.1,1
1040,873824,624,262,40:52.8,1
1041,531175,341,87,35:20.7,1
1042,328532,125,410,06:18.8,1
1043,124876,327,353,34:25.5,1
1044,454569,594,42,20:30.2,1
1045,573022,200,266,57:09.2,1
1046,832368,259,485,19:15.4,1
1047,794486,70,405,42:41.7,1
1048,130676,239,70,17:32.4,1
1049,870797,827,301,56:08.4,1
1050,459569,351,425,07:28.4,1
1051,218381,706,267,40:00.0,1
1052,717805,234,188,20:31.1,1
1053,781209,581,5,54:48.7,1
1054,110773,161,387,28:50.0,1
1055,844547,689,171,16:20.9,1
1056,124876,230,411,42:19.2,1
1057,106059,177,431,28:42.7,1
1058,924197,424,69,10:25.2,1
1059,351676,364,365,08:57.4,1
1060,106146,380,147,52:14.7,1
1061,286919,748,495,25:39.9,0
1062,573360,238,463,27:39.2,1
1063,516875,573,336,56:20.0,1
1064,958338,163,274,19:31.8,1
1065,381632,681,259,18:58.8,1
1066,496915,279,494,35:04.3,1
1067,183720,198,384,03:51.1,1
1068,882208,403,37,28:44.7,1
1069,932942,373,343,02:40.7,1
1070,753483,48,131,12:17.5,1
1071,941400,687,446,56:30.6,1
1072,285598,719,16,10:52.9,1
1073,266813,874,155,47:56.0,1
1074,276171,776,226,01:48.5,1
1075,150555,652,84,04:19.8,1
1076,125280,569,94,19:43.5,1
1077,492904,724,315,30:19.5,1
1078,466940,605,491,59:32.9,1
1079,839134,480,115,55:35.8,1
1080,328815,829,309,33:18.4,1
1081,304849,58,465,03:51.5,1
1082,880473,53,119,42:22.6,1
1083,312414,511,463,47:52.6,1
1084,542389,816,475,29:26.1,1
1085,848469,789,341,13:38.7,1
1086,869221,937,91,45:45.0,1
1087,781209,573,291,42:25.5,1
1088,140937,377,119,14:48.0,1
1089,206328,295,253,09:33.6,1
1090,110773,705,82,16:08.6,1
1091,289311,526,240,44:18.3,1
1092,466940,215,237,48:10.1,1
1093,225284,650,377,11:52.1,1
1094,766398,726,267,09:20.2,1
1095,304794,801,237,19:38.1,1
1096,630171,145,188,37:14.5,1
1097,662879,606,355,03:11.3,1
1098,606888,317,333,40:16.3,1
1099,912391,246,58,39:00.4,1
1100,684170,436,153,20:03.5,1
1101,957570,631,306,43:33.0,1
1102,478894,556,456,13:29.1,1
1103,766398,116,427,12:04.9,0
1104,343764,677,139,33:08.4,1
1105,631998,947,26,03:30.2,1
1106,197599,569,185,07:54.2,1
1107,638387,582,32,17:00.4,1
1108,790154,268,386,41:24.7,1
1109,276171,972,260,39:14.5,1
1110,176521,487,33,51:56.7,1
1111,918605,875,466,52:07.8,1
1112,766398,122,232,50:10.3,1
1113,960168,495,463,29:23.7,1
1114,161769,434,453,46:01.0,1
1115,599038,40,237,18:29.8,1
1116,186222,302,331,16:03.7,1
1117,723573,242,149,55:19.1,1
1118,842595,938,410,33:05.1,1
1119,440795,172,144,02:36.9,1
1120,731612,350,94,06:53.4,1
1121,276171,254,156,13:08.0,1
1122,381705,479,358,01:15.9,0
1123,145419,45,247,14:24.3,1
1124,270886,832,221,03:28.6,1
1125,616728,497,191,31:52.1,1
1126,781385,67,348,07:51.7,1
1127,342889,747,265,01:40.8,1
1128,750586,51,418,59:52.6,1
1129,861689,373,440,35:19.4,1
1130,454569,679,14,02:00.3,1
1131,284063,327,100,48:12.2,1
1132,924543,69,294,59:42.6,1
1133,950421,532,400,01:26.9,1
1134,907196,739,211,21:24.7,1
1135,243838,234,378,02:43.7,1
1136,152017,183,470,26:24.9,1
1137,124876,22,416,38:23.8,1
1138,959122,915,161,46:32.3,1
1139,302426,792,60,07:01.9,1
1140,901983,999,415,37:17.9,0
1141,273148,55,246,11:00.0,1
1142,233335,901,425,40:58.6,1
1143,992416,237,262,35:01.7,1
1144,781581,697,206,40:15.6,1
1145,496323,14,236,40:07.8,1
1146,533753,873,56,27:33.1,1
1147,211282,709,417,56:47.9,1
1148,982329,485,105,05:06.5,1
1149,899690,617,236,13:11.0,1
1150,770348,533,218,39:59.6,1
1151,981087,208,15,42:00.8,1
1152,927372,82,283,33:03.1,1
1153,325640,762,344,38:40.1,1
1154,907196,307,424,28:24.0,1
1155,533753,669,50,11:54.9,1
1156,885202,90,220,35:00.1,1
1157,298585,17,290,49:30.1,1
1158,270886,596,351,55:05.1,1
1159,865307,917,425,48:05.4,1
1160,716300,302,37,34:46.2,1
1161,918901,821,315,17:04.7,1
1162,723573,600,204,38:35.8,1
1163,218381,965,35,12:19.6,1
1164,563052,699,9,23:22.9,1
1165,339643,97,88,45:15.1,0
1166,142537,580,239,08:16.9,1
1167,861689,926,221,23:40.8,1
1168,860481,356,392,47:40.7,1
1169,563052,662,307,02:25.1,1
1170,764417,448,405,52:47.4,1
1171,938521,683,277,38:59.6,1
1172,748756,651,4,21:42.8,1
1173,454569,661,243,57:59.1,1
1174,618056,351,342,18:53.4,1
1175,289311,965,158,24:56.8,1
1176,813261,752,323,32:54.0,1
1177,703269,7,431,13:20.3,1
1178,663869,22,123,51:49.4,1
1179,846270,374,110,52:37.1,1
1180,783804,124,84,37:13.2,1
1181,890309,227,216,05:39.0,1
1182,938941,412,403,35:40.9,1
1183,178476,907,33,16:03.5,1
1184,899690,438,228,44:01.5,1
1185,373069,169,151,24:09.5,1
1186,725418,356,226,55:01.2,1
1187,606263,300,305,40:19.5,1
1188,623248,78,380,34:37.0,1
1189,781385,271,343,10:47.6,1
1190,496915,272,160,20:56.2,1
1191,340644,157,283,36:59.7,1
1192,650695,971,12,02:41.4,1
1193,447566,936,330,32:44.3,1
1194,950421,729,476,53:41.1,1
1195,736402,614,221,44:39.2,1
1196,726144,150,126,01:30.2,1
1197,750586,213,123,26:20.8,1
1198,359108,202,103,36:54.6,1
1199,357833,834,58,29:34.8,1
1200,464366,701,162,56:08.7,1
1201,307937,115,19,27:26.1,1
1202,908857,623,374,23:03.6,1
1203,844547,289,383,10:22.3,1
1204,385804,154,133,16:45.7,1
1205,733216,246,415,07:05.7,1
1206,312414,596,89,13:50.9,1
1207,245284,112,207,51:05.1,1
1208,733216,34,491,39:58.0,1
1209,445958,10,35,37:08.1,1
1210,939566,610,142,49:55.2,1
1211,106403,555,123,05:10.9,1
1212,343764,673,223,03:00.0,1
1213,191947,624,146,30:17.5,1
1214,693875,149,264,44:20.5,1
1215,802344,529,109,58:53.6,1
1216,627694,549,285,15:51.3,1
1217,854133,888,213,40:07.0,1
1218,492774,712,358,18:58.6,1
1219,302426,507,63,37:26.6,1
1220,522606,717,440,08:10.0,1
1221,742673,437,306,19:29.8,1
1222,426751,920,436,26:15.3,1
1223,924197,457,243,03:20.8,1
1224,730556,704,121,17:49.9,1
1225,539820,997,199,29:37.8,1
1226,724144,104,466,36:24.2,1
1227,310181,60,306,00:06.3,1
1228,487532,110,195,56:52.8,1
1229,891092,378,273,14:08.8,1
1230,923809,288,266,54:58.8,0
1231,681619,35,226,24:36.4,0
1232,796365,366,195,08:45.7,1
1233,294470,951,74,32:44.9,1
1234,531175,917,244,52:20.6,1
1235,328532,719,196,26:58.7,1
1236,865712,508,277,44:43.4,1
1237,165878,113,52,54:31.4,1
1238,783804,390,104,11:45.1,1
1239,276171,260,394,07:41.9,1
1240,267626,304,177,58:15.6,1
1241,617300,319,277,02:55.9,1
1242,490754,261,351,13:26.5,1
1243,742673,760,403,29:43.5,1
1244,218381,941,192,32:02.6,1
1245,313802,51,367,11:46.8,1
1246,487532,569,50,43:53.4,1
1247,350032,16,318,10:22.7,1
1248,191947,845,44,16:03.5,1
1249,298585,975,349,24:21.6,1
1250,219406,399,51,05:41.7,1
1251,397949,384,422,45:56.2,1
1252,206328,579,362,37:37.0,1
1253,304408,278,213,59:20.0,1
1254,192141,706,391,00:46.6,1
1255,805775,398,151,57:28.8,1
1256,215714,218,292,33:29.0,1
1257,332189,31,93,36:45.2,1
1258,545952,555,82,56:20.5,1
1259,262641,416,370,13:08.6,1
1260,309143,5,140,14:38.4,1
1261,496323,549,162,11:56.7,1
1262,741733,988,191,35:53.5,1
1263,251434,428,109,40:35.0,1
1264,781581,311,95,49:47.1,1
1265,310181,870,86,22:41.1,1
1266,233335,899,200,31:11.5,1
1267,796365,118,261,20:28.4,1
1268,951149,963,150,51:24.2,1
1269,437427,418,235,17:47.1,1
1270,957297,523,411,31:06.9,1
1271,434982,512,223,28:33.3,1
1272,225009,625,4,44:00.0,1
1273,539820,74,60,52:13.9,1
1274,204417,855,249,19:42.2,1
1275,630171,824,159,07:23.8,1
1276,276171,671,310,15:21.9,1
1277,781546,9,416,28:59.8,1
1278,220192,112,123,30:41.3,1
1279,503012,912,296,06:09.7,1
1280,594403,7,102,01:37.9,1
1281,449192,110,68,34:54.1,1
1282,920879,979,500,51:40.8,1
1283,812713,956,454,39:15.3,1
1284,329091,12,421,29:41.9,1
1285,974651,70,161,27:08.5,1
1286,880473,726,500,39:38.1,1
1287,968810,963,35,59:38.4,1
1288,489801,430,25,24:19.4,1
1289,832368,286,394,17:48.7,1
1290,860481,972,234,29:27.9,1
1291,243838,120,406,15:37.7,1
1292,304794,556,74,09:49.8,1
1293,932942,885,218,56:16.6,1
1294,405344,509,239,44:03.6,1
1295,449192,946,176,14:56.6,1
1296,784246,641,403,12:03.2,1
1297,102475,642,409,41:31.2,1
1298,304408,142,129,18:27.6,0
1299,960784,800,40,09:28.8,1
1300,790154,534,368,01:43.4,1
1301,489801,4,358,20:10.8,1
1302,278745,496,239,33:58.1,1
1303,353168,996,483,10:38.1,1
1304,510893,505,435,06:47.5,1
1305,431096,795,284,30:54.1,1
1306,582393,832,178,41:44.5,1
1307,374452,94,358,38:42.0,1
1308,346901,704,500,22:36.6,1
1309,423125,764,378,14:37.4,1
1310,464366,768,134,41:43.8,1
1311,492493,263,444,15:41.0,1
1312,911575,5,203,47:35.5,1
1313,802344,48,486,00:47.3,1
1314,921341,24,427,55:44.1,1
1315,715531,877,280,03:59.4,0
1316,289061,111,242,29:18.6,1
1317,342503,202,392,20:48.9,1
1318,832368,590,162,21:56.6,1
1319,149433,489,167,27:09.8,1
1320,860481,993,343,39:22.8,1
1321,246201,22,77,12:26.3,1
1322,974651,212,232,48:18.8,1
1323,186222,336,313,08:30.9,1
1324,662879,841,339,57:59.6,1
1325,359108,788,395,19:25.3,1
1326,267090,919,150,48:07.9,1
1327,563052,91,468,24:23.5,1
1328,960168,90,417,26:12.2,1
1329,982329,29,32,42:18.8,0
1330,847482,72,494,50:44.4,1
1331,218381,945,112,00:16.9,0
1332,882939,273,400,52:12.6,1
1333,302361,279,497,48:46.4,1
1334,981087,253,477,22:02.4,1
1335,106146,886,287,29:28.3,1
1336,218381,769,256,22:15.3,1
1337,646843,440,238,35:23.0,1
1338,813261,930,116,18:40.5,1
1339,792623,521,44,39:37.0,1
1340,693875,324,153,59:12.6,1
1341,482841,697,119,11:54.3,1
1342,426751,218,303,40:06.5,1
1343,896180,453,369,51:14.0,1
1344,263426,372,255,10:40.0,1
1345,461301,909,393,44:37.6,1
1346,481010,473,375,34:10.8,1
1347,455782,970,17,10:07.6,1
1348,266711,957,95,20:56.3,1
1349,539725,134,454,50:24.0,1
1350,520198,199,81,22:20.5,1
1351,959182,86,194,23:07.0,1
1352,633917,154,270,47:06.3,1
1353,533753,468,223,25:35.8,1
1354,547239,994,350,52:39.0,1
1355,823236,946,453,15:51.5,1
1356,823236,306,328,44:22.5,1
1357,957570,686,225,10:18.2,1
1358,562418,564,369,15:14.2,1
1359,539725,532,97,30:03.2,1
1360,465595,67,68,38:56.9,1
1361,149433,389,341,10:46.5,1
1362,455782,97,364,30:05.3,1
1363,445958,631,65,58:38.2,0
1364,841384,199,89,30:26.9,1
1365,674253,710,23,39:39.0,1
1366,350668,887,126,15:17.2,1
1367,343764,346,153,17:50.0,1
1368,127697,128,274,09:16.8,1
1369,770348,809,352,16:44.5,1
1370,609870,977,168,18:14.4,1
1371,756916,522,45,19:13.9,1
1372,848469,324,58,33:00.8,1
1373,312414,134,244,20:49.4,1
1374,259486,626,317,44:16.5,1
1375,616728,663,278,48:03.0,1
1376,211347,65,244,58:47.8,1
1377,781546,137,395,56:23.4,0
1378,192141,163,383,04:13.9,1
1379,898189,700,222,25:31.3,1
1380,545759,982,99,48:44.7,1
1381,510987,90,233,16:19.7,0
1382,434982,208,433,40:46.2,1
1383,772288,326,189,27:05.1,1
1384,346238,810,260,44:02.3,1
1385,237268,869,94,29:46.2,1
1386,945168,156,275,36:29.7,0
1387,423125,594,13,36:32.0,1
1388,582393,369,476,04:39.3,1
1389,192453,632,471,33:11.9,1
1390,626883,972,366,28:10.9,1
1391,125280,202,424,55:39.3,1
1392,464362,54,77,51:10.5,1
1393,270269,523,309,22:23.8,1
1394,481010,584,456,18:38.3,1
1395,178476,687,282,00:30.5,1
1396,663869,862,420,29:22.1,1
1397,193195,868,431,18:11.7,1
1398,346636,718,367,24:14.8,1
1399,397949,685,270,19:14.6,1
1400,544582,339,248,45:50.5,1
1401,222328,982,261,07:13.1,1
1402,342503,265,307,25:31.2,1
1403,285598,287,270,30:23.7,1
1404,923809,8,150,55:43.6,1
1405,309143,642,255,02:07.1,1
1406,510987,279,236,51:34.7,1
1407,211282,44,95,37:41.3,1
1408,918710,257,151,49:20.4,0
1409,258311,786,78,16:16.8,1
1410,267626,593,9,55:12.5,1
1411,237268,180,310,23:46.8,1
1412,647640,148,403,07:35.1,1
1413,626883,91,322,47:16.6,1
1414,927372,629,369,47:51.3,1
1415,270269,3,201,08:23.8,1
1416,169397,21,485,54:45.4,1
1417,363028,702,47,38:00.3,1
1418,855845,680,493,43:32.1,1
1419,869221,877,414,37:35.2,1
1420,712216,2,210,48:08.7,1
1421,265756,617,478,13:23.5,1
1422,405144,827,122,24:39.9,1
1423,665978,372,42,58:33.8,1
1424,434764,673,421,39:14.1,1
1425,539820,896,247,25:31.5,1
1426,279414,788,62,20:43.9,1
1427,102475,525,477,26:07.7,1
1428,910932,714,137,25:46.1,1
1429,633917,573,424,29:14.0,1
1430,326547,876,264,10:23.7,1
1431,982329,39,359,24:22.9,1
1432,573360,52,57,36:22.0,1
1433,845842,489,442,56:30.0,1
1434,307937,371,321,02:11.0,1
1435,106403,427,144,06:10.3,1
1436,346901,813,352,37:35.0,1
1437,215714,423,233,14:24.0,1
1438,565165,435,236,23:34.4,1
1439,726144,913,145,24:26.9,1
1440,312414,576,493,36:22.0,1
1441,959122,306,24,17:37.8,1
1442,392618,130,134,04:30.7,1
1443,842595,227,51,48:12.9,1
1444,449192,295,354,06:53.2,1
1445,127697,754,18,58:16.7,1
1446,310181,656,228,15:08.8,1
1447,806515,881,230,04:41.5,1
1448,642667,818,20,58:39.9,1
1449,555576,767,392,18:04.4,1
1450,796365,868,63,19:55.6,1
1451,177411,299,70,42:49.3,1
1452,527742,513,55,13:51.5,1
1453,531554,341,90,25:56.1,1
1454,773663,813,472,23:49.7,1
1455,442950,23,222,53:25.0,1
1456,313071,953,362,50:21.0,1
1457,880473,869,303,59:36.4,1
1458,573022,850,411,59:05.9,1
1459,409228,449,436,35:45.9,1
1460,110406,914,435,55:08.4,1
1461,346636,629,47,18:44.8,1
1462,896180,613,368,16:00.1,1
1463,891092,531,282,39:17.3,1
1464,730556,246,90,33:21.9,1
1465,112765,135,3,56:13.2,1
1466,938521,536,445,47:19.3,1
1467,267090,80,20,02:28.3,1
1468,140937,218,172,27:29.6,1
1469,520198,614,128,14:47.7,1
1470,531554,257,244,23:16.2,1
1471,225009,605,78,35:28.4,0
1472,866450,414,243,32:27.9,1
1473,442950,134,269,47:04.1,1
1474,921884,29,338,03:21.8,1
1475,741733,107,226,00:25.4,1
1476,423125,890,264,55:23.3,1
1477,443269,572,83,34:27.8,1
1478,339643,394,346,45:36.4,1
1479,866450,345,331,00:16.3,1
1480,165878,578,446,26:01.2,1
1481,757216,77,64,20:01.7,1
1482,415959,91,250,31:18.6,1
1483,628668,444,45,56:39.8,1
1484,623248,286,349,22:15.9,1
1485,606263,869,200,28:29.5,1
1486,918807,540,34,49:43.0,1
1487,313802,880,379,25:49.6,1
1488,715531,890,424,26:18.9,1
1489,225284,983,111,59:15.8,1
1490,270886,153,396,31:07.0,1
1491,521681,754,471,24:55.8,1
1492,354993,41,365,07:46.0,1
1493,332057,74,51,40:56.6,1
1494,555576,615,483,08:40.0,1
1495,161769,668,407,49:52.2,0
1496,426751,842,487,26:46.9,1
1497,156059,944,30,45:09.8,1
1498,415959,631,249,06:51.0,1
1499,245284,267,310,27:27.8,1
1500,267626,80,486,11:45.5,1