party_id,name,email,party_type,created_at
924197,Name_924197,user924197@example.com,customer,2025-04-27 16:15:11.861967
562958,Name_562958,user562958@example.com,merchant,2024-01-24 05:08:47.861967
381632,Name_381632,user381632@example.com,customer,2023-12-02 04:25:51.861967
363028,Name_363028,user363028@example.com,customer,2023-12-17 08:02:53.861967
176588,Name_176588,user176588@example.com,customer,2024-07-04 12:54:26.861967
360610,Name_360610,user360610@example.com,customer,2024-11-18 12:40:35.861967
313802,Name_313802,user313802@example.com,customer,2025-03-24 07:20:28.861967
938521,Name_938521,user938521@example.com,merchant,2024-07-12 16:55:29.861967
328815,Name_328815,user328815@example.com,customer,2025-03-16 11:29:02.861967
674253,Name_674253,user674253@example.com,merchant,2024-01-02 09:21:31.861967
547239,Name_547239,user547239@example.com,merchant,2023-12-06 20:03:37.861967
492904,Name_492904,user492904@example.com,customer,2025-03-26 00:07:19.861967
140937,Name_140937,user140937@example.com,customer,2023-12-26 05:28:59.861967
512461,Name_512461,user512461@example.com,customer,2025-05-08 10:08:35.861967
307937,Name_307937,user307937@example.com,customer,2023-09-06 05:03:56.861967
187821,Name_187821,user187821@example.com,merchant,2023-09-29 04:32:16.861967
736402,Name_736402,user736402@example.com,customer,2023-12-12 23:24:23.861967
781209,Name_781209,user781209@example.com,merchant,2025-02-09 04:23:08.861967
720230,Name_720230,user720230@example.com,merchant,2023-10-14 19:35:14.861967
912391,Name_912391,user912391@example.com,merchant,2024-08-12 18:42:31.861967
118675,Name_118675,user118675@example.com,customer,2024-01-30 00:22:05.861967
302361,Name_302361,user302361@example.com,customer,2024-05-10 10:04:56.861967
853594,Name_853594,user853594@example.com,customer,2025-03-27 03:52:52.861967
522606,Name_522606,user522606@example.com,customer,2024-03-26 12:44:23.861967
690831,Name_690831,user690831@example.com,customer,2025-01-05 20:52:39.861967
640867,Name_640867,user640867@example.com,customer,2025-03-30 12:29:38.861967
301108,Name_301108,user301108@example.com,customer,2025-06-27 02:19:27.861967
165878,Name_165878,user165878@example.com,customer,2024-01-15 17:39:49.861967
405144,Name_405144,user405144@example.com,customer,2024-10-03 09:58:40.861967
461301,Name_461301,user461301@example.com,merchant,2025-03-17 20:40:15.861967
490754,Name_490754,user490754@example.com,customer,2024-09-20 08:01:21.861967
908857,Name_908857,user908857@example.com,merchant,2024-07-07 23:26:33.861967
426751,Name_426751,user426751@example.com,customer,2025-07-07 16:07:29.861967
397949,Name_397949,user397949@example.com,customer,2024-08-18 13:45:01.861967
225295,Name_225295,user225295@example.com,merchant,2023-11-09 09:45:11.861967
664709,Name_664709,user664709@example.com,merchant,2025-01-28 04:00:15.861967
544683,Name_544683,user544683@example.com,customer,2023-10-03 19:21:27.861967
102475,Name_102475,user102475@example.com,customer,2025-03-04 01:20:40.861967
873824,Name_873824,user873824@example.com,customer,2025-01-23 13:34:19.861967
225284,Name_225284,user225284@example.com,merchant,2023-12-21 03:57:46.861967
733216,Name_733216,user733216@example.com,merchant,2024-05-28 07:51:42.861967
823236,Name_823236,user823236@example.com,customer,2025-04-22 17:09:51.861967
781546,Name_781546,user781546@example.com,customer,2024-11-14 14:07:09.861967
142237,Name_142237,user142237@example.com,merchant,2023-11-03 08:33:00.861967
435649,Name_435649,user435649@example.com,customer,2024-05-02 19:00:23.861967
647640,Name_647640,user647640@example.com,customer,2025-06-04 15:15:04.861967
750415,Name_750415,user750415@example.com,merchant,2024-02-09 15:18:59.861967
273148,Name_273148,user273148@example.com,customer,2023-10-29 15:05:06.861967
434982,Name_434982,user434982@example.com,customer,2025-05-18 21:10:00.861967
642667,Name_642667,user642667@example.com,customer,2025-06-28 21:16:37.861967
346901,Name_346901,user346901@example.com,merchant,2023-08-28 04:40:14.861967
340644,Name_340644,user340644@example.com,merchant,2024-04-03 10:26:54.861967
332361,Name_332361,user332361@example.com,customer,2025-02-16 12:10:15.861967
191947,Name_191947,user191947@example.com,customer,2023-11-02 13:39:00.861967
374452,Name_374452,user374452@example.com,customer,2024-04-02 20:31:37.861967
976203,Name_976203,user976203@example.com,customer,2024-08-19 17:18:42.861967
911575,Name_911575,user911575@example.com,merchant,2024-11-02 05:44:08.861967
120373,Name_120373,user120373@example.com,customer,2023-11-04 13:53:07.861967
627694,Name_627694,user627694@example.com,customer,2024-12-28 21:08:51.861967
285598,Name_285598,user285598@example.com,customer,2024-02-10 11:16:42.861967
845842,Name_845842,user845842@example.com,merchant,2023-09-07 01:21:10.861967
106146,Name_106146,user106146@example.com,merchant,2023-08-24 01:18:35.861967
184650,Name_184650,user184650@example.com,customer,2024-01-07 13:34:36.861967
127697,Name_127697,user127697@example.com,customer,2025-03-08 13:25:42.861967
741733,Name_741733,user741733@example.com,merchant,2024-09-22 22:21:21.861967
342503,Name_342503,user342503@example.com,merchant,2025-07-10 09:52:32.861967
796365,Name_796365,user796365@example.com,customer,2025-07-22 11:44:00.861967
523106,Name_523106,user523106@example.com,merchant,2024-09-01 09:38:07.861967
363598,Name_363598,user363598@example.com,merchant,2025-02-28 16:12:09.861967
726144,Name_726144,user726144@example.com,merchant,2024-11-04 10:10:08.861967
918710,Name_918710,user918710@example.com,merchant,2024-12-21 00:51:04.861967
957570,Name_957570,user957570@example.com,customer,2023-08-01 06:56:14.861967
695822,Name_695822,user695822@example.com,customer,2024-05-12 12:25:46.861967
749920,Name_749920,user749920@example.com,customer,2024-04-26 18:15:31.861967
875260,Name_875260,user875260@example.com,merchant,2024-02-07 07:48:32.861967
525664,Name_525664,user525664@example.com,merchant,2024-11-08 11:45:50.861967
638387,Name_638387,user638387@example.com,customer,2023-09-27 14:06:04.861967
459569,Name_459569,user459569@example.com,merchant,2024-11-11 02:38:47.861967
437427,Name_437427,user437427@example.com,customer,2025-02-02 13:17:20.861967
521681,Name_521681,user521681@example.com,merchant,2024-10-09 07:21:58.861967
790154,Name_790154,user790154@example.com,customer,2023-08-16 21:15:35.861967
532741,Name_532741,user532741@example.com,merchant,2024-10-28 10:43:11.861967
688573,Name_688573,user688573@example.com,merchant,2025-03-20 08:31:15.861967
941400,Name_941400,user941400@example.com,merchant,2024-04-23 14:53:16.861967
665978,Name_665978,user665978@example.com,merchant,2024-06-26 03:21:01.861967
219406,Name_219406,user219406@example.com,merchant,2024-05-07 08:06:18.861967
957297,Name_957297,user957297@example.com,merchant,2025-07-04 07:15:42.861967
211347,Name_211347,user211347@example.com,customer,2024-10-13 07:51:02.861967
693875,Name_693875,user693875@example.com,customer,2024-05-18 00:39:45.861967
841384,Name_841384,user841384@example.com,customer,2024-05-09 19:44:43.861967
482841,Name_482841,user482841@example.com,customer,2023-12-11 15:42:23.861967
273308,Name_273308,user273308@example.com,customer,2024-07-13 17:15:18.861967
423471,Name_423471,user423471@example.com,merchant,2023-09-18 08:18:29.861967
832368,Name_832368,user832368@example.com,customer,2024-11-10 11:40:22.861967
842595,Name_842595,user842595@example.com,merchant,2024-12-05 11:43:16.861967
110406,Name_110406,user110406@example.com,merchant,2025-04-17 15:35:37.861967
136888,Name_136888,user136888@example.com,customer,2025-02-07 21:16:48.861967
126546,Name_126546,user126546@example.com,merchant,2025-04-21 21:00:39.861967
866450,Name_866450,user866450@example.com,merchant,2023-09-06 13:05:03.861967
125280,Name_125280,user125280@example.com,merchant,2025-01-03 02:23:45.861967
510757,Name_510757,user510757@example.com,customer,2024-03-16 10:56:34.861967
284063,Name_284063,user284063@example.com,customer,2024-05-11 05:36:18.861967
278362,Name_278362,user278362@example.com,customer,2024-01-11 03:26:54.861967
862525,Name_862525,user862525@example.com,customer,2025-05-24 00:40:24.861967
440865,Name_440865,user440865@example.com,merchant,2025-01-06 23:53:06.861967
141729,Name_141729,user141729@example.com,merchant,2024-07-23 18:04:53.861967
220192,Name_220192,user220192@example.com,merchant,2024-03-08 06:30:32.861967
885202,Name_885202,user885202@example.com,merchant,2024-06-28 10:18:03.861967
538136,Name_538136,user538136@example.com,merchant,2023-11-16 02:37:36.861967
167072,Name_167072,user167072@example.com,merchant,2025-02-08 06:22:58.861967
994983,Name_994983,user994983@example.com,merchant,2023-10-13 21:12:35.861967
669175,Name_669175,user669175@example.com,merchant,2025-07-02 02:17:28.861967
392618,Name_392618,user392618@example.com,merchant,2024-10-26 03:00:04.861967
489089,Name_489089,user489089@example.com,customer,2024-08-20 08:07:08.861967
527742,Name_527742,user527742@example.com,merchant,2025-06-05 02:14:32.861967
890309,Name_890309,user890309@example.com,merchant,2024-01-29 13:25:28.861967
516875,Name_516875,user516875@example.com,customer,2025-05-14 09:32:33.861967
443269,Name_443269,user443269@example.com,customer,2025-05-07 18:41:15.861967
707848,Name_707848,user707848@example.com,customer,2025-04-02 00:26:33.861967
221412,Name_221412,user221412@example.com,customer,2024-05-04 15:57:04.861967
388002,Name_388002,user388002@example.com,customer,2024-08-28 09:44:47.861967
112765,Name_112765,user112765@example.com,merchant,2024-10-25 01:42:14.861967
343764,Name_343764,user343764@example.com,merchant,2024-02-14 05:53:07.861967
464060,Name_464060,user464060@example.com,merchant,2025-05-25 00:59:36.861967
910932,Name_910932,user910932@example.com,merchant,2024-08-11 04:31:55.861967
986803,Name_986803,user986803@example.com,merchant,2025-04-29 15:21:31.861967
357070,Name_357070,user357070@example.com,customer,2024-11-27 10:57:24.861967
823563,Name_823563,user823563@example.com,merchant,2023-12-06 05:08:50.861967
555576,Name_555576,user555576@example.com,customer,2024-04-08 22:37:12.861967
606263,Name_606263,user606263@example.com,customer,2024-11-24 11:53:02.861967
549427,Name_549427,user549427@example.com,customer,2023-11-22 21:59:10.861967
503012,Name_503012,user503012@example.com,merchant,2023-11-01 00:29:26.861967
781581,Name_781581,user781581@example.com,merchant,2025-03-26 15:54:15.861967
354993,Name_354993,user354993@example.com,customer,2023-12-21 06:34:16.861967
773663,Name_773663,user773663@example.com,merchant,2024-03-28 16:44:00.861967
899690,Name_899690,user899690@example.com,customer,2025-02-17 18:02:29.861967
183720,Name_183720,user183720@example.com,customer,2023-12-24 21:00:39.861967
646843,Name_646843,user646843@example.com,merchant,2025-02-12 10:54:53.861967
161769,Name_161769,user161769@example.com,customer,2024-12-05 02:16:16.861967
753483,Name_753483,user753483@example.com,customer,2023-12-24 11:02:32.861967
454854,Name_454854,user454854@example.com,customer,2024-07-17 08:39:57.861967
496323,Name_496323,user496323@example.com,customer,2025-06-15 01:04:16.861967
721692,Name_721692,user721692@example.com,customer,2024-08-09 14:12:53.861967
562418,Name_562418,user562418@example.com,merchant,2023-09-05 10:08:53.861967
166701,Name_166701,user166701@example.com,customer,2023-09-05 14:54:33.861967
919601,Name_919601,user919601@example.com,merchant,2024-05-10 19:19:17.861967
648138,Name_648138,user648138@example.com,customer,2024-12-30 09:09:18.861967
547839,Name_547839,user547839@example.com,merchant,2023-08-02 22:48:48.861967
332762,Name_332762,user332762@example.com,customer,2024-06-08 14:22:04.861967
304794,Name_304794,user304794@example.com,merchant,2024-11-02 00:54:58.861967
981087,Name_981087,user981087@example.com,merchant,2024-08-05 14:10:17.861967
246201,Name_246201,user246201@example.com,merchant,2024-09-27 00:10:27.861967
493092,Name_493092,user493092@example.com,customer,2023-11-28 08:17:37.861967
192453,Name_192453,user192453@example.com,customer,2024-07-08 18:18:17.861967
176521,Name_176521,user176521@example.com,merchant,2025-07-20 13:15:27.861967
381705,Name_381705,user381705@example.com,customer,2024-07-04 06:37:15.861967
968744,Name_968744,user968744@example.com,merchant,2025-05-19 17:20:17.861967
431096,Name_431096,user431096@example.com,merchant,2024-01-12 10:45:09.861967
731213,Name_731213,user731213@example.com,customer,2023-10-27 03:11:43.861967
394867,Name_394867,user394867@example.com,customer,2023-11-12 07:12:06.861967
724144,Name_724144,user724144@example.com,customer,2025-02-23 15:26:07.861967
839473,Name_839473,user839473@example.com,merchant,2023-08-14 22:59:35.861967
978433,Name_978433,user978433@example.com,customer,2025-03-20 14:00:04.861967
357833,Name_357833,user357833@example.com,merchant,2024-03-18 17:11:47.861967
178476,Name_178476,user178476@example.com,customer,2023-09-17 14:21:02.861967
265756,Name_265756,user265756@example.com,customer,2024-04-07 13:46:20.861967
921884,Name_921884,user921884@example.com,customer,2025-03-31 21:50:01.861967
623248,Name_623248,user623248@example.com,merchant,2024-03-10 23:26:18.861967
415959,Name_415959,user415959@example.com,merchant,2024-07-05 21:07:16.861967
328532,Name_328532,user328532@example.com,merchant,2025-05-13 07:41:53.861967
520198,Name_520198,user520198@example.com,merchant,2024-11-05 06:35:12.861967
771452,Name_771452,user771452@example.com,customer,2024-04-15 20:26:25.861967
370507,Name_370507,user370507@example.com,merchant,2024-03-02 10:33:13.861967
959182,Name_959182,user959182@example.com,customer,2024-05-27 15:11:43.861967
455782,Name_455782,user455782@example.com,customer,2023-08-04 09:58:52.861967
350032,Name_350032,user350032@example.com,merchant,2024-11-08 15:43:47.861967
638021,Name_638021,user638021@example.com,merchant,2025-07-14 20:23:14.861967
335732,Name_335732,user335732@example.com,merchant,2024-08-13 18:59:00.861967
681619,Name_681619,user681619@example.com,merchant,2025-01-25 22:38:57.861967
684170,Name_684170,user684170@example.com,customer,2023-08-02 07:46:16.861967
757216,Name_757216,user757216@example.com,customer,2023-09-20 11:10:13.861967
302426,Name_302426,user302426@example.com,merchant,2024-01-26 01:07:10.861967
193195,Name_193195,user193195@example.com,merchant,2025-04-10 07:38:43.861967
325640,Name_325640,user325640@example.com,customer,2024-03-22 05:50:54.861967
703269,Name_703269,user703269@example.com,merchant,2025-05-09 04:34:30.861967
445958,Name_445958,user445958@example.com,customer,2024-12-06 05:25:24.861967
750586,Name_750586,user750586@example.com,customer,2024-08-21 17:06:57.861967
742673,Name_742673,user742673@example.com,customer,2023-08-07 20:38:34.861967
542389,Name_542389,user542389@example.com,customer,2024-11-09 07:14:05.861967
766398,Name_766398,user766398@example.com,customer,2025-02-08 00:10:36.861967
246651,Name_246651,user246651@example.com,customer,2024-09-21 12:13:17.861967
847482,Name_847482,user847482@example.com,merchant,2024-04-24 21:15:27.861967
848469,Name_848469,user848469@example.com,customer,2023-08-23 04:45:33.861967
368754,Name_368754,user368754@example.com,merchant,2024-09-09 14:33:00.861967
225009,Name_225009,user225009@example.com,customer,2024-07-24 06:06:38.861967
942532,Name_942532,user942532@example.com,customer,2023-11-29 05:47:18.861967
560657,Name_560657,user560657@example.com,customer,2024-02-26 17:53:42.861967
882939,Name_882939,user882939@example.com,customer,2024-05-16 14:17:08.861967
960784,Name_960784,user960784@example.com,merchant,2024-03-08 19:19:55.861967
883545,Name_883545,user883545@example.com,customer,2025-05-13 01:27:18.861967
626883,Name_626883,user626883@example.com,merchant,2023-08-22 03:53:47.861967
239917,Name_239917,user239917@example.com,customer,2024-09-10 13:11:28.861967
376515,Name_376515,user376515@example.com,customer,2024-02-24 04:05:17.861967
984678,Name_984678,user984678@example.com,merchant,2024-12-31 07:54:16.861967
606888,Name_606888,user606888@example.com,merchant,2023-08-14 22:48:01.861967
794486,Name_794486,user794486@example.com,customer,2024-10-30 19:45:18.861967
859857,Name_859857,user859857@example.com,customer,2024-08-13 14:54:49.861967
145419,Name_145419,user145419@example.com,merchant,2025-03-01 10:36:07.861967
582393,Name_582393,user582393@example.com,merchant,2024-06-12 10:51:26.861967
608483,Name_608483,user608483@example.com,customer,2024-10-12 23:08:35.861967
270269,Name_270269,user270269@example.com,merchant,2023-11-25 20:26:46.861967
700634,Name_700634,user700634@example.com,customer,2024-06-11 03:45:21.861967
723573,Name_723573,user723573@example.com,customer,2023-10-30 07:29:51.861967
891092,Name_891092,user891092@example.com,customer,2025-03-24 12:53:51.861967
805775,Name_805775,user805775@example.com,customer,2025-05-26 04:24:44.861967
891930,Name_891930,user891930@example.com,merchant,2024-02-19 03:53:04.861967
373069,Name_373069,user373069@example.com,merchant,2024-08-31 00:00:32.861967
142537,Name_142537,user142537@example.com,customer,2025-06-17 08:41:41.861967
715531,Name_715531,user715531@example.com,merchant,2023-10-08 06:42:33.861967
539820,Name_539820,user539820@example.com,merchant,2024-04-19 10:16:07.861967
960168,Name_960168,user960168@example.com,customer,2024-08-06 19:57:03.861967
901983,Name_901983,user901983@example.com,merchant,2023-09-29 09:25:04.861967
243838,Name_243838,user243838@example.com,customer,2024-10-25 02:10:59.861967
858198,Name_858198,user858198@example.com,merchant,2025-05-02 22:41:16.861967
332057,Name_332057,user332057@example.com,merchant,2024-03-24 00:54:40.861967
359108,Name_359108,user359108@example.com,merchant,2023-11-02 22:03:26.861967
806515,Name_806515,user806515@example.com,customer,2024-01-19 22:30:08.861967
442950,Name_442950,user442950@example.com,customer,2024-12-09 13:07:38.861967
310181,Name_310181,user310181@example.com,customer,2024-12-23 08:59:09.861967
982329,Name_982329,user982329@example.com,merchant,2023-08-03 04:52:10.861967
772288,Name_772288,user772288@example.com,merchant,2024-07-22 23:01:14.861967
197599,Name_197599,user197599@example.com,merchant,2024-10-30 21:10:46.861967
594403,Name_594403,user594403@example.com,merchant,2023-09-09 23:41:11.861967
958338,Name_958338,user958338@example.com,merchant,2024-06-07 20:02:48.861967
304849,Name_304849,user304849@example.com,merchant,2024-05-26 06:24:32.861967
332189,Name_332189,user332189@example.com,merchant,2023-10-14 00:01:23.861967
959122,Name_959122,user959122@example.com,merchant,2025-02-07 15:33:47.861967
524726,Name_524726,user524726@example.com,customer,2024-05-28 14:16:44.861967
217105,Name_217105,user217105@example.com,merchant,2024-07-18 01:03:09.861967
466940,Name_466940,user466940@example.com,merchant,2024-03-08 07:02:01.861967
286919,Name_286919,user286919@example.com,merchant,2024-03-11 15:53:59.861967
464366,Name_464366,user464366@example.com,customer,2025-06-26 05:18:24.861967
866257,Name_866257,user866257@example.com,merchant,2023-11-24 10:13:28.861967
918807,Name_918807,user918807@example.com,customer,2024-02-28 06:13:07.861967
702347,Name_702347,user702347@example.com,customer,2024-10-25 05:39:04.861967
329091,Name_329091,user329091@example.com,merchant,2024-02-06 09:02:36.861967
718191,Name_718191,user718191@example.com,merchant,2024-11-22 14:57:13.861967
563052,Name_563052,user563052@example.com,merchant,2024-03-25 16:30:30.861967
169397,Name_169397,user169397@example.com,merchant,2024-11-23 19:32:02.861967
539725,Name_539725,user539725@example.com,merchant,2025-07-03 22:12:02.861967
628668,Name_628668,user628668@example.com,customer,2024-01-20 10:44:25.861967
304850,Name_304850,user304850@example.com,customer,2024-10-08 00:47:56.861967
716509,Name_716509,user716509@example.com,merchant,2023-11-15 09:42:28.861967
620456,Name_620456,user620456@example.com,customer,2023-11-26 08:51:26.861967
968810,Name_968810,user968810@example.com,customer,2024-04-24 16:45:22.861967
880473,Name_880473,user880473@example.com,merchant,2025-07-05 23:15:55.861967
498067,Name_498067,user498067@example.com,customer,2023-12-25 19:53:35.861967
898189,Name_898189,user898189@example.com,merchant,2024-12-03 23:28:01.861967
223412,Name_223412,user223412@example.com,customer,2023-10-12 23:32:19.861967
545952,Name_545952,user545952@example.com,merchant,2025-05-06 19:48:09.861967
199234,Name_199234,user199234@example.com,customer,2025-06-30 12:29:15.861967
363227,Name_363227,user363227@example.com,customer,2024-12-21 15:36:22.861967
894429,Name_894429,user894429@example.com,customer,2025-03-20 03:53:57.861967
597505,Name_597505,user597505@example.com,merchant,2023-07-31 19:25:51.861967
924543,Name_924543,user924543@example.com,merchant,2024-09-10 03:57:38.861967
927372,Name_927372,user927372@example.com,customer,2023-10-25 21:51:29.861967
346238,Name_346238,user346238@example.com,merchant,2025-01-05 02:43:17.861967
531175,Name_531175,user531175@example.com,merchant,2024-06-05 06:50:36.861967
633917,Name_633917,user633917@example.com,customer,2023-09-09 00:41:36.861967
573360,Name_573360,user573360@example.com,merchant,2025-06-30 02:46:32.861967
102023,Name_102023,user102023@example.com,merchant,2025-02-22 06:55:30.861967
630171,Name_630171,user630171@example.com,customer,2025-04-27 16:06:49.861967
215883,Name_215883,user215883@example.com,merchant,2024-01-12 00:44:52.861967
211282,Name_211282,user211282@example.com,merchant,2023-12-22 22:33:41.861967
938941,Name_938941,user938941@example.com,merchant,2024-07-11 13:16:25.861967
145270,Name_145270,user145270@example.com,customer,2024-01-15 18:19:08.861967
923809,Name_923809,user923809@example.com,merchant,2024-07-12 20:43:41.861967
351676,Name_351676,user351676@example.com,customer,2024-07-22 19:04:58.861967
309143,Name_309143,user309143@example.com,merchant,2024-10-14 01:58:36.861967
278450,Name_278450,user278450@example.com,customer,2023-12-02 11:35:16.861967
716300,Name_716300,user716300@example.com,merchant,2024-08-01 13:14:57.861967
545759,Name_545759,user545759@example.com,merchant,2023-09-09 03:55:09.861967
120400,Name_120400,user120400@example.com,customer,2025-05-05 10:47:29.861967
730556,Name_730556,user730556@example.com,customer,2024-03-28 11:55:03.861967
945168,Name_945168,user945168@example.com,customer,2024-04-01 02:06:03.861967
943393,Name_943393,user943393@example.com,merchant,2023-11-29 13:44:15.861967
510987,Name_510987,user510987@example.com,customer,2024-04-11 17:33:13.861967
113126,Name_113126,user113126@example.com,merchant,2024-07-26 23:41:41.861967
992416,Name_992416,user992416@example.com,customer,2025-05-31 10:48:21.861967
550379,Name_550379,user550379@example.com,customer,2024-05-23 22:42:48.861967
106403,Name_106403,user106403@example.com,merchant,2024-01-21 06:30:23.861967
425661,Name_425661,user425661@example.com,merchant,2024-03-22 15:45:00.861967
142347,Name_142347,user142347@example.com,customer,2023-11-11 23:09:19.861967
966334,Name_966334,user966334@example.com,customer,2023-12-09 18:09:15.861967
517213,Name_517213,user517213@example.com,customer,2024-10-06 19:56:21.861967
712216,Name_712216,user712216@example.com,customer,2023-12-03 01:04:38.861967
865307,Name_865307,user865307@example.com,customer,2024-07-30 06:03:45.861967
107171,Name_107171,user107171@example.com,customer,2023-11-18 20:14:41.861967
206328,Name_206328,user206328@example.com,customer,2023-11-08 07:49:31.861967
327694,Name_327694,user327694@example.com,merchant,2025-01-04 22:55:50.861967
137895,Name_137895,user137895@example.com,customer,2023-11-15 10:34:00.861967
950421,Name_950421,user950421@example.com,customer,2023-09-26 21:29:56.861967
681576,Name_681576,user681576@example.com,customer,2024-04-20 11:25:35.861967
860481,Name_860481,user860481@example.com,customer,2025-03-16 21:59:28.861967
565165,Name_565165,user565165@example.com,merchant,2024-06-26 16:55:40.861967
809235,Name_809235,user809235@example.com,customer,2023-09-12 06:26:40.861967
859253,Name_859253,user859253@example.com,merchant,2024-11-28 09:43:49.861967
631998,Name_631998,user631998@example.com,customer,2024-03-03 23:37:56.861967
326547,Name_326547,user326547@example.com,customer,2023-12-19 08:58:00.861967
423125,Name_423125,user423125@example.com,merchant,2024-01-23 10:56:34.861967
724414,Name_724414,user724414@example.com,merchant,2023-10-15 18:47:01.861967
679337,Name_679337,user679337@example.com,merchant,2025-03-14 21:29:12.861967
185131,Name_185131,user185131@example.com,customer,2024-04-24 14:02:07.861967
492774,Name_492774,user492774@example.com,merchant,2024-11-29 18:48:35.861967
725418,Name_725418,user725418@example.com,customer,2025-02-16 07:24:59.861967
573022,Name_573022,user573022@example.com,merchant,2024-10-10 16:08:37.861967
467418,Name_467418,user467418@example.com,customer,2025-01-26 00:33:47.861967
660209,Name_660209,user660209@example.com,customer,2024-05-06 06:53:42.861967
616728,Name_616728,user616728@example.com,merchant,2025-03-04 06:08:18.861967
231918,Name_231918,user231918@example.com,customer,2024-09-05 18:45:16.861967
656919,Name_656919,user656919@example.com,customer,2024-09-27 23:06:51.861967
831142,Name_831142,user831142@example.com,customer,2025-05-18 13:48:32.861967
781385,Name_781385,user781385@example.com,merchant,2023-09-03 19:08:12.861967
101688,Name_101688,user101688@example.com,customer,2025-01-07 23:36:04.861967
489801,Name_489801,user489801@example.com,merchant,2023-12-18 03:04:31.861967
733490,Name_733490,user733490@example.com,merchant,2024-12-06 00:07:23.861967
886180,Name_886180,user886180@example.com,merchant,2024-08-16 11:58:01.861967
215714,Name_215714,user215714@example.com,merchant,2023-09-12 01:45:13.861967
731612,Name_731612,user731612@example.com,merchant,2024-09-16 19:48:21.861967
350668,Name_350668,user350668@example.com,merchant,2025-06-05 12:07:16.861967
278072,Name_278072,user278072@example.com,merchant,2024-10-04 21:38:17.861967
267090,Name_267090,user267090@example.com,merchant,2024-02-06 21:32:15.861967
839134,Name_839134,user839134@example.com,customer,2024-11-24 09:37:08.861967
921341,Name_921341,user921341@example.com,merchant,2024-09-19 15:37:07.861967
186222,Name_186222,user186222@example.com,merchant,2024-05-06 19:45:25.861967
102106,Name_102106,user102106@example.com,merchant,2023-09-27 16:19:51.861967
263426,Name_263426,user263426@example.com,customer,2024-07-25 06:19:14.861967
312414,Name_312414,user312414@example.com,merchant,2024-08-18 20:01:03.861967
812713,Name_812713,user812713@example.com,merchant,2023-10-23 08:47:46.861967
362339,Name_362339,user362339@example.com,merchant,2025-01-18 02:32:24.861967
342889,Name_342889,user342889@example.com,customer,2024-12-25 20:19:21.861967
748756,Name_748756,user748756@example.com,merchant,2023-09-10 05:55:38.861967
738327,Name_738327,user738327@example.com,merchant,2025-05-22 08:15:43.861967
991109,Name_991109,user991109@example.com,merchant,2025-01-10 02:57:17.861967
975413,Name_975413,user975413@example.com,merchant,2025-07-13 13:17:25.861967
783804,Name_783804,user783804@example.com,customer,2025-06-16 12:03:09.861967
130676,Name_130676,user130676@example.com,merchant,2024-12-31 21:46:52.861967
932942,Name_932942,user932942@example.com,customer,2023-10-23 17:53:58.861967
703047,Name_703047,user703047@example.com,customer,2025-03-03 04:31:41.861967
599038,Name_599038,user599038@example.com,merchant,2024-01-27 10:47:24.861967
918904,Name_918904,user918904@example.com,customer,2024-04-01 16:17:30.861967
313071,Name_313071,user313071@example.com,merchant,2024-06-25 16:30:24.861967
882208,Name_882208,user882208@example.com,customer,2025-03-22 21:22:47.861967
206043,Name_206043,user206043@example.com,merchant,2024-09-14 03:20:36.861967
870797,Name_870797,user870797@example.com,customer,2024-10-17 14:04:50.861967
534660,Name_534660,user534660@example.com,merchant,2025-05-12 08:39:05.861967
650695,Name_650695,user650695@example.com,merchant,2024-03-29 16:08:07.861967
829002,Name_829002,user829002@example.com,merchant,2024-05-21 16:14:44.861967
464362,Name_464362,user464362@example.com,customer,2024-05-23 22:44:52.861967
110773,Name_110773,user110773@example.com,merchant,2024-09-17 23:44:37.861967
985973,Name_985973,user985973@example.com,merchant,2024-03-27 23:04:21.861967
965973,Name_965973,user965973@example.com,customer,2023-09-01 22:33:18.861967
844547,Name_844547,user844547@example.com,customer,2025-07-13 22:00:52.861967
278745,Name_278745,user278745@example.com,customer,2024-11-27 22:28:45.861967
304408,Name_304408,user304408@example.com,merchant,2025-01-14 20:48:04.861967
389547,Name_389547,user389547@example.com,merchant,2024-08-07 00:36:33.861967
109347,Name_109347,user109347@example.com,merchant,2025-05-19 03:38:32.861967
907196,Name_907196,user907196@example.com,merchant,2025-02-22 11:48:36.861967
969466,Name_969466,user969466@example.com,merchant,2024-06-17 13:58:49.861967
991288,Name_991288,user991288@example.com,merchant,2024-06-17 05:20:28.861967
321588,Name_321588,user321588@example.com,merchant,2024-01-06 02:37:14.861967
487532,Name_487532,user487532@example.com,merchant,2023-12-03 07:01:59.861967
413424,Name_413424,user413424@example.com,merchant,2025-01-05 10:44:27.861967
568764,Name_568764,user568764@example.com,customer,2025-07-19 06:47:43.861967
177411,Name_177411,user177411@example.com,merchant,2025-01-04 15:01:58.861967
192141,Name_192141,user192141@example.com,customer,2024-11-14 09:25:29.861967
857288,Name_857288,user857288@example.com,customer,2023-11-17 14:33:20.861967
405344,Name_405344,user405344@example.com,customer,2024-12-08 17:01:44.861967
394899,Name_394899,user394899@example.com,customer,2024-11-27 05:29:38.861967
617300,Name_617300,user617300@example.com,customer,2024-06-11 00:33:44.861967
533753,Name_533753,user533753@example.com,customer,2024-10-10 16:33:33.861967
204417,Name_204417,user204417@example.com,customer,2024-12-12 08:07:30.861967
813261,Name_813261,user813261@example.com,merchant,2024-01-22 15:29:51.861967
974651,Name_974651,user974651@example.com,merchant,2024-07-30 14:31:14.861967
183571,Name_183571,user183571@example.com,customer,2024-03-24 20:49:22.861967
717805,Name_717805,user717805@example.com,merchant,2025-03-30 21:29:55.861967
346636,Name_346636,user346636@example.com,merchant,2024-05-05 11:35:56.861967
449192,Name_449192,user449192@example.com,customer,2024-08-06 10:15:46.861967
258311,Name_258311,user258311@example.com,merchant,2024-12-13 22:52:59.861967
768390,Name_768390,user768390@example.com,customer,2025-06-22 10:13:20.861967
918901,Name_918901,user918901@example.com,merchant,2025-05-01 11:39:45.861967
496915,Name_496915,user496915@example.com,merchant,2024-06-08 16:07:19.861967
802344,Name_802344,user802344@example.com,customer,2024-03-28 22:43:38.861967
662879,Name_662879,user662879@example.com,merchant,2024-11-07 01:38:52.861967
576134,Name_576134,user576134@example.com,customer,2024-08-16 02:54:52.861967
273042,Name_273042,user273042@example.com,merchant,2024-06-28 01:47:39.861967
618056,Name_618056,user618056@example.com,merchant,2024-10-23 15:37:59.861967
544582,Name_544582,user544582@example.com,customer,2024-04-26 15:22:27.861967
912442,Name_912442,user912442@example.com,customer,2023-12-20 15:05:19.861967
279414,Name_279414,user279414@example.com,customer,2024-07-23 21:22:46.861967
528226,Name_528226,user528226@example.com,merchant,2025-07-23 19:39:08.861967
245284,Name_245284,user245284@example.com,customer,2023-12-10 20:06:43.861967
218381,Name_218381,user218381@example.com,merchant,2024-08-08 14:12:33.861967
770348,Name_770348,user770348@example.com,customer,2024-03-05 20:55:17.861967
861689,Name_861689,user861689@example.com,customer,2024-02-15 20:52:38.861967
262641,Name_262641,user262641@example.com,merchant,2023-10-23 22:15:48.861967
222328,Name_222328,user222328@example.com,customer,2025-07-08 21:35:32.861967
985037,Name_985037,user985037@example.com,merchant,2024-08-29 21:08:34.861967
654523,Name_654523,user654523@example.com,customer,2024-08-11 06:31:47.861967
510893,Name_510893,user510893@example.com,merchant,2025-04-16 13:57:39.861967
132874,Name_132874,user132874@example.com,customer,2024-08-30 08:00:28.861967
481010,Name_481010,user481010@example.com,customer,2025-06-23 12:24:23.861967
434764,Name_434764,user434764@example.com,merchant,2024-02-05 05:54:15.861967
843873,Name_843873,user843873@example.com,merchant,2024-07-08 01:29:26.861967
408448,Name_408448,user408448@example.com,merchant,2025-06-08 11:03:27.861967
545031,Name_545031,user545031@example.com,customer,2024-12-07 10:05:12.861967
553059,Name_553059,user553059@example.com,merchant,2023-12-20 11:01:31.861967
339643,Name_339643,user339643@example.com,customer,2025-03-15 09:41:48.861967
977008,Name_977008,user977008@example.com,customer,2024-12-31 23:45:30.861967
266813,Name_266813,user266813@example.com,merchant,2025-06-07 11:35:07.861967
531554,Name_531554,user531554@example.com,merchant,2024-08-14 02:33:17.861967
846270,Name_846270,user846270@example.com,merchant,2024-12-07 14:56:03.861967
792623,Name_792623,user792623@example.com,customer,2024-03-12 00:56:04.861967
939566,Name_939566,user939566@example.com,merchant,2024-09-30 12:25:32.861967
267355,Name_267355,user267355@example.com,customer,2024-09-20 19:10:52.861967
194595,Name_194595,user194595@example.com,customer,2023-08-04 06:41:59.861967
251434,Name_251434,user251434@example.com,merchant,2025-06-12 06:37:18.861967
266711,Name_266711,user266711@example.com,merchant,2024-09-08 13:03:54.861967
785346,Name_785346,user785346@example.com,merchant,2025-01-16 16:29:46.861967
298585,Name_298585,user298585@example.com,customer,2025-03-18 12:42:35.861967
447566,Name_447566,user447566@example.com,merchant,2023-10-22 14:10:18.861967
454569,Name_454569,user454569@example.com,customer,2025-04-05 17:00:11.861967
791592,Name_791592,user791592@example.com,customer,2024-09-03 22:27:36.861967
865712,Name_865712,user865712@example.com,merchant,2024-04-30 22:42:37.861967
152017,Name_152017,user152017@example.com,customer,2025-01-20 04:40:07.861967
607556,Name_607556,user607556@example.com,merchant,2025-05-02 21:00:51.861967
855845,Name_855845,user855845@example.com,customer,2024-03-31 02:05:43.861967
106059,Name_106059,user106059@example.com,merchant,2024-02-05 06:48:01.861967
553606,Name_553606,user553606@example.com,customer,2024-08-16 13:53:27.861967
149433,Name_149433,user149433@example.com,merchant,2024-05-04 16:42:38.861967
150555,Name_150555,user150555@example.com,customer,2023-10-22 11:00:12.861967
369304,Name_369304,user369304@example.com,customer,2025-07-02 12:43:49.861967
531846,Name_531846,user531846@example.com,customer,2025-06-08 23:27:22.861967
276171,Name_276171,user276171@example.com,customer,2023-09-18 05:23:09.861967
492493,Name_492493,user492493@example.com,customer,2023-08-25 02:49:34.861967
549361,Name_549361,user549361@example.com,customer,2025-07-07 23:52:17.861967
596587,Name_596587,user596587@example.com,merchant,2023-07-30 04:52:47.861967
737012,Name_737012,user737012@example.com,customer,2025-06-09 14:21:32.861967
854133,Name_854133,user854133@example.com,merchant,2023-12-21 09:23:35.861967
742541,Name_742541,user742541@example.com,customer,2024-12-08 16:15:12.861967
440795,Name_440795,user440795@example.com,merchant,2024-12-10 22:30:37.861967
784246,Name_784246,user784246@example.com,customer,2023-09-06 20:42:23.861967
756916,Name_756916,user756916@example.com,customer,2025-01-08 09:14:45.861967
385804,Name_385804,user385804@example.com,customer,2025-07-08 13:07:17.861967
767655,Name_767655,user767655@example.com,merchant,2023-08-10 01:38:21.861967
481874,Name_481874,user481874@example.com,merchant,2024-03-16 15:52:38.861967
918605,Name_918605,user918605@example.com,customer,2023-12-17 12:23:35.861967
255538,Name_255538,user255538@example.com,merchant,2024-04-09 11:42:38.861967
764417,Name_764417,user764417@example.com,customer,2024-03-21 16:57:29.861967
270886,Name_270886,user270886@example.com,customer,2025-06-07 17:08:08.861967
508476,Name_508476,user508476@example.com,merchant,2025-02-06 20:37:39.861967
385089,Name_385089,user385089@example.com,merchant,2025-02-19 07:50:08.861967
289061,Name_289061,user289061@example.com,customer,2023-09-12 07:05:02.861967
465595,Name_465595,user465595@example.com,merchant,2024-03-31 14:05:31.861967
951149,Name_951149,user951149@example.com,merchant,2024-08-16 14:13:28.861967
478894,Name_478894,user478894@example.com,merchant,2025-04-27 00:15:00.861967
896180,Name_896180,user896180@example.com,customer,2025-02-21 09:18:13.861967
609870,Name_609870,user609870@example.com,merchant,2024-01-20 03:26:05.861967
267626,Name_267626,user267626@example.com,merchant,2025-02-04 22:32:18.861967
778853,Name_778853,user778853@example.com,customer,2023-09-06 15:46:41.861967
957476,Name_957476,user957476@example.com,customer,2024-12-25 02:40:31.861967
409228,Name_409228,user409228@example.com,merchant,2024-01-21 01:49:26.861967
666258,Name_666258,user666258@example.com,customer,2024-05-15 14:08:32.861967
756144,Name_756144,user756144@example.com,customer,2024-01-17 23:34:55.861967
127073,Name_127073,user127073@example.com,merchant,2023-08-27 06:41:17.861967
869221,Name_869221,user869221@example.com,merchant,2023-11-14 04:04:27.861967
156059,Name_156059,user156059@example.com,customer,2024-03-18 23:11:00.861967
194184,Name_194184,user194184@example.com,merchant,2024-12-11 21:24:10.861967
800558,Name_800558,user800558@example.com,customer,2023-10-07 00:31:02.861967
237268,Name_237268,user237268@example.com,merchant,2025-01-22 06:21:04.861967
289311,Name_289311,user289311@example.com,merchant,2024-11-21 13:51:59.861967
353168,Name_353168,user353168@example.com,customer,2024-03-12 13:29:47.861967
642047,Name_642047,user642047@example.com,merchant,2024-09-07 15:34:25.861967
210200,Name_210200,user210200@example.com,customer,2024-03-13 03:33:14.861967
124876,Name_124876,user124876@example.com,customer,2024-06-02 10:51:36.861967
294470,Name_294470,user294470@example.com,customer,2025-03-15 01:35:14.861967
233335,Name_233335,user233335@example.com,merchant,2025-04-23 06:21:33.861967
874299,Name_874299,user874299@example.com,customer,2024-04-11 02:49:07.861967
589266,Name_589266,user589266@example.com,merchant,2025-06-08 16:07:33.861967
663869,Name_663869,user663869@example.com,customer,2023-07-31 12:23:39.861967
173743,Name_173743,user173743@example.com,customer,2024-09-14 05:20:20.861967
627699,Name_627699,user627699@example.com,customer,2025-05-24 06:15:37.861967
259486,Name_259486,user259486@example.com,merchant,2024-05-27 18:07:53.861967
912674,Name_912674,user912674@example.com,customer,2024-06-24 19:42:29.861967
142263,Name_142263,user142263@example.com,merchant,2024-01-27 11:24:03.861967
920879,Name_920879,user920879@example.com,customer,2024-11-05 14:24:15.861967
215560,Name_215560,user215560@example.com,customer,2025-03-21 11:34:28.861967
846102,Name_846102,user846102@example.com,customer,2024-04-04 02:58:04.861967
933473,Name_933473,user933473@example.com,customer,2023-08-24 07:27:45.861967
126133,Name_126133,user126133@example.com,merchant,2024-01-10 09:17:49.861967
